# https://github.com/mikedh/trimesh
v 1.61679935 -1.00743745 -0.06513718
v 0.89069454 0.21182559 0.17162373
v 0.90998367 0.15957748 0.13952091
v 1.12336090 -0.31420294 0.16451423
v 1.14053155 -0.37156757 0.17394051
v 0.74850063 -0.67376535 0.70229356
v 0.74898873 -0.66424823 0.70180568
v 0.74850063 -0.71622633 0.70741820
v 0.74801253 -0.71695849 0.70863846
v 0.74998663 -0.79029359 0.71673619
v 0.80103392 -1.10681433 0.64719321
v 0.20314485 0.25139835 0.70510033
v 0.20772280 -0.06435218 0.81361961
v 0.30659732 -0.06244725 0.81797530
v 0.21062195 -0.00014573 0.81740541
v 0.18986144 -0.09944580 0.81929605
v 0.20217482 -0.47877576 0.88169023
v 0.06668335 0.05319747 0.78770384
v -0.07266570 0.05947170 0.80921622
v -0.02252865 -0.14759627 0.83923440
v 0.00957023 -0.15716502 0.84201991
v 0.01998600 -0.12593110 0.83045803
v 0.02136758 -0.14690770 0.84160027
v -0.02337898 -0.12575694 0.84309579
v -0.00599576 -0.11445109 0.83015526
v -0.01097691 -0.15553208 0.84915981
v -0.09660245 -0.23255484 0.86657758
v 0.05948223 -0.16380574 0.85104540
v -0.09799829 -0.22438121 0.87927980
v -0.10535823 -0.24839822 0.90040319
v -0.10006323 -0.14214138 0.85072196
v 0.09148204 -0.04496411 0.82648245
v -0.07006051 -0.23630194 0.89317497
v 0.09652248 -0.23152026 0.87006722
v -0.12700423 -0.16566300 0.87925642
v -0.10157421 -0.07028403 0.83135548
v 0.02734205 -0.03737539 0.82305011
v 0.08975059 -0.23012435 0.89229602
v -0.10279879 -0.25006044 0.90328920
v -0.36996564 -0.10204347 0.81572180
v -0.21595165 -0.06260861 0.82783776
v -0.35222073 -0.16903732 0.84003858
v -0.34864772 -0.16679655 0.82507996
v -0.32495273 -0.13944148 0.84008952
v -0.29297209 -0.14282498 0.82664370
v -0.31864121 -0.22316495 0.83747582
v -0.30590593 -0.23225622 0.83093075
v -0.27323321 -0.24762674 0.84813600
v -0.29342122 -0.26494407 0.85139549
v -0.26284755 -0.21864302 0.84255910
v 0.12777197 -1.25683991 0.85010508
v 0.14724296 -1.26183607 0.84846028
v 0.12338201 -1.15831482 0.88175106
v 0.15346148 -1.20711779 0.86629091
v 0.15327891 -1.14163107 0.88484010
v -0.14688234 -1.25992448 0.84949273
v -0.14639823 -1.26782027 0.91175069
v -0.12745530 -1.14061228 0.88460804
v -0.12554529 -1.25564216 0.85280310
v -0.90411296 0.48402799 0.03129559
v -0.85891904 0.30308320 0.19007659
v -0.86038323 0.30235126 0.18983254
v -0.87453689 0.25744977 0.18739224
v -0.75665662 -0.56315055 0.68692863
v -0.82530564 -1.17032165 0.60723105
v -1.09751944 -0.18250811 0.03715368
v -1.09750280 -0.17297383 0.04574800
v -0.93653252 0.13044483 0.09792505
v -0.94492139 0.12175607 0.08045009
v -1.15106540 -1.21088352 -0.08188604
v -1.07305499 -1.34453869 -0.13967711
v -1.18574581 -1.10518745 0.04954643
v -1.15867550 -1.17495592 -0.19462237
v -1.05492018 -1.35899942 -0.18013622
v -1.12602679 -1.26045812 -0.03208905
v -1.05489057 -1.35685450 -0.13650736
v -1.05766986 -1.35819354 -0.08902493
v -1.05633856 -1.36168326 -0.13375011
v -1.05609462 -1.36290352 -0.13448215
v -1.18951001 -1.10292324 -0.04487300
v -1.05658261 -1.36290352 -0.11984039
v -1.12266224 -1.25229577 -0.21692257
v -1.09885261 -1.30924843 -0.09728100
v -1.13771331 -1.21309404 -0.24753512
v -1.15052226 -1.20228220 0.03990333
v -1.12664746 -1.24782040 0.05645784
v -1.06480538 -1.35615244 -0.04226075
v -1.05778838 -1.35352630 -0.22640222
v -1.17946085 -1.12650764 -0.16479724
v -1.01347812 -1.41917920 -0.21408061
v -1.04323332 -1.35712138 -0.27009547
v -1.20143208 -1.05031175 -0.15529794
v -1.20892806 -1.02913976 -0.03596531
v -1.05045473 -1.35786297 -0.21261422
v -1.08231349 -1.32602207 0.04065102
v -1.05775306 -1.36257783 -0.03624985
v -1.06551437 -1.33974377 -0.25432503
v -1.05080341 -1.35733614 0.04921534
v -1.05412013 -1.36793648 -0.12552379
v -1.09439370 -1.26322640 -0.36017370
v -1.11924681 -1.22263544 -0.32735540
v -1.06430300 -1.34999768 0.03554964
v -1.17659547 -1.10213022 -0.26296907
v -1.17993541 -1.07370297 -0.28747968
v -1.20337668 -1.00274805 0.10789150
v -1.04661901 -1.36173557 0.08340446
v -1.05565299 -1.35836319 0.00713718
v -1.04328260 -1.36163109 -0.26415209
v -1.09547066 -1.25377434 -0.36391392
v -1.20289133 -1.04447282 0.03506121
v -1.03880434 -1.35692882 0.13215824
v -1.01865419 -1.42302314 -0.09083362
v -0.94814373 -1.49916482 -0.25196515
v -1.03562109 -1.34486734 -0.37099386
v -1.11378131 -1.25100381 0.13364534
v -1.04874130 -1.35711320 0.09026388
v -1.03620148 -1.35727996 -0.31359083
v -0.96369162 -1.49386915 -0.15452213
v -0.99199914 -1.42774073 -0.30616089
v -1.12777089 -1.17196107 -0.38278372
v -1.07804867 -1.31283056 0.12826488
v -1.01280059 -1.42852500 -0.02341076
v -0.96312488 -1.49827556 -0.05272986
v -1.01715560 -1.35228557 -0.38109139
v -1.16560323 -1.11657124 0.15425105
v -0.91685313 -1.51099456 -0.34480717
v -1.02513062 -1.35472247 -0.35865988
v -1.15434960 -1.11539453 -0.35207137
v -1.20198787 -0.99852061 -0.26824384
v -0.98082689 -1.47418165 -0.12001350
v -1.03200451 -1.35679886 -0.32717342
v -1.19251570 -0.96615061 -0.33729063
v -1.03974434 -1.36093473 0.12490730
v -0.87291114 -1.58859335 -0.23441081
v -1.09341552 -1.24305780 -0.39361196
v -1.09185528 -1.21848213 -0.42818417
v -1.18341853 -1.03925786 -0.31700403
v -1.20857029 -0.95699511 -0.26111997
v -1.22215042 -0.91853050 -0.16093534
v -1.22577680 -0.91118985 -0.11689309
v -1.22301651 -0.94416959 -0.00227502
v -1.12947841 -1.21054517 0.15625183
v -1.01413250 -1.37331730 -0.36320484
v -1.16659648 -1.05449607 0.22249314
v -1.11722512 -1.19660402 0.22373936
v -1.03014623 -1.35588142 0.17175702
v -1.16087590 -1.07352321 -0.37452134
v -1.21927198 -0.93281863 0.07000251
v -1.13552239 -1.13983716 0.23807426
v -1.03702735 -1.35165775 0.19214316
v -1.02022251 -1.39177058 0.12803920
v -1.18287796 -0.97568195 -0.36865419
v -1.21586396 -0.96670736 -0.18972002
v -1.22796436 -0.85809494 0.00964177
v -1.03418587 -1.36055748 0.15287851
v -0.93160298 -1.53426908 -0.15494663
v -1.00154090 -1.34711981 -0.45382061
v -1.05546346 -1.26161064 0.30916199
v -1.02899828 -1.35973289 0.17540677
v -0.91522151 -1.49115024 -0.39905799
v -1.01104388 -1.35188604 -0.40782606
v -1.05216450 -1.28478819 -0.44099709
v -1.20150112 -0.94592114 0.16919789
v -0.98187126 -1.46120275 0.07100220
v -0.86181314 -1.58619955 -0.29378388
v -0.99511333 -1.34603936 -0.45093600
v -1.08157215 -1.18727798 -0.48540793
v -0.89278114 -1.57756856 -0.14979490
v -0.93500965 -1.45353253 -0.42664086
v -1.06229838 -1.24888790 -0.47058210
v -1.16967913 -1.00652666 -0.39708075
v -1.22257584 -0.89481958 -0.18709975
v -1.12451234 -1.11384746 0.29348368
v -0.98501133 -1.37795223 -0.43734836
v -0.98288591 -1.34069682 -0.48222368
v -1.19789522 -0.92366290 -0.34055743
v -1.22108954 -0.87611589 -0.21071293
v -1.18521518 -1.00407213 0.19828774
v -1.08363593 -1.24309234 0.26259594
v -1.02093568 -1.35422911 0.20552357
v -0.94236340 -1.51848409 0.01489605
v -0.82429934 -1.60500750 -0.35376323
v -0.86230579 -1.57377828 -0.34057031
v -0.98264186 -1.34069682 -0.48222368
v -0.98312996 -1.34240496 -0.48393187
v -1.04734419 -1.23860529 -0.51496968
v -1.17513957 -0.95292941 -0.40460645
v -1.23002667 -0.85648195 -0.04597100
v -1.22796210 -0.80147898 -0.01878979
v -1.02019493 -1.34993434 0.24607581
v -0.84129845 -1.62483342 -0.17473353
v -0.98373310 -1.34097797 -0.48234440
v -0.98313340 -1.34344316 -0.48527673
v -1.21623520 -0.85588145 0.13302147
v -1.08540593 -1.24544404 0.25969805
v -1.01563669 -1.35291264 0.22626566
v -1.01691686 -1.35357354 0.22188095
v -1.02161825 -1.36787302 0.19068770
v -0.99793330 -1.43222905 0.10100191
v -1.00088569 -1.34873461 -0.44013423
v -0.98297478 -1.34737280 -0.48555708
v -0.97638196 -1.33861304 -0.50348413
v -1.13145770 -1.07973300 -0.45269097
v -1.20630673 -0.91167301 0.16954982
v -1.12637868 -1.08114902 0.30937990
v -1.08102835 -1.20316557 0.31527095
v -0.98625481 -1.38759232 0.25994478
v -0.90648185 -1.55578645 0.04830650
v -0.91552980 -1.55382128 -0.03187367
v -0.84172218 -1.62850543 -0.07848197
v -0.99115878 -1.34916925 -0.46539691
v -0.99042600 -1.34431746 -0.48133707
v -1.15710399 -0.98893749 -0.43850244
v -1.19660970 -0.85726134 -0.36008918
v -1.21797440 -0.76923671 0.10628197
v -1.21413953 -0.67875479 0.04457599
v -1.06069881 -1.24911936 0.31269506
v -1.01320932 -1.35322628 0.24162098
v -0.84107634 -1.56693443 -0.41479514
v -0.98227429 -1.33554209 -0.51959910
v -1.12100033 -1.12545822 -0.44758372
v -0.99468215 -1.34663253 0.29483982
v -0.96322307 -1.33231798 -0.53453375
v -1.16928233 -0.87237848 -0.44195780
v -1.22793379 -0.80029244 -0.09469969
v -1.22563443 -0.82163467 0.06317135
v -1.21363863 -0.78422700 0.13709489
v -0.81294974 -1.64911720 -0.15464850
v -0.78390256 -1.62260313 -0.40445070
v -1.02846803 -1.22694199 -0.55902858
v -1.16609989 -0.95234185 -0.43043874
v -1.19803987 -0.97938492 0.17611438
v -1.00314761 -1.34909313 0.26410968
v -1.07939097 -1.16631177 -0.50776898
v -1.20856415 -0.84680433 -0.31158551
v -1.21694603 -0.85089071 -0.25473444
v -1.22430395 -0.82237679 -0.18682980
v -1.21228938 -0.73153221 0.11718244
v -1.15877651 -0.99090504 0.28349431
v -0.86484429 -1.60787732 -0.05453282
v -0.98070086 -1.35173255 -0.48464151
v -0.96202262 -1.32275915 -0.56686877
v -1.07854619 -1.08220176 -0.55586060
v -1.22295626 -0.73786307 -0.13782300
v -1.19591403 -0.84643865 0.22063353
v -1.09584515 -1.15467166 0.32482922
v -0.98214182 -1.33383740 0.35578464
v -0.77360394 -1.67737994 -0.18938281
v -0.82096291 -1.55111832 -0.48568596
v -0.94277768 -1.30486172 -0.60909008
v -1.12850926 -1.05906702 -0.47482274
v -1.21102078 -0.74771736 -0.26727365
v -1.20038243 -0.62604630 0.09650770
v -1.00288208 -1.35472904 0.26897867
v -1.18399938 -0.82935665 -0.40409006
v -1.22102634 -0.78176326 -0.19827624
v -1.20351793 -0.67140626 0.12399426
v -1.12918437 -1.02938689 0.33102180
v -0.97075150 -1.32981926 0.37666801
v -0.88718854 -1.50202041 0.28069671
v -0.76724027 -1.66744547 -0.29183842
v -0.76384422 -1.65574300 -0.35317650
v -1.26305007 0.10183834 -0.27894373
v -1.21479404 0.10937214 0.38955616
v -1.54409066 -1.21489835 0.29492047
v -1.85451933 -0.81121832 0.27431746
v -1.85388330 -0.78117735 0.29475689
v -1.84966124 -0.84125051 0.29968314
v -1.83903893 -0.91858555 0.28016860
v -1.83600461 -0.90015944 0.32609997
v -1.85937929 -0.80470477 0.21690897
v -1.85902196 -0.72878721 0.22873133
v -1.84568261 -0.90387602 0.23767099
v -1.80579549 -0.80937812 0.46643703
v -1.82819854 -0.87946008 0.37589162
v -1.85029677 -0.88895351 0.22404894
v -1.85093205 -0.63823215 0.22318625
v -1.81584364 -0.85700129 0.42755945
v -1.85858380 -0.82813866 0.19258135
v -1.83668622 -0.71696984 0.37059197
v -1.81574862 -0.96069412 0.34680270
v -1.80630916 -1.02316457 0.22182971
v -1.85113640 -0.79988902 0.09031216
v -1.84475399 -0.66211990 0.30892079
v -1.83196797 -0.60664676 0.32693729
v -1.81557805 -0.67699746 0.42517886
v -1.82395057 -0.98319975 0.23980430
v -1.86054722 -0.79063758 0.16555545
v -1.84818237 -0.61556436 0.18805653
v -1.82850727 -0.76640071 0.40994081
v -1.79259541 -1.02174803 0.33058177
v -1.79915039 -0.84800885 0.47139023
v -1.83778881 -0.93018103 0.16055705
v -1.85600225 -0.72524367 0.10950357
v -1.81977595 -0.50509223 0.25857516
v -1.78524094 -1.04969443 0.29538001
v -1.84891437 -0.88895352 0.16646227
v -1.82168389 -0.63079978 0.38282019
v -1.78134908 -0.77064473 0.51829566
v -1.78134908 -0.77576937 0.51829566
v -1.78134908 -0.78113806 0.51829566
v -1.76262596 -0.79429337 0.55445784
v -1.78611356 -0.83443471 0.50315383
v -1.76950413 -0.88876360 0.51748348
v -1.79088906 -0.98704089 0.38838301
v -1.80937768 -0.99451856 0.31838352
v -1.84256472 -0.58196429 0.20028104
v -1.78938108 -0.92137940 0.45436628
v -1.78378257 -0.98410302 0.41294752
v -1.78735325 -0.74941695 0.50589072
v -1.77737403 -0.75482178 0.52551568
v -1.77885714 -1.06795863 0.23878063
v -1.80030101 -1.01857821 0.14976824
v -1.84159802 -0.73146545 0.04013635
v -1.79893840 -0.45986934 0.28425897
v -1.84138604 -0.90142797 0.11843963
v -1.82619360 -0.51041318 0.14676858
v -1.82351111 -0.50557240 0.21138523
v -1.77612847 -0.61526631 0.48550438
v -1.75919383 -1.02524098 0.41919376
v -1.84655731 -0.62529130 0.10394450
v -1.79409014 -0.50161224 0.36073335
v -1.78532957 -0.64332612 0.48144706
v -1.78863224 -0.73187058 0.50314804
v -1.82018623 -0.97312916 0.12773609
v -1.82564175 -0.53352897 0.07577855
v -1.80074069 -0.42577882 0.11271126
v -1.76666180 -0.55154600 0.46736422
v -1.76408567 -0.71195871 0.54066148
v -1.73707000 -1.11130918 0.31862535
v -1.83396017 -0.76703037 0.02284951
v -1.75696233 -0.65418291 0.53522280
v -1.75679850 -0.96175645 0.49056884
v -1.75776084 -1.09205013 0.29507183
v -1.74627216 -0.28440012 0.18099027
v -1.77033034 -0.37217280 0.26844047
v -1.79110490 -0.56116442 0.42132003
v -1.76875931 -1.08377525 0.21480537
v -1.70603650 -1.13556171 0.15637995
v -1.80495152 -0.96656778 0.07400283
v -1.83177321 -0.62340415 0.02773433
v -1.78107446 -0.36459800 0.12020785
v -1.77962750 -0.44472651 0.33962381
v -1.83096745 -0.67815045 0.01139694
v -1.75555504 -1.10309040 0.21422693
v -1.76818496 -0.41398523 0.33758573
v -1.74989510 -0.90685285 0.54119121
v -1.74087800 -1.10008014 0.15148280
v -1.76954021 -1.06428298 0.14212712
v -1.80891283 -0.67393343 -0.04083267
v -1.80772287 -0.46534780 0.07207254
v -1.75837990 -0.41998793 0.37390809
v -1.83648935 -0.85729241 0.05805467
v -1.71969588 -1.09820142 0.39056841
v -1.71888843 -1.13909595 0.27710182
v -1.63732608 -1.19491363 0.22794877
v -1.75326877 -1.06222989 0.09444470
v -1.81136692 -0.92638349 0.04609417
v -1.80682227 -0.51818579 0.00549951
v -1.72080055 -0.22671362 0.14647664
v -1.73740124 -0.54028104 0.50982858
v -1.74795425 -0.73084616 0.57306861
v -1.68632456 -1.10108704 0.44852022
v -1.73661766 -1.08516605 0.38215784
v -1.78668833 -1.01926289 0.09467251
v -1.80827141 -0.88942128 0.01293156
v -1.81452731 -0.75824934 -0.02465449
v -1.74290330 -0.87561228 0.56812741
v -1.72116008 -0.98440968 0.52920972
v -1.73173082 -0.89671594 0.57491147
v -1.72080727 -0.92799354 0.57164675
v -1.70381702 -1.12015834 0.38012441
v -1.66462894 -1.17814258 0.21423189
v -1.78360619 -0.57740357 -0.07220159
v -1.74370719 -0.37403255 0.35854447
v -1.77147419 -0.35933958 0.04900081
v -1.72863849 -0.27307745 0.25581448
v -1.72603622 -0.29381499 0.30168327
v -1.73777669 -0.46185271 0.45605913
v -1.69764120 -0.88126189 0.61966064
v -1.70713419 -1.13774262 0.33442737
v -1.67969931 -1.16105418 0.18326370
v -1.75922469 -0.99911713 0.02479650
v -1.79225684 -0.45186786 0.00962117
v -1.72120953 -0.66303244 0.58286243
v -1.71329738 -1.10985066 0.11365453
v -1.82278381 -0.83876500 0.01351520
v -1.81403867 -0.57687027 -0.01087298
v -1.71059226 -0.20374692 0.14063802
v -1.73226552 -0.73659811 0.59238389
v -1.70055865 -0.72399485 0.62089900
v -1.72850287 -0.80673337 0.60252332
v -1.66024555 -1.06826801 0.51399723
v -1.66978274 -1.14388224 0.39200697
v -1.78508030 -0.88621033 -0.02459592
v -1.77820535 -0.43357371 -0.01920774
v -1.70275057 -1.08729753 0.06063921
v -1.72207243 -0.24510555 0.02364340
v -1.66551622 -0.17446834 0.28881267
v -1.57943825 -1.01039477 0.62384642
v -1.77872550 -0.87607644 -0.03901633
v -1.77547743 -0.49985762 -0.06766266
v -1.75869979 -0.31210499 0.08755024
v -1.71484724 -0.37660457 0.42362211
v -1.70986505 -0.61375702 0.57681961
v -1.68105329 -0.83324912 0.64634390
v -1.67470546 -0.93064358 0.62236360
v -1.67974296 -0.99959856 0.56774913
v -1.64686562 -1.02260704 0.57323138
v -1.76252237 -0.97287379 0.00105174
v -1.74800458 -0.94465170 -0.03455960
v -1.78412129 -0.65938000 -0.08045114
v -1.71602605 -0.21020537 0.12130650
v -1.66495461 -1.11561549 0.06824957
v -1.78847276 -0.84271224 -0.04532482
v -1.75463941 -0.50502765 -0.10360060
v -1.76007601 -0.37965935 -0.02636377
v -1.64236213 -1.08944883 0.51018923
v -1.66280530 -1.17307528 0.33304225
v -1.78558328 -0.78429184 -0.06510483
v -1.76948373 -0.74366120 -0.09157706
v -1.59563711 -1.18937123 0.38844954
v -1.63889419 -1.19429235 0.29252670
v -1.72270978 -0.98109652 -0.03020612
v -1.76483062 -0.71984496 -0.10251838
v -1.73355221 -0.25145142 0.08843895
v -1.70764730 -0.29274723 0.35126462
v -1.74070401 -0.42183206 0.41918004
v -1.67370756 -0.53677620 0.57541096
v -1.65160866 -0.48440333 0.56461894
v -1.69285240 -0.65127923 0.60585724
v -1.64580456 -0.85436391 0.66638044
v -1.61977576 -1.13192782 0.47234418
v -1.70643894 -0.99746091 -0.03074015
v -1.74591925 -0.42035475 -0.08772419
v -1.68914648 -0.16883475 0.17104210
v -1.68056047 -0.30567590 0.41672869
v -1.69593163 -0.45291324 0.50901801
v -1.64465961 -0.83485557 0.66772140
v -1.65267647 -0.91590364 0.64553263
v -1.63951653 -1.03519601 0.56996450
v -1.76178494 -0.61231317 -0.11118795
v -1.65949197 -0.13018122 0.21265509
v -1.63082664 -0.40971373 0.54207562
v -1.71487597 -1.03559980 0.01006882
v -1.74111647 -0.57558049 -0.13324488
v -1.73374599 -0.44041363 -0.11959969
v -1.73876743 -0.32659625 -0.03982669
v -1.66783184 -0.31318928 0.44146865
v -1.66607270 -0.78411384 0.65607480
v -1.64035591 -1.16146168 0.40026260
v -1.60180192 -1.20819438 0.28307982
v -1.74630805 -0.81574082 -0.09741245
v -1.63059478 -0.06322258 0.12758720
v -1.65425497 -0.13620628 0.25042098
v -1.58826277 -1.20927396 0.31598936
v -1.56575932 -1.20266555 0.20077049
v -1.64254186 -1.16971618 0.15129555
v -1.69288057 -1.00851554 -0.03504557
v -1.61123532 -0.87512980 0.67953379
v -1.55685002 -1.21135995 0.23958157
v -1.66224723 -1.06367019 0.00179684
v -1.73200706 -0.36601034 -0.08600344
v -1.72191594 -0.26671541 -0.01951552
v -1.62335166 -0.04828524 0.08783275
v -1.66654665 -0.23371752 0.36716411
v -1.66621295 -0.72305015 0.64760377
v -1.61213542 -0.81313985 0.68242575
v -1.60050264 -0.96473297 0.64841705
v -1.65483482 -1.14792867 0.11460016
v -1.71376152 -0.47942556 -0.15322442
v -1.69906247 -0.25253963 -0.06915878
v -1.62339527 -0.05430662 0.14910583
v -1.64765407 -0.67738207 0.64433759
v -1.60390795 -1.17023709 0.42134447
v -1.73148155 -0.76571819 -0.12526312
v -1.67984697 -0.31362249 -0.14522196
v -1.69189525 -0.19865591 -0.01657424
v -1.62414563 -0.09853761 0.26768477
v -1.59038191 -0.28591389 0.49893258
v -1.60706888 -1.15793203 0.10133744
v -1.59317172 -0.00580566 0.12445043
v -1.62507038 -0.24904234 0.44196144
v -1.61804187 -0.54315843 0.61065431
v -1.57529608 -0.99397278 0.63295281
v -1.53654936 -1.10665906 0.54044335
v -1.54957386 -1.12880534 0.51614656
v -1.70198790 -0.92373218 -0.08386777
v -1.70232318 -0.56160014 -0.16958021
v -1.66886638 -0.42872521 -0.18827223
v -1.66023091 -0.12531991 0.00538626
v -1.60914188 -0.84354120 0.68226526
v -1.60465017 -0.93087869 0.66518422
v -1.58587437 -0.96714019 0.64849421
v -1.54059148 -1.20840684 0.37012897
v -1.59533675 -1.13757543 0.07277732
v -1.64416544 -1.10535808 0.04084616
v -1.67481209 -0.90129918 -0.11052983
v -1.70184666 -0.81730931 -0.12966402
v -1.57555281 -0.02172680 0.25007563
v -1.60790699 -0.09987922 0.30776913
v -1.59296033 -0.94306667 0.66177342
v -1.56774961 -1.04415780 0.59822471
v -1.56728402 -1.19428840 0.18137883
v -1.65925879 -0.54496065 -0.19928789
v -1.62097140 -0.57722463 0.62161016
v -1.60951345 -0.68734600 0.66182561
v -1.60370826 -0.89150921 0.67731165
v -1.56530694 -1.02265267 0.61473370
v -1.55114286 -1.05950600 0.58552037
v -1.54990524 -1.21198386 0.25943251
v -1.63626150 -1.00173465 -0.06777573
v -1.73189246 -0.88847879 -0.08278795
v -1.69726549 -0.73941771 -0.15288976
v -1.59930237 -0.02428604 0.17555013
v -1.58441766 -0.68255032 0.66276087
v -1.59958395 -0.72310785 0.67316182
v -1.59895152 -0.73856586 0.67559488
v -1.53775005 -1.21330851 0.34245945
v -1.53651783 -1.21179212 0.33151769
v -1.53247787 -1.21746996 0.26787790
v -1.55922436 -1.20564889 0.21846247
v -1.58210009 -1.19245782 0.16856359
v -1.60502487 -1.10350639 0.02769774
v -1.61660447 -1.05489959 -0.02348239
v -1.70304565 -0.66818899 -0.16283280
v -1.58807402 -0.67817815 0.66469715
v -1.58441766 -0.67913383 0.66276087
v -1.58441766 -0.68401441 0.66276087
v -1.58981693 -0.70567570 0.67152194
v -1.60616427 -0.77139060 0.68013631
v -1.58626314 -1.15622342 0.09886357
v -1.59117980 -1.14875295 0.08882712
v -1.63447833 -0.49367352 -0.21482317
v -1.62567129 -0.06187820 0.01319826
v -1.58675144 -0.00250581 0.00261855
v -1.54478012 0.03562910 0.21895244
v -1.56943761 -0.62851218 0.65103378
v -1.53061628 -1.11540301 0.53428026
v -1.53089867 -1.13253861 0.51165960
v -1.52779422 -1.20303580 0.37796508
v -1.54662181 -1.19851981 0.18831683
v -1.57993385 -1.17439458 0.13482097
v -1.60121267 -1.11900587 0.04781383
v -1.60608017 -1.09378839 0.01336610
v -1.61279095 -1.08199222 0.00329885
v -1.61929633 -1.03497871 -0.04126400
v -1.68823745 -0.72412423 -0.16152665
v -1.53938509 0.07077745 0.12643248
v -1.56424108 -0.59618241 0.64550294
v -1.58481640 -0.68859172 0.66714824
v -1.60981576 -0.80490211 0.68360461
v -1.52709055 -1.19585461 0.40343137
v -1.54713268 -1.21225107 0.24182631
v -1.58365724 -1.16695133 0.11865080
v -1.52604338 0.09383527 0.09879206
v -1.60477413 -0.12954304 0.35215028
v -1.53536357 -0.43900029 0.59480822
v -1.52927384 -1.21395692 0.32787734
v -1.67094196 -0.74521895 -0.16558366
v -1.67484504 -0.24321507 -0.11113915
v -1.59883080 -0.04582184 -0.05527316
v -1.51645113 0.08756340 0.18072653
v -1.56276833 -0.37730151 0.56202351
v -1.60619301 -0.81434307 0.68776765
v -1.52984834 -1.16649688 0.46637380
v -1.62106845 -1.00501886 -0.06452373
v -1.64010346 -0.26470022 -0.17122022
v -1.64855918 -0.14617121 -0.07135099
v -1.54195451 0.07235530 0.04118759
v -1.56195397 -0.15838748 0.43151080
v -1.57805877 -0.65982071 0.65912621
v -1.55929672 -0.86241800 0.69099496
v -1.52637541 -1.20622672 0.37198076
v -1.62360007 -0.88144637 -0.13634823
v -1.65267368 -0.37350121 -0.19175348
v -1.54831681 -1.04211033 0.60636506
v -1.63280254 -0.30558958 -0.19389452
v -1.49110858 0.05408177 0.29896609
v -1.55683207 -0.20021875 0.46657687
v -1.56161043 -0.60717200 0.64514197
v -1.56499993 -0.62768878 0.65272126
v -1.52071708 -1.15010529 0.49564231
v -1.52168021 -1.16557515 0.46790504
v -1.52335429 -1.17189260 0.45397143
v -1.56471823 -1.18886323 0.15871315
v -1.64366673 -0.80944720 -0.16008690
v -1.61212931 -0.35247006 -0.21877406
v -1.60194984 -0.12029317 -0.13545767
v -1.50752907 0.11732505 0.01434542
v -1.48706921 0.14881305 0.05470324
v -1.48147936 0.15037351 0.11196984
v -1.51221812 0.10485922 0.14415602
v -1.51565595 0.04758638 0.26623728
v -1.54951775 -0.56934471 0.63530713
v -1.54143421 -0.81941074 0.69112754
v -1.55943739 -0.91174560 0.68217158
v -1.51721925 -1.18483401 0.43537230
v -1.62484983 -0.93539055 -0.10963548
v -1.62028992 -0.87948174 -0.13619040
v -1.61858167 -0.87777360 -0.13545825
v -1.65023222 -0.69346668 -0.18633537
v -1.59934108 -0.07256672 -0.09592953
v -1.50622809 0.10824372 -0.03010224
v -1.50098245 -0.21827281 0.50837550
v -1.56783054 -0.30367127 0.52430139
v -1.53871396 -0.53255865 0.62548704
v -1.55985977 -0.61051147 0.64814884
v -1.55838229 -0.64948692 0.66164925
v -1.52947437 -0.94520370 0.67068822
v -1.48584378 -1.00574050 0.63832317
v -1.59019493 -1.13288320 0.05834756
v -1.62142765 -0.90506934 -0.12443290
v -1.61784962 -0.87679740 -0.13692245
v -1.63151944 -0.19120020 -0.14464392
v -1.51879196 0.07639182 -0.06606252
v -1.53075576 -0.04118298 0.35748406
v -1.56851948 -0.15096131 0.42069264
v -1.49789784 -0.40435475 0.58873652
v -1.54192165 -1.07877420 0.57092125
v -1.46768072 -1.18692843 0.40753332
v -1.55865530 -1.11857855 0.04052518
v -1.62294377 -0.92781280 -0.11243982
v -1.46961588 0.15456254 0.15706841
v -1.52651803 -0.19672001 0.48456507
v -1.49241865 -0.40484516 0.58393954
v -1.56299467 -0.98372765 0.64937201
v -1.54585612 -1.15835540 0.10131423
v -1.62341712 -0.96777502 -0.09053318
v -1.61770955 -0.88305323 -0.13546626
v -1.61697779 -0.86693542 -0.14245250
v -1.63115903 -0.58475505 -0.21153582
v -1.57767854 -0.08706994 -0.14623359
v -1.52960365 0.04140749 -0.09473738
v -1.44292256 0.20252782 0.01534653
v -1.47387384 0.13009015 0.20754643
v -1.50347814 -0.07435787 0.41524052
v -1.48894304 -0.38924018 0.58186387
v -1.49241865 -0.40679735 0.58393954
v -1.49241865 -0.40801761 0.58393954
v -1.51638277 -0.57023083 0.64133193
v -1.52062203 -0.85040369 0.68995819
v -1.51845639 -1.18267835 0.16127326
v -1.60566407 -0.76588703 -0.18451726
v -1.43638736 0.21032039 0.08698086
v -1.41927200 0.02285316 0.39880550
v -1.45259375 -0.05024758 0.43043998
v -1.45963088 -0.29294404 0.55040901
v -1.50463052 -0.43865490 0.59603895
v -1.52579210 -0.49617946 0.61373187
v -1.53168923 -0.51841047 0.62052409
v -1.53751277 -0.55318397 0.63455087
v -1.50208345 -1.07353843 0.58675658
v -1.49026709 -1.10115685 0.55859885
v -1.47880448 -1.17124229 0.17296498
v -1.53721307 -1.11332627 0.03765213
v -1.62366135 -0.40766801 -0.21812529
v -1.42945912 0.19619860 0.17153033
v -1.49301940 -0.41310520 0.58901152
v -1.60452606 -1.07848898 -0.00547393
v -1.62280012 -0.95368035 -0.10104848
v -1.61399959 -0.83748034 -0.15580295
v -1.47253745 0.13124985 -0.08410846
v -1.42571067 0.19388901 0.18772688
v -1.44842493 0.04571366 0.35695110
v -1.47614562 -0.36283448 0.57095396
v -1.54838496 -0.72470588 0.68099851
v -1.60785229 -0.80866094 -0.16570685
v -1.57150865 -0.11991002 -0.17706454
v -1.46774306 -0.28150496 0.54736208
v -1.45233059 -0.29826936 0.55017240
v -1.47032783 -0.33867488 0.56542663
v -1.50323543 -0.44537109 0.60046379
v -1.51713586 -0.47669688 0.60796528
v -1.46271435 -1.06285123 0.59079947
v -1.48328474 -1.20400448 0.32908087
v -1.59313987 -1.05521392 -0.03220223
v -1.60124763 -0.83110050 -0.16056466
v -1.59466547 -0.75116020 -0.18578997
v -1.57200729 -0.43923501 -0.24349356
v -1.53883877 -0.02765005 -0.15367575
v -1.43772853 0.20322760 -0.01963507
v -1.40313705 0.25237917 0.01664274
v -1.46467085 0.11185608 0.25845145
v -1.48646155 -0.39238819 0.58110817
v -1.48908528 -0.40947692 0.58959356
v -1.54252399 -0.75795186 0.68732689
v -1.49168893 -1.19812443 0.23158259
v -1.49237012 -1.15051417 0.11232162
v -1.59740134 -0.76092369 -0.18112057
v -1.43459922 -0.00925046 0.41142867
v -1.45682844 -0.10334603 0.46233982
v -1.46242038 -0.32838438 0.56030419
v -1.48939559 0.06483742 -0.14168357
v -1.46566267 -0.80181510 0.67725548
v -1.48472292 -0.94777337 0.66478645
v -1.45693015 -1.02892987 0.61710451
v -1.47347271 -1.13004872 0.52342366
v -1.46616573 -1.17255721 0.44267901
v -1.44892049 -1.17949105 0.26975708
v -1.49143776 -1.12233994 0.07194857
v -1.56454151 -1.01807709 -0.06412249
v -1.60248095 -0.78706288 -0.17418274
v -1.56770603 -0.64869125 -0.21441581
v -1.54985055 -0.35064590 -0.24966498
v -1.39257909 0.25769375 -0.03152644
v -1.36705128 0.29012210 0.10095982
v -1.50136245 -1.09599327 0.03033125
v -1.59274397 -0.90514487 -0.13365113
v -1.56715015 -0.19529729 -0.21454452
v -1.40614268 0.22523823 -0.07360243
v -1.42328990 -0.23439328 0.52762728
v -1.42218424 -0.22645506 0.52352401
v -1.56644715 -0.63746179 -0.22001461
v -1.54084374 -0.53182081 -0.24275185
v -1.51628997 -0.02612466 -0.18104977
v -1.50210986 0.03475817 -0.15375669
v -1.46130299 0.08520113 -0.16432762
v -1.46896285 0.12031967 -0.11139498
v -1.39627781 0.18764360 -0.15207006
v -1.44583683 -0.28322939 0.54476923
v -1.49397550 -0.46923086 0.60958921
v -1.49420657 -0.62360839 0.65467324
v -1.57644350 -0.86168110 -0.15139202
v -1.58064756 -0.70705053 -0.20017445
v -1.57029276 -0.28228737 -0.23492467
v -1.43784310 0.18938323 -0.06641541
v -1.31276546 0.35266188 -0.01748714
v -1.40637357 -0.17156213 0.50790058
v -1.40310399 -0.17936237 0.50511809
v -1.41536377 -0.20741515 0.51822571
v -1.45501113 -0.30948038 0.55429104
v -1.45619955 -0.34747847 0.57091429
v -1.50580249 -0.75668990 0.68430436
v -1.43632503 -1.16216683 0.23719613
v -1.59913555 -0.72151535 -0.19956010
v -1.58071132 -0.69468030 -0.20282891
v -1.54872633 -0.58525086 -0.22958456
v -1.54622357 -0.15944550 -0.22036923
v -1.30749931 0.35998677 0.00730832
v -1.33904283 0.31124998 0.12459249
v -1.35825141 0.24721923 0.21999138
v -1.35921961 -0.07391018 0.46956659
v -1.40310399 -0.18082646 0.50511809
v -1.40310399 -0.18229055 0.50511809
v -1.43527486 -0.25805235 0.53627391
v -1.44782633 -1.12579415 0.51514794
v -1.57250328 -0.66847006 -0.20949573
v -1.32380822 0.31114286 0.16861323
v -1.40502141 0.17367158 0.26133643
v -1.37665002 0.10315786 0.36122239
v -1.42480417 -0.27320174 0.54362096
v -1.48803948 -0.90079806 0.67793800
v -1.42861731 -1.13856251 0.47277576
v -1.44739812 -1.18321413 0.35290788
v -1.54663410 -0.98998915 -0.08102590
v -1.55699229 -0.61738855 -0.22174504
v -1.30712189 0.34582695 0.11868499
v -1.38885932 0.15972069 0.29765172
v -1.40744929 0.11433380 0.32938556
v -1.48207388 -0.70561837 0.67194137
v -1.45534224 -1.11300401 0.09888153
v -1.54301259 -0.57247811 -0.23134870
v -1.53629169 -0.55395460 -0.23583666
v -1.52930302 -0.52900138 -0.23992809
v -1.30646196 0.34289304 -0.08053271
v -1.33517167 0.32328167 0.09845707
v -1.39142187 -0.15518693 0.49775327
v -1.44874579 -0.47325338 0.60762969
v -1.41977354 -0.97256417 0.62575296
v -1.42217741 -1.09901827 0.52730889
v -1.43909898 -1.17694281 0.31818187
v -1.47823153 -0.12076455 -0.25174800
v -1.49824379 -0.05376454 -0.21504546
v -1.35641832 0.26217730 -0.12290779
v -1.29099529 0.33758943 0.17713903
v -1.39314787 -0.02504203 0.43981895
v -1.35576232 -0.07687003 0.46582945
v -1.39841121 -0.17123730 0.50316347
v -1.40673110 -0.19156356 0.51177570
v -1.44149566 -0.91791177 0.65560884
v -1.43045875 -1.07925961 0.55913570
v -1.50572045 -1.01227646 -0.05138860
v -1.53453741 -0.86671704 -0.14694296
v -1.51295293 -0.47496623 -0.25233401
v -1.49086053 -0.41896705 -0.25663100
v -1.35576232 -0.07833434 0.46582945
v -1.35576232 -0.07955438 0.46582945
v -1.36133761 -0.09054382 0.47246029
v -1.43096952 -1.14271456 0.19528671
v -1.46134840 -1.06715752 0.03283020
v -1.47134745 -0.99019706 -0.04897423
v -1.58733719 -0.76926760 -0.18562539
v -1.49533184 -0.43172444 -0.25662509
v -1.42713588 -0.20158897 -0.28273135
v -1.32560174 0.17008267 0.33688195
v -1.42674532 -1.15298944 0.43578342
v -1.54367126 -0.63896953 -0.22102236
v -1.50296140 -0.45378047 -0.25333214
v -1.43060144 0.09104387 -0.19456075
v -1.33399857 -0.03093418 0.45018832
v -1.37190470 -0.11197341 0.48109019
v -1.40306102 -1.13645339 0.40443782
v -1.49303659 -1.04607219 -0.01698035
v -1.51103240 -0.89469460 -0.12676139
v -1.49390101 -0.26237682 -0.26592466
v -1.38071866 -0.13134829 0.48925998
v -1.36625249 -0.13886574 0.49454655
v -1.42000387 -1.00121804 0.61088637
v -1.41359494 -1.15415361 0.33311321
v -1.50965366 -0.94780918 -0.09813738
v -1.47553059 -0.37966329 -0.26276435
v -1.46354763 -0.35021661 -0.26657341
v -1.44226173 -0.29166534 -0.27217658
v -1.40234665 0.13153492 -0.19487612
v -1.34456577 0.18328352 -0.21201538
v -1.35381012 0.19937083 -0.19060891
v -1.33982372 0.09580102 0.38484291
v -1.30431903 0.10716208 0.38796918
v -1.32428255 -0.01122615 0.43947432
v -1.32428255 -0.01391050 0.43947432
v -1.34130623 -0.04720769 0.45562657
v -1.38488922 -1.09287839 0.22036318
v -1.44344916 -1.06455620 0.04764079
v -1.51725358 -0.49666044 -0.24777028
v -1.48636799 -0.40112995 -0.26244249
v -1.26136886 0.40706428 0.02782404
v -1.19667172 0.42747117 0.16104190
v -1.31064182 0.02626062 0.42823350
v -1.32648652 -0.00543664 0.44147563
v -1.32428255 -0.01269046 0.43947432
v -1.43600040 -0.95777659 -0.04493584
v -1.48498383 -0.94172774 -0.08956503
v -1.51133561 -0.80641797 -0.16631356
v -1.58352194 -0.72440084 -0.19858970
v -1.46838690 -0.35466017 -0.26674625
v -1.30017104 0.32657847 -0.12350995
v -1.26885845 0.33580972 0.21104180
v -1.24336439 0.20658917 0.34284814
v -1.34747997 -0.06450959 0.46378507
v -1.36065760 -0.09684124 0.47772532
v -1.39728874 -0.49274903 0.59800727
v -1.41424103 -0.69957031 0.64252590
v -1.41874755 -0.92214786 0.63906108
v -1.40410268 -1.10469851 0.18201215
v -1.44858990 -1.12493595 0.12377723
v -1.43943175 -1.01694269 0.00307376
v -1.27492295 0.23663663 0.30957310
v -1.29797971 0.04118522 0.41915566
v -1.30329611 0.03074673 0.42117212
v -1.30329611 0.02806238 0.42117212
v -1.31756104 -0.00108601 0.43662230
v -1.32666719 -0.01961056 0.44503362
v -1.39651516 -1.05835512 0.11882008
v -1.45398137 -0.32245982 -0.26902297
v -1.44666034 -0.30317968 -0.27017939
v -1.43431224 -0.26777071 -0.27579717
v -1.41266110 -0.11257728 -0.27517827
v -1.23463932 0.42315602 -0.05710993
v -1.26681068 0.28073641 0.27719716
v -1.27508273 0.09877931 0.39641043
v -1.30329611 0.02952669 0.42117212
v -1.40440330 -1.01199098 0.59165515
v -1.39323837 -1.10472122 0.46743161
v -1.37546537 -1.07257007 0.47644574
v -1.38913678 -1.12197895 0.30024176
v -1.37916243 -1.05241934 0.14819815
v -1.41341951 -1.00124369 0.01965612
v -1.54449337 -0.59959023 -0.23036580
v -1.50757661 -0.48361425 -0.25268487
v -1.44235431 -0.30352188 -0.27241548
v -1.24076797 0.37503848 -0.14781604
v -1.28143663 0.31679346 0.22519750
v -1.19409750 0.35721882 0.25010045
v -1.28488444 0.06691367 0.40810041
v -1.39804391 -0.40192262 0.57763973
v -1.43542820 -0.28577707 -0.27369136
v -1.34253269 0.00106631 -0.27704842
v -1.42526872 -0.01942215 -0.25263139
v -1.39826133 0.07393660 -0.23335098
v -1.31805890 0.25526983 -0.18255550
v -1.16609691 0.47855251 0.09456182
v -1.24018880 0.15174787 0.37042445
v -1.31132755 0.01376562 0.42938039
v -1.34803796 -0.24722696 0.52536816
v -1.37149283 -0.46262042 0.58032274
v -1.38830045 -0.81216278 0.62941563
v -1.39864512 -1.08587075 0.51456385
v -1.41230616 -0.96919565 -0.01040837
v -1.42499639 -0.25099648 -0.27523618
v -1.22610126 0.40693871 -0.11706182
v -1.23574905 0.42442118 0.08242842
v -1.25839473 0.11615701 0.38432366
v -1.25863878 0.11469270 0.38432366
v -1.29133033 0.05215860 0.41309120
v -1.42800928 -0.66988154 0.64636836
v -1.36751304 -1.04325454 0.50098132
v -1.35973572 -1.05549104 0.45596544
v -1.37711113 -1.10728984 0.35943834
v -1.47797101 -0.79679694 -0.15964027
v -1.41375564 -0.22465053 -0.27590890
v -1.37155603 -0.12929274 -0.28002924
v -1.26520635 0.17647421 -0.26108654
v -1.28164494 0.29717552 -0.18359180
v -1.25815078 0.11420481 0.38578786
v -1.26340930 0.10746635 0.38995387
v -1.42740667 -0.82082562 0.65958294
v -1.38378569 -1.03579750 0.54293563
v -1.37254468 -1.03124134 0.52677377
v -1.41671141 -0.90201308 -0.06625154
v -1.40469315 -0.20116311 -0.27873118
v -1.34012670 0.12212013 -0.24680662
v -1.30192959 0.22574202 -0.21848679
v -1.19380161 0.44974470 -0.08844192
v -1.17341850 0.48195017 0.04732436
v -1.22859017 0.17345423 0.35974893
v -1.29223988 -0.06444227 0.45979913
v -1.29901045 -0.27168245 0.51037145
v -1.42399344 -0.76968741 0.65663579
v -1.39247495 -0.87253969 0.62964293
v -1.38955962 -0.90410972 0.61845912
v -1.38690288 -1.01521220 0.56734075
v -1.37869286 -1.10428987 0.40705358
v -1.35226696 -1.02366794 0.17849662
v -1.33021566 -0.04235722 -0.28025066
v -1.31886511 -0.02018994 -0.27995831
v -1.20356296 0.45951101 0.03938644
v -1.21547886 0.20383164 0.34729769
v -1.27426508 0.08528505 0.39996417
v -1.38650307 -0.20479674 0.51936718
v -1.30429819 -0.20159090 0.49850470
v -1.35494234 -0.61375865 0.59389039
v -1.45962442 -0.87796624 -0.11326593
v -1.44773080 -0.53535930 -0.23474821
v -1.48066827 -0.43855916 -0.25907545
v -1.42857490 -0.36721586 -0.26457484
v -1.40503412 -0.21257074 -0.27870032
v -1.39537737 -0.18201632 -0.27704116
v -1.38010400 -0.14676641 -0.27950637
v -1.36771973 -0.13616923 -0.28163171
v -1.36186564 -0.10930945 -0.28125599
v -1.35403438 -0.09110750 -0.28019329
v -1.30542886 0.01385212 -0.28087349
v -1.14597744 0.50280695 0.04571218
v -1.19759043 0.39944217 0.20100851
v -1.25286775 0.12513377 0.38256174
v -1.37314977 -0.69148959 0.61482880
v -1.38656746 -0.16286698 -0.27953864
v -1.36771973 -0.14056172 -0.28163171
v -1.36771973 -0.13348489 -0.28163171
v -1.34348030 -0.06938019 -0.28092880
v -1.26900923 0.24549165 -0.22931073
v -1.28415182 -0.00461390 0.43897624
v -1.41690229 -0.28926577 -0.27426174
v -1.28093169 0.05530131 -0.27934039
v -1.19152924 0.46979776 -0.03487712
v -1.21154090 0.20392251 0.34566771
v -1.27021787 -0.09326111 0.46175465
v -1.35520300 -1.02675597 0.48642833
v -1.44851165 -0.70193355 -0.18442244
v -1.17825338 0.26749958 0.31501808
v -1.28722974 0.05313776 0.41581924
v -1.29817551 -0.42436527 0.53002379
v -1.35239891 -0.89759462 0.57338775
v -1.34965080 -1.05786104 0.32676398
v -1.38157068 -1.02267862 0.09194238
v -1.38261247 -0.98883279 0.05279016
v -1.42221660 -0.78362888 -0.13557008
v -1.46729570 -0.66087602 -0.20529235
v -1.43794032 -0.54469542 -0.22842578
v -1.29236913 0.03291923 -0.27903677
v -1.15224394 0.50123533 0.00164435
v -1.21993377 0.17601719 0.36153267
v -1.35389583 -0.80076866 0.59588071
v -1.37094562 -0.90333971 0.59953909
v -1.34191843 -0.95443018 0.53152742
v -1.35189977 -1.05921073 0.39319285
v -1.26454276 0.08589152 -0.27692688
v -1.21863754 0.16942107 -0.26956836
v -1.16701179 0.44684321 -0.13885603
v -1.18438614 0.38245231 0.23155695
v -1.35723272 -0.73890308 0.60327788
v -1.31216647 -0.96573205 0.22380376
v -1.34408437 -0.97738439 0.12498208
v -1.34656278 -0.17096597 -0.27900501
v -1.28420964 0.02825433 -0.28335837
v -1.24666324 0.11787879 -0.27343858
v -1.23007501 0.14736606 -0.27139598
v -1.14222433 0.42407003 -0.18680256
v -1.30323085 0.00959718 -0.28012372
v -1.24054222 0.12639403 -0.27476790
v -1.18515196 0.37804590 -0.19742391
v -1.12715692 0.48447554 0.14342943
v -1.25915594 -0.19673863 0.47543992
v -1.33711613 -0.82265559 0.57259911
v -1.34877506 -1.05041279 0.26902935
v -1.34704089 -0.94321539 0.07166199
v -1.37067941 -0.92504060 0.00762587
v -1.27191385 0.07126971 -0.27693500
v -1.23263546 0.14315981 -0.27124716
v -1.15056780 0.42740695 -0.17640957
v -1.15878373 0.47855274 0.11525827
v -1.19607725 0.23368004 0.33208574
v -1.32219166 -0.68700773 0.56698296
v -1.33574079 -0.90912018 0.05838921
v -1.26105046 0.08670074 -0.27783987
v -1.19031066 0.22255373 -0.26186536
v -1.12568532 0.48280472 -0.12867257
v -1.10835072 0.52904112 -0.00441913
v -1.12448012 0.44854516 0.19699432
v -1.16374912 0.29330485 0.30250150
v -1.17380180 0.26063252 0.32304314
v -1.33098524 -0.88135820 0.54735232
v -1.32370622 -0.99825810 0.40796453
v -1.38110063 -0.88324976 -0.04044234
v -1.34224047 -0.08933155 -0.28418152
v -1.19452388 0.22003664 -0.26549208
v -1.19031066 0.21986938 -0.26186536
v -1.19031066 0.22133347 -0.26186536
v -1.18724499 0.22794899 -0.26280798
v -1.14918109 0.36959613 -0.22200497
v -1.13736630 0.51051107 -0.03375864
v -1.11647586 0.52050713 0.05689719
v -1.13934996 0.31016932 0.29906227
v -1.14741014 0.32167135 0.28735610
v -1.17836388 -0.01713413 0.40065327
v -1.20267859 0.19803365 -0.26559546
v -1.22104832 0.28057231 -0.23823645
v -1.09850491 0.39761595 -0.22251910
v -1.04714776 0.51057240 -0.13395637
v -1.16128458 0.36066837 0.26314265
v -1.13492047 0.34348568 0.27382983
v -1.28118978 -0.89882801 0.26033270
v -1.33822502 -0.86909672 0.01284454
v -1.38492917 -0.80739315 -0.09285835
v -1.37430055 -0.70086694 -0.13690258
v -1.40259331 -0.65181881 -0.17880556
v -1.33653055 -0.32901787 -0.24635690
v -1.36955866 -0.30282285 -0.26482578
v -1.25644310 0.02428157 -0.28274234
v -1.08870799 0.52640815 0.09075303
v -1.19396411 0.09327586 0.38889272
v -1.29045975 -0.32281834 0.51267207
v -1.32277714 -0.91388040 0.09344265
v -1.40443461 -0.56747997 -0.20931485
v -1.39333674 -0.40456753 -0.25026706
v -1.17541158 0.24813189 -0.25917436
v -1.10708001 0.39180764 0.24683972
v -1.13463124 0.34992447 0.27396622
v -1.28109848 -0.70408736 0.50643177
v -1.30508443 -0.96301488 0.29451215
v -1.18907532 0.21791503 -0.26567273
v -1.16142773 0.28108623 -0.25579575
v -1.09184676 0.50081641 -0.12777258
v -1.07045256 0.46721459 0.19523392
v -1.26839223 -0.84027979 0.17837375
v -1.33559351 -0.65921604 -0.11935556
v -1.34695646 -0.50173743 -0.19853357
v -1.09860235 0.52588239 -0.06797488
v -1.09710247 0.41050450 0.23495553
v -1.11796512 0.37584422 0.25826154
v -1.10447009 0.37613004 0.26112664
v -1.12369462 0.36401211 0.26376964
v -1.18362536 0.05015243 0.39294003
v -1.18040595 -0.09626297 0.40816697
v -1.29007666 -0.68417288 0.52480581
v -1.32055926 -0.94701682 0.47478874
v -1.30855881 -0.95353602 0.40989032
v -1.16633963 0.26414924 -0.25759811
v -1.11105338 0.45183556 -0.17838853
v -1.30880321 -0.83379200 0.04069131
v -1.32595159 -0.70926071 -0.08190221
v -1.34710264 -0.71032676 -0.10505977
v -1.19343185 0.18957953 -0.27254403
v -1.13586236 0.35066658 -0.24008470
v -1.10601616 0.37265486 -0.22970377
v -1.08119756 0.43483492 0.21650687
v -1.26491901 -0.44959387 0.50216273
v -1.31761334 -0.94312029 0.47595899
v -1.28113373 -0.85353656 0.14331356
v -1.27651397 -0.81269216 0.10637602
v -1.32819603 -0.77877791 -0.03966754
v -1.14525420 0.30460603 -0.24950647
v -1.03626172 0.53067404 -0.09552723
v -1.07070544 0.53868010 -0.04996469
v -1.03622030 0.54485847 0.06044004
v -1.25132618 -0.34409611 0.48459903
v -1.26974705 -0.56031208 0.50630922
v -1.28395373 -0.80682327 0.47948091
v -1.20831035 0.08394284 -0.27724394
v -1.13419523 0.32186863 -0.24499965
v -1.06503539 0.46257960 0.19308476
v -1.27279007 -0.81878113 0.12498568
v -1.34296234 -0.60490294 -0.15332602
v -1.27570691 -0.15857688 -0.26260342
v -1.22853559 0.01090096 -0.27496753
v -1.20840611 0.16798087 -0.27468932
v -1.11978993 0.34827987 -0.23781195
v -1.04487324 0.49395180 0.16057791
v -1.05345826 0.48304003 0.17491980
v -1.15058314 0.03816323 0.37377718
v -1.12695592 0.01802353 0.35420910
v -1.25496221 -0.54267674 0.48744971
v -1.29049954 -0.92292235 0.36414170
v -1.06717227 0.54520862 0.01919169
v -1.08781940 0.40997733 0.23984015
v -1.10243397 0.29309121 0.30153745
v -1.16805896 -0.15606667 0.39728648
v -1.19983523 -0.26633315 0.43034595
v -1.26225680 -0.67622645 0.47885762
v -1.22287314 -0.70067945 0.18360552
v -1.34412595 -0.43721658 -0.21956995
v -1.07510239 0.42893012 -0.20409582
v -1.03349334 0.51003740 0.13702325
v -1.25431818 -0.82208525 0.32577789
v -1.26199684 -0.85034621 0.28000341
v -1.23545353 -0.75565857 0.23486119
v -1.31347117 -0.78929948 -0.00862848
v -1.23379859 -0.06637729 -0.26373593
v -1.08785879 0.40517559 -0.21671528
v -1.03484487 0.49837368 -0.14249656
v -1.10911794 0.15489039 0.33185341
v -1.17858177 -0.19971689 0.40717251
v -1.19938301 -0.30804170 0.42776170
v -1.29446901 -0.49744669 -0.15590113
v -1.29226904 -0.37459658 -0.20550997
v -1.05209936 0.46971513 -0.17394578
v -1.06536445 0.45918686 0.19816901
v -1.26887422 -0.77156751 0.07939902
v -1.25784910 -0.66840370 0.01066985
v -1.28459278 -0.76428652 0.03084416
v -1.30013282 -0.70868010 -0.04471020
v -1.13502141 0.29865642 -0.25711474
v -1.06904109 0.45147524 -0.19231343
v -1.02140389 0.52234281 -0.10499044
v -1.25776353 -0.71780321 0.45522244
v -1.22594493 -0.66874687 0.11273083
v -1.25271402 -0.26071823 -0.21700293
v -1.12177722 0.21106140 -0.26561975
v -1.07602981 0.28568424 -0.25750062
v -1.09808633 0.36495101 -0.23846154
v -1.02990767 0.52892972 0.11015726
v -1.01170670 0.51909410 0.13049364
v -1.05532380 0.47589881 0.18142238
v -1.03537948 0.43839362 0.21741457
v -1.10982996 0.22526897 0.32175394
v -1.08267735 0.16670302 0.30891753
v -1.12772177 -0.02835101 0.35433005
v -1.25289039 -0.35788088 -0.17734660
v -1.29606233 -0.33879985 -0.22163034
v -1.16930518 0.01894599 -0.25152231
v -1.06028879 0.45449819 -0.18595835
v -1.01742443 0.55014578 -0.03203527
v -1.22462481 -0.71781183 0.23199964
v -1.04305294 0.48623529 -0.15871900
v -1.05725895 0.37372822 0.25920284
v -1.07902249 0.32404168 0.28297727
v -1.24232814 -0.70111787 0.41857140
v -1.23740571 -0.74725385 0.35413531
v -1.19112144 -0.54992664 0.11731826
v -1.27625650 -0.63546606 -0.05205599
v -1.11622612 0.16788558 -0.25794040
v -1.02683420 0.51174155 -0.12372509
v -1.00716828 0.54561122 0.02777033
v -1.23857283 -0.67868962 0.07330771
v -1.25769304 -0.43322011 -0.14789988
v -1.13067487 0.12022337 -0.25679005
v -1.08431506 0.30861027 -0.25457972
v -1.07241979 0.40442728 -0.22554352
v -1.00441557 0.51158154 -0.12970416
v -1.07414032 0.08405491 0.29459877
v -1.20522792 -0.63846058 0.19737364
v -1.18638695 -0.53243714 0.10811759
v -1.18492926 -0.52363805 0.10511364
v -1.06497016 0.18190302 -0.22917033
v -1.07416337 0.22077175 -0.24768675
v -1.21008556 -0.49637414 0.41753652
v -1.25130835 -0.76839210 0.40222655
v -1.22088748 -0.70741022 0.26995363
v -1.18478656 -0.52432091 0.08872095
v -1.20494065 -0.57472908 0.08512884
v -1.21697304 -0.18774395 -0.21674566
v -1.07308984 0.24207494 -0.25019546
v -1.05822837 0.34203240 -0.24412521
v -1.17758406 -0.31956146 0.39352682
v -1.20443822 -0.55355349 0.38184902
v -1.17393199 -0.93877911 0.26752628
v -1.10867025 -1.06328192 0.35499187
v -1.04906493 -1.18506815 0.39201828
v -0.98535988 -1.33954209 0.33804596
v -0.90686798 -1.54085521 0.12184801
v -0.82503089 -1.63960678 0.00526864
v -0.95545640 -1.32675368 -0.55074823
v -1.01305421 -1.21217079 -0.59508530
v -1.20387881 -0.76077584 -0.31801010
v -1.19030712 -0.52207403 0.08049229
v -1.23504678 -0.60910503 0.01733101
v -1.12254265 0.03645237 -0.22155594
v -1.01583281 0.53221224 0.09575609
v -1.18680688 -0.57033461 0.23202502
v -1.18547940 -0.54259554 0.13350706
v -1.03454786 -1.23207238 0.38173515
v -0.96790652 -1.33405158 0.35990546
v -0.73400333 -1.64219125 -0.45696387
v -0.92252787 -1.41244928 -0.51477263
v -0.96500072 -1.33827603 -0.53137734
v -0.95108852 -1.32398634 -0.56043111
v -1.17954913 -0.47884094 0.06810232
v -1.00812693 0.54872447 -0.01168424
v -1.01234034 0.54129004 0.06491968
v -1.04672731 0.30937880 0.27006284
v -1.00864451 0.35172505 0.23276496
v -1.03469372 0.21096535 0.25634713
v -1.13649414 -0.17275782 0.35086491
v -1.17978036 -0.53381636 0.15833719
v -1.18718163 -0.55608115 0.15071618
v -1.16529457 -0.90552625 0.29416094
v -0.98799232 -1.34886442 0.31062044
v -0.95885752 -1.40164926 0.29567562
v -0.91862074 -1.49761956 0.21376998
v -0.87311102 -1.54624499 0.21673105
v -0.85311428 -1.60657381 0.07506099
v -0.64130604 -1.74641019 -0.18026905
v -0.87176859 -1.47068809 -0.52193838
v -0.89372843 -1.39919770 -0.57411438
v -1.11362297 -1.01580214 -0.52110639
v -1.18412107 -0.75815145 -0.39397232
v -1.18165128 -0.50206101 0.09167161
v -1.24877634 -0.54574962 -0.06427232
v -1.20913131 -0.11158576 -0.23848430
v -1.02102854 0.46647522 -0.18314118
v -1.18524849 -0.55178286 0.11946371
v -1.18802382 -0.55132490 0.08981863
v -0.84246547 -1.57995620 0.21259815
v -0.71951524 -1.71483817 -0.07352584
v -0.67539001 -1.71899008 -0.31736334
v -1.20830646 -0.69747546 -0.24728419
v -1.21792206 -0.68863888 -0.03933124
v -1.19851979 -0.57897864 0.01952861
v -1.18454433 -0.51507492 0.08015262
v -1.05476662 0.19992885 -0.22625735
v -0.99927415 0.49676528 0.15628143
v -1.22268064 -0.68669837 0.34795822
v -1.20031954 -0.71849147 0.17757657
v -0.86130293 -1.59805991 0.08406865
v -0.83389472 -1.62637722 0.05574615
v -0.65017436 -1.74274680 -0.17127437
v -0.94663824 -1.32144800 -0.57626121
v -0.91606141 -1.29662655 -0.63143487
v -1.14461493 -0.92507484 -0.48737142
v -1.17807001 -0.49341278 0.08145879
v -1.22750600 -0.55686692 -0.00925862
v -1.25750980 -0.52211144 -0.09658504
v -1.06062527 0.25991149 -0.24693760
v -1.03714778 0.40928183 -0.22069378
v -1.01082109 0.53396357 -0.08019430
v -1.19283574 -0.55907246 0.32964701
v -1.10105271 -0.99352163 0.39064965
v -0.96351018 -1.32079264 0.40131440
v -0.98359638 -1.34329732 0.32315695
v -0.75887953 -1.69006886 -0.13693550
v -0.58488096 -1.76820178 -0.24186360
v -0.84942069 -1.45154674 -0.57775308
v -1.22235651 -0.71779257 -0.03416473
v -1.17642076 -0.45957693 0.05531261
v -1.23938376 -0.45763030 -0.10499578
v -0.99697074 0.45222556 -0.18700520
v -0.95592111 0.50067412 0.10860249
v -0.97690470 0.18273050 0.15385002
v -0.94476304 0.11956388 0.09081263
v -1.16487514 -0.34250056 0.36162250
v -1.17725982 -0.78793197 0.26815295
v -0.99801772 -1.24569895 0.42284348
v -0.88609329 -1.45892782 0.34881539
v -0.59215804 -1.76206507 -0.20163642
v -0.71777246 -1.60662662 -0.54874238
v -0.80476958 -1.53756994 -0.53303655
v -0.93366615 -1.31152744 -0.59651533
v -0.90292627 -1.27161636 -0.67786250
v -0.96886990 -1.21401187 -0.64683497
v -1.16932411 -0.43144434 0.05366430
v -1.16956817 -0.43193244 0.05195605
v -1.16908006 -0.43046835 0.05195605
v -1.00853874 0.45867700 0.19422650
v -0.99297568 0.31665595 0.21472464
v -0.98592582 0.18729239 0.16092244
v -0.99950965 0.22804267 0.20075125
v -1.14375839 -0.32445348 0.30764078
v -1.18530250 -0.75827440 0.24106467
v -0.96759947 -1.33787812 0.36110086
v -1.03994863 -1.08985969 -0.60888501
v -1.19096980 -0.70865918 -0.35138802
v -1.17079342 -0.43292837 0.04260688
v -1.18085668 -0.46204986 0.04747562
v -1.00472535 0.19908720 -0.17349479
v -1.00448773 0.41344719 0.21657646
v -0.90104609 0.18262636 0.15645225
v -0.91857629 0.14782647 0.12863398
v -0.94690241 0.10150212 0.03194696
v -1.06316499 0.06652725 0.27285156
v -1.18015870 -0.56139247 0.15771320
v -1.18181888 -0.61565539 0.19167335
v -1.00801406 -1.21523361 0.43646958
v -0.92373947 -1.29363635 0.47463236
v -0.81500358 -1.62643227 0.14241186
v -0.66717550 -1.71971006 -0.32505383
v -0.71617054 -1.68741851 -0.35467954
v -1.21725720 -0.68631747 -0.11194875
v -1.20596828 -0.61087309 -0.09846309
v -1.16960457 -0.43147818 0.04977207
v -1.15105052 -0.08862827 -0.19310503
v -0.99169771 0.15453747 0.13571971
v -1.08538629 -0.01164889 0.29510937
v -1.19892186 -0.60814587 0.30294498
v -0.94177079 -1.38878648 0.34724362
v -0.78955695 -1.62537406 0.21771716
v -0.58516287 -1.75927546 -0.24852921
v -0.76918250 -1.52311922 -0.59969101
v -0.91163441 -1.28790707 -0.65171146
v -0.98494420 -1.18225091 -0.65100328
v -1.16382825 -0.66427192 -0.42464160
v -1.18390899 -0.49944923 -0.01282289
v -1.09958115 0.04161665 -0.19949510
v -1.00346573 0.14315813 -0.11866547
v -0.99524225 0.11642972 -0.05562137
v -1.16164913 -0.67143181 0.27904096
v -1.14187977 -0.89672652 0.34232970
v -1.02512955 -1.15612439 0.44252402
v -0.83065653 -1.52588814 0.34221602
v -0.77175864 -1.68252730 -0.05108202
v -0.59865322 -1.76759737 -0.17507819
v -0.60129819 -1.81131236 -0.05159424
v -0.53430364 -1.81881722 -0.37588385
v -0.64616010 -1.73758348 -0.26316482
v -0.66246804 -1.71322051 -0.36936618
v -0.96150946 -1.15991587 -0.68861730
v -1.11250334 -0.88007272 -0.54915944
v -1.15078185 -0.77155470 -0.47957560
v -1.17639334 -0.47614785 0.04987004
v -1.21868628 -0.46248787 -0.06286319
v -1.08023880 0.04882150 -0.17677918
v -1.01872499 0.13994815 -0.13509083
v -0.98541177 0.12843161 0.08996414
v -0.97261091 0.14437886 0.11147854
v -1.14060028 -0.26244723 0.33013451
v -1.19925683 -0.73764681 0.19434342
v -0.94926633 -1.24772885 0.48177742
v -0.94680268 -1.32065960 0.40377801
v -0.95698505 -1.32857832 0.38858665
v -0.76008934 -1.66181666 0.17302144
v -0.77286654 -1.66935697 0.08893009
v -0.60021717 -1.76060535 -0.02545637
v -0.56684180 -1.75912731 -0.30588149
v -0.57419287 -1.75587806 -0.30963178
v -0.63367180 -1.69573967 -0.48563195
v -0.69823279 -1.64850614 -0.50199362
v -0.92806833 -1.31248986 -0.60872555
v -0.91481508 -1.29990932 -0.63334217
v -1.16461228 -0.38373028 0.01752237
v -1.20885386 -0.34981527 -0.12447184
v -1.20104733 -0.24524040 -0.17392866
v -1.03067814 0.17556802 -0.18697865
v -1.00629935 0.15971378 -0.13960435
v -1.17098126 -0.49792730 0.16512609
v -1.16946142 -0.51563477 0.16615104
v -1.14273420 -0.79817899 0.33973671
v -0.59700720 -1.82461380 -0.01603584
v -0.72869236 -1.58492094 -0.56991254
v -1.05582424 -0.96941849 -0.61793294
v -1.18447603 -0.63242804 -0.33824565
v -1.17231618 -0.45768579 0.04416833
v -1.15398006 -0.37053670 0.03662046
v -1.18850429 -0.43402971 -0.01203522
v -1.17144636 -0.17024718 -0.17592385
v -1.12757383 -0.08170283 -0.16536288
v -1.00828493 0.12246003 -0.09043676
v -1.04418888 0.07002351 0.23152306
v -1.17828626 -0.52485619 0.27757375
v -1.15514956 -0.43258882 0.17888948
v -1.04234680 -1.06701209 0.45196206
v -0.57553323 -1.82193858 -0.26631641
v -0.55408070 -1.76197798 -0.33581888
v -0.65886899 -1.70480159 -0.41517697
v -1.08140252 -0.97776518 -0.58314207
v -1.16311102 -0.39832975 0.03293916
v -0.99450135 0.14120788 -0.11284982
v -0.95273377 0.11590104 -0.06510520
v -1.07861657 -0.96931639 0.42665966
v -0.98728215 -1.17459507 0.48677317
v -0.92728853 -1.30551080 0.44219482
v -0.93933510 -1.31498714 0.42621982
v -0.93987466 -1.32153773 0.42006826
v -0.90069480 -1.34589039 0.45095434
v -0.87330656 -1.42256780 0.41037545
v -0.76017778 -1.61365532 0.30512434
v -0.59607985 -1.82777022 -0.11751497
v -0.55777943 -1.75920309 -0.32932763
v -0.62804933 -1.72205199 -0.39888172
v -0.77053473 -1.48110844 -0.64199806
v -0.87436446 -1.38258436 -0.61655961
v -0.91724562 -1.30751157 -0.62815624
v -0.89744364 -1.27791232 -0.66404277
v -1.12997944 -0.59665947 -0.47843031
v -1.16476969 -0.41781095 0.03734709
v -1.15859796 -0.37611309 0.02914663
v -1.16167623 -0.25479283 -0.10140855
v -1.06374622 -1.02330675 0.43755465
v -0.76679764 -1.53619953 0.41656051
v -0.72098480 -1.71354180 -0.13205699
v -0.61132974 -1.73914627 -0.34685663
v -0.88194091 -1.26014788 -0.68571881
v -0.87892949 -1.25553059 -0.69184467
v -0.87770934 -1.25382245 -0.69257677
v -0.88341099 -1.25475193 -0.69999006
v -0.88444358 -1.24895703 -0.70832164
v -0.94741235 -1.14922090 -0.70672243
v -1.13143016 -0.79254099 -0.51594414
v -1.17505560 -0.54973220 -0.31832702
v -1.19207616 -0.53841769 -0.09512931
v -1.15777899 -0.38924873 0.02519673
v -1.14629516 -0.34214677 0.03246443
v -1.18434017 -0.40124169 -0.03024862
v -1.16942188 -0.21941257 -0.14324538
v -0.99278017 0.13604184 0.11211636
v -1.13364861 -0.33177372 0.23819608
v -1.15358618 -0.43074720 0.16990887
v -1.13907984 -0.60132259 0.30545285
v -0.76924413 -1.57826901 0.35292608
v -0.58585052 -1.79459080 0.05342025
v -0.56661652 -1.83909677 -0.24613430
v -0.54405531 -1.83191124 -0.34245174
v -0.52378737 -1.82813505 -0.38699151
v -0.87692760 -1.25451669 -0.69538974
v -0.87722124 -1.25357840 -0.69404091
v -1.01739682 -1.05881362 -0.64929795
v -1.07729301 -0.87578224 -0.59772109
v -1.11727890 -0.74334089 -0.53441234
v -1.19665918 -0.60439343 -0.22511752
v -0.99438343 0.16721072 0.15848081
v -1.13286730 -0.31590896 0.25794450
v -0.66164267 -1.74123306 -0.04748060
v -0.54182975 -1.75738959 -0.37545306
v -0.87423614 -1.25020706 -0.70288744
v -0.90171131 -1.20614577 -0.71694446
v -0.95967896 0.11014264 0.03249456
v -0.99216723 0.11573956 0.06137897
v -1.11260976 -0.87489301 0.39116108
v -1.10183404 -0.89095185 0.40458651
v -0.90499594 -1.27778049 0.50387364
v -0.92885244 -1.31368652 0.44154646
v -0.73674598 -1.57223834 0.40381871
v -0.69385361 -1.72387251 0.01313460
v -0.57640372 -1.76084119 0.09443569
v -0.56543315 -1.82908767 -0.28968062
v -0.48650715 -1.82023311 -0.45434566
v -0.69100869 -1.54403857 -0.66227474
v -1.11704694 -0.63156682 -0.51322024
v -1.13375753 -0.52078145 -0.44185128
v -1.14911480 -0.35071615 0.02448452
v -1.16374099 -0.32083548 -0.04872039
v -0.99900218 0.11040347 0.06031449
v -0.99682080 0.12081901 0.08616812
v -1.13914529 -0.36578840 0.17374851
v -1.16769708 -0.55966373 0.20802355
v -1.13643496 -0.67383171 0.33251477
v -0.96784318 -1.09108394 0.53611509
v -0.90795251 -1.28777207 0.47729166
v -0.72883972 -1.60505255 0.36546326
v -0.58316545 -1.82294189 0.06057368
v -0.55476800 -1.83836115 -0.27515932
v -0.48244361 -1.83376026 -0.44578288
v -0.58582421 -1.71786104 -0.48628600
v -0.80283479 -1.44724814 -0.64047811
v -1.09066069 -0.66866747 -0.56494885
v -1.13900951 -0.21679175 -0.08165133
v -1.00211494 0.10256861 0.02608428
v -1.15995797 -0.46235076 0.16743611
v -1.07277344 -0.89543469 0.44370117
v -0.95499019 -1.15181343 0.53383769
v -0.91629235 -1.29604951 0.46490950
v -0.92353716 -1.30235230 0.45510279
v -0.69896772 -1.71340170 0.09540931
v -0.58810245 -1.83129775 -0.19453450
v -0.61322288 -1.62041479 -0.64658398
v -0.88846499 -1.26845447 -0.68039154
v -0.92405290 -1.09760680 -0.74707018
v -0.99719367 -1.00509811 -0.68306837
v -1.10315528 -0.50975641 -0.50097394
v -1.14086134 -0.31186298 0.01878802
v -1.06139661 0.00532543 -0.09616869
v -1.03707474 0.01407092 0.14415361
v -1.15225889 -0.78190503 0.32339356
v -1.01459647 -1.03332153 0.49707464
v -0.97697310 -1.18403543 0.49542790
v -0.90406714 -1.29791005 0.48232316
v -0.70741920 -1.55994263 0.45290498
v -0.73225300 -1.69797900 0.08755748
v -0.56750973 -1.82299984 0.11784554
v -0.56598699 -1.83941882 0.04630272
v -0.57590337 -1.84069150 -0.12426155
v -0.53233456 -1.76021618 -0.38277151
v -0.60394694 -1.66133817 -0.59460989
v -0.81081755 -1.40176123 -0.67068915
v -0.86692430 -1.23886158 -0.71769982
v -0.93984560 -1.13236190 -0.72164963
v -1.16106422 -0.39775641 -0.02523758
v -1.14588350 -0.32946281 0.01967550
v -1.06839282 -0.04589193 0.23418893
v -0.78517291 -1.48779600 0.44980448
v -0.59589618 -1.76207937 0.00374821
v -0.58226581 -1.76689415 0.06871426
v -0.43425967 -1.82726784 -0.51462207
v -0.51969871 -1.79997564 -0.40625139
v -0.50517179 -1.75730161 -0.43219270
v -0.50990076 -1.75099659 -0.45340757
v -0.63304003 -1.66484821 -0.55690865
v -0.86755110 -1.24703444 -0.71557759
v -0.87040071 -1.11190145 -0.78336684
v -1.16200659 -0.46817631 -0.29527763
v -1.13272953 -0.28374892 0.01837607
v -1.00874162 0.11496457 0.14625618
v -1.12453810 -0.30984663 0.16645003
v -0.89796251 -1.27845299 0.49800087
v -0.64575579 -1.74525030 0.02163569
v -0.58696218 -1.76066238 0.05557706
v -0.56571640 -1.83242852 0.09566104
v -0.71801259 -1.50581143 -0.67367967
v -1.07079458 -0.86098255 -0.60785012
v -1.06998996 -0.80735825 -0.60622494
v -1.15357415 -0.40303255 -0.25305957
v -1.16754841 -0.42321831 -0.07668921
v -1.14495243 -0.45545615 0.21236551
v -1.08298414 -0.76487662 0.42693478
v -0.93011076 -1.13344916 0.56403403
v -0.88701338 -1.24957097 0.54132343
v -0.87662906 -1.25346662 0.52867163
v -0.86656230 -1.33781069 0.49478988
v -0.84439825 -1.43580841 0.43544601
v -0.72627070 -1.52022501 0.47965960
v -0.70553965 -1.50332348 0.51530555
v -0.52482026 -1.82293731 0.21421911
v -0.77142096 -1.38852870 -0.71922641
v -0.90303303 -1.29418399 -0.65582864
v -0.85384143 -1.21663759 -0.74271219
v -0.84712449 -1.20994172 -0.74171136
v -1.04446019 -0.88001260 -0.64119761
v -1.18083619 -0.50737771 -0.21103336
v -1.13364124 -0.29677869 0.01249650
v -1.03563686 0.05800513 -0.07932847
v -1.13258285 -0.47984211 0.26786315
v -1.11870248 -0.78344757 0.37965421
v -0.86590705 -1.21772864 0.57639041
v -0.72950509 -1.65571020 0.26305023
v -0.54624879 -1.82603629 0.17034905
v -0.49484273 -1.82363298 0.26112800
v -0.53954960 -1.83975107 -0.28496755
v -0.50580550 -1.83981837 -0.36558912
v -0.50211023 -1.84020231 -0.39354958
v -0.56250297 -1.61777336 -0.69686164
v -0.84101375 -1.17812447 -0.77713660
v -1.12533222 -0.26350585 0.00497784
v -1.08970044 -0.04196247 -0.12278607
v -1.11925409 -0.28822167 0.16557697
v -1.10657632 -0.74335033 0.39382915
v -0.90985926 -1.07714460 0.60248017
v -0.89439929 -1.28026807 0.50496197
v -0.57149449 -1.75972694 0.11505095
v -0.53195188 -1.84026811 -0.32488871
v -1.07014253 -0.72566171 -0.59960655
v -1.10332537 -0.43737585 -0.47290544
v -1.08731676 -0.33945176 -0.45271034
v -1.13563758 -0.43127885 -0.38503719
v -1.12555079 -0.25324190 0.00641705
v -1.10593215 -0.20015563 0.01914317
v -1.13270319 -0.32091410 0.25157127
v -1.13055826 -0.33849695 0.16676156
v -0.86511991 -1.23774369 0.55034910
v -0.45713570 -1.81289666 0.31544766
v -0.50292800 -1.82502580 0.24691352
v -0.55568832 -1.83708982 -0.17193907
v -0.50234083 -1.83675274 -0.34701795
v -0.53542800 -1.71570608 -0.55526374
v -0.53734283 -1.70452983 -0.57917166
v -0.53150592 -1.64526175 -0.68511305
v -0.69943255 -1.43639213 -0.74904633
v -0.74428906 -1.38854404 -0.74376731
v -0.85739317 -1.22761828 -0.73230371
v -0.94905722 -0.92413737 -0.74308317
v -1.11637209 -0.22412723 0.00371753
v -1.11335140 -0.20849247 -0.00034969
v -1.00092390 0.10406085 0.00640534
v -1.11552192 -0.39326062 0.25852161
v -1.10306679 -0.64270268 0.37979315
v -1.01188021 -0.91875677 0.51380253
v -0.87790899 -1.25984166 0.53194311
v -0.65844363 -1.70204755 0.25171566
v -0.49150072 -1.83741296 0.24422218
v -0.57995215 -1.83982081 -0.01473294
v -0.45345025 -1.75728963 -0.49948911
v -0.47387129 -1.75582272 -0.47710669
v -0.84118761 -1.19934625 -0.75402398
v -1.05709566 -0.62809678 -0.60137115
v -1.14978220 -0.34924549 -0.07083360
v -1.09587136 -0.17667802 0.02316063
v -1.09587136 -0.17667802 0.02755311
v -1.11024696 -0.14768433 -0.06838525
v -1.01297339 0.07430074 0.04986901
v -1.03310613 0.01160620 0.08962541
v -1.09731348 -0.15698694 0.25258267
v -1.12235393 -0.32174975 0.17169899
v -1.13899755 -0.37433062 0.17201626
v -1.10257561 -0.48800875 0.33589034
v -0.92251378 -1.00422926 0.60009703
v -0.67493853 -1.67668580 0.30140964
v -0.68383942 -1.70915581 0.16972858
v -0.64149427 -1.73171136 0.15101667
v -0.34846143 -1.83400567 -0.58240556
v -0.82332945 -1.16286585 -0.78096073
v -0.97316021 -0.96667710 -0.71482591
v -0.98531144 -0.63670427 -0.68689272
v -1.13975342 -0.31266027 -0.06532645
v -1.09587136 -0.17667802 0.02047628
v -1.11827330 -0.30717479 0.16773485
v -1.14691929 -0.41881132 0.17487253
v -1.10254243 -0.42250280 0.30675383
v -1.06645113 -0.50108401 0.39613920
v -0.84946240 -1.21333143 0.57737601
v -0.85403122 -1.22239171 0.56292248
v -0.84087175 -1.35933471 0.50628342
v -0.78033804 -1.42489085 0.51371043
v -0.55342547 -1.75854606 0.16594018
v -0.54638223 -1.76090835 0.17756615
v -0.55244944 -1.83392074 0.13554849
v -0.46495688 -1.83691634 -0.41447876
v -0.42807962 -1.83894006 -0.49443947
v -0.42931190 -1.76902192 -0.52663543
v -0.81773855 -1.14821910 -0.79193017
v -0.84302767 -1.09095664 -0.80621682
v -0.89664240 -1.03472092 -0.78734358
v -1.04181388 -0.41679572 -0.56791206
v -1.14095893 -0.38427285 -0.30948257
v -1.09793752 -0.17064894 0.00604085
v -1.01652974 0.09747778 -0.07042597
v -1.11015376 -0.25367397 0.15531216
v -1.05489846 -0.55279757 0.42640054
v -0.85704662 -1.22687311 0.55982743
v -0.86295266 -1.23956320 0.55680112
v -0.65898200 -1.55725184 0.50544140
v -0.61867822 -1.68739181 0.35086576
v -0.55584362 -1.83724609 -0.00118837
v -0.53419533 -1.83687570 -0.26805478
v -0.45531991 -1.83927293 -0.44134956
v -0.35891368 -1.82519435 -0.58266439
v -0.43582752 -1.74895591 -0.54987408
v -0.53449800 -1.69288338 -0.61258947
v -0.83128348 -1.17954219 -0.76976839
v -0.97799565 -0.85808070 -0.71386985
v -1.16675972 -0.41689204 -0.12877013
v -1.13193450 -0.28314043 -0.14245333
v -1.10633092 -0.19573815 0.00351989
v -1.09425949 -0.13867865 -0.01513582
v -1.08990396 -0.15631187 0.21118010
v -1.10452866 -0.27602529 0.18752764
v -1.05711104 -0.33776369 0.35126071
v -0.99272501 -0.71405326 0.52759358
v -0.96749046 -0.92336266 0.56102372
v -0.93196844 -0.85083673 0.59866045
v -0.90110017 -1.09762195 0.59939132
v -0.85814660 -1.24265329 0.56145023
v -0.46316096 -1.82777060 0.30116812
v -0.55583387 -1.72338338 -0.51332595
v -0.45825921 -1.65832066 -0.72448265
v -0.59037657 -1.53569684 -0.75830428
v -0.74094385 -1.36694465 -0.76158449
v -1.00586552 -0.73692852 -0.67737150
v -1.01511023 -0.70143559 -0.66195679
v -1.08922788 -0.29380947 -0.41658660
v -1.13671564 -0.39532933 -0.34579075
v -1.09590017 -0.17479200 0.00403002
v -1.09460893 -0.19978688 0.13784745
v -0.89030495 -1.01531482 0.63094471
v -0.83994759 -1.19764698 0.58849102
v -0.75611698 -1.41270122 0.54607491
v -0.60432672 -1.57341892 0.53396487
v -0.66980118 -1.61194075 0.42694077
v -0.62978805 -1.65859527 0.39662348
v -0.61982104 -1.74733631 0.09233244
v -0.53404770 -1.75798931 0.20555237
v -0.51742242 -1.75933571 0.23252127
v -0.41446526 -1.83939897 -0.49213737
v -0.42450081 -1.75572718 -0.53230596
v -0.58311659 -1.57270653 -0.72789949
v -1.03763209 -0.54414085 -0.60910854
v -1.04731049 -0.37400910 -0.54440294
v -1.10943944 -0.21370262 -0.00358449
v -0.85505307 -1.22865466 0.56898491
v -0.76499622 -1.34704276 0.58417655
v -0.34622569 -1.83894393 -0.55407517
v -0.37459539 -1.75742708 -0.57567679
v -0.45667081 -1.73907109 -0.56495991
v -0.49371424 -1.69797246 -0.63435654
v -1.00624087 -0.34451120 -0.59402712
v -1.11633979 -0.28570812 0.15694787
v -1.12380319 -0.35732432 0.20418290
v -1.03535047 -0.82432464 0.48957652
v -0.83181361 -1.14902297 0.63061643
v -0.84613284 -1.19017968 0.60296626
v -0.83891727 -1.28651858 0.55482894
v -0.59231733 -1.71757995 0.30516083
v -0.50865345 -1.83890112 0.17418107
v -0.39025651 -1.83646006 -0.49984776
v -0.30354174 -1.84038843 -0.59146875
v -0.27387069 -1.83663727 -0.62420776
v -0.29957995 -1.79043956 -0.62562871
v -0.38838655 -1.81415265 -0.56477958
v -0.40080062 -1.75455974 -0.55656372
v -0.70122495 -1.34992170 -0.80533338
v -0.81591934 -1.30958162 -0.73173387
v -0.83600611 -1.19703879 -0.76550609
v -1.05591540 -0.48003744 -0.56848997
v -1.06839019 -0.33713178 -0.49348921
v -1.07762434 -0.20690724 -0.37288452
v -1.06647783 -0.07798889 0.03096848
v -1.08966998 -0.17315964 0.12016627
v -1.10233374 -0.25319206 0.16477140
v -0.81927408 -1.14816263 0.62942262
v -0.83645410 -1.19011592 0.59731567
v -0.64452199 -1.49295298 0.57615963
v -0.54150064 -1.83762134 0.07362996
v -0.47372511 -1.83687193 -0.39356239
v -0.41008553 -1.83661301 -0.48249535
v -0.45810678 -1.72479629 -0.60897911
v -0.42489245 -1.71845676 -0.64681785
v -0.80717326 -1.12019687 -0.80942783
v -0.81945449 -1.12992242 -0.80892423
v -0.87416610 -0.95126952 -0.81778605
v -1.04856274 -0.17845197 -0.42394298
v -1.11600981 -0.25735316 -0.24578908
v -1.07457435 -0.08572181 -0.00386651
v -1.05722533 -0.42881599 0.38807446
v -0.99583935 -0.47090649 0.48113608
v -0.85023380 -1.09226696 0.63559701
v -0.68567417 -1.44027329 0.58522788
v -0.57148080 -1.74493969 0.22060173
v -0.53632527 -1.84022279 0.12542581
v -0.53933165 -1.83729369 0.03753833
v -0.52447464 -1.43209118 -0.88406155
v -0.82441912 -1.17376434 -0.78437753
v -0.81174043 -1.13522604 -0.80033159
v -0.86877519 -0.91199044 -0.82518764
v -0.90775363 -0.82041768 -0.78531631
v -1.10262699 -0.19008749 -0.06339625
v -1.08382928 -0.13274208 0.00084707
v -1.07365704 -0.11587748 0.10519188
v -1.03558675 -0.68583303 0.47525795
v -0.43013373 -1.82005699 0.34264305
v -0.46712036 -1.68965230 -0.67178314
v -0.63710115 -1.42866949 -0.80514836
v -0.77716551 -0.95994622 -0.87070811
v -0.97534280 -0.79517939 -0.71455362
v -0.94794083 -0.71589552 -0.73630361
v -0.99281628 -0.49959094 -0.65337675
v -1.11008851 -0.21208840 -0.11614916
v -1.07228116 -0.11077396 -0.00853243
v -1.06840527 -0.09583216 0.08746136
v -1.08510267 -0.30955173 0.27949890
v -1.05978378 -0.26762786 0.30722046
v -0.82270831 -1.16339494 0.61666737
v -0.84393395 -1.21090715 0.58606237
v -0.53715327 -1.63996278 0.51123048
v -0.48293490 -1.75642380 0.28672622
v -0.46967900 -1.75805147 0.30076104
v -0.48975128 -1.83729836 0.19800331
v -0.51763801 -1.83697189 0.13507026
v -0.22739143 -1.83979652 -0.63227570
v -0.46202569 -1.61556309 -0.77183164
v -0.80259203 -1.10227366 -0.82204475
v -0.85607720 -0.84423263 -0.83778837
v -1.09018087 -0.15613379 -0.00793974
v -1.07662857 -0.10730756 -0.00505829
v -1.08643793 -0.16978666 0.11133740
v -1.08441819 -0.17489599 0.11870100
v -1.08415799 -0.21743086 0.19129673
v -0.95042822 -0.73356825 0.57260404
v -0.86712426 -0.91139477 0.66230277
v -0.79176267 -1.01042486 0.69022916
v -0.55273477 -1.70303926 0.39179327
v -0.59436621 -1.73525232 0.23433915
v -0.40690653 -1.82571315 0.36040299
v -0.39590682 -1.83469902 0.36263966
v -0.49698978 -1.83725687 -0.24782632
v -0.36815816 -1.70755959 -0.70885748
v -0.79521036 -1.03415636 -0.85015143
v -1.03465585 -0.19692495 -0.47468331
v -1.12154158 -0.28981708 -0.27971936
v -1.07672350 -0.13608033 0.09331544
v -1.07736223 -0.14632798 0.11266390
v -1.05490982 -0.26906719 0.31711575
v -0.87159223 -0.77186319 0.65434824
v -0.60847751 -1.52333041 0.57901270
v -0.52839199 -1.58068207 0.58256781
v -0.50147156 -1.75695881 0.26000905
v -0.44016516 -1.83680795 0.26499343
v -0.45258900 -1.83709017 0.24038751
v -0.19364868 -1.83728221 -0.25276986
v -0.29422478 -1.83710426 -0.43025753
v -0.27085598 -1.83731671 -0.59348088
v -0.35620802 -1.75656477 -0.59045747
v -0.49655780 -1.51124457 -0.84252265
v -0.77740537 -0.97513152 -0.86696200
v -1.02466950 -0.22583778 -0.51256002
v -1.06114528 -0.08828433 0.03241764
v -1.06501860 -0.09085985 0.04791632
v -1.07649294 -0.14023886 0.11003804
v -0.85720859 -0.82118644 0.67130746
v -0.85437877 -0.88133174 0.67194033
v -0.80899941 -1.13124224 0.63314968
v -0.81332596 -1.14785570 0.63228588
v -0.56024069 -1.65944830 0.46377787
v -0.41300441 -1.75667376 0.36146145
v -0.40358478 -1.83681378 0.31047962
v -0.43772486 -1.83680795 0.26743372
v -0.44284939 -1.83680795 0.26230919
v -0.36103656 -1.83679325 -0.53147147
v -0.33644922 -1.66831063 -0.78460948
v -0.76395769 -0.94763624 -0.86693144
v -0.84308003 -0.81521265 -0.84451671
v -0.91615234 -0.65093155 -0.76159678
v -0.95912048 -0.30746618 -0.64289159
v -1.06951806 -0.09280575 0.00096239
v -1.05854956 -0.09465524 0.06684373
v -1.06450731 -0.10823454 0.08630382
v -1.06088737 -0.18055242 0.22827145
v -1.05797094 -0.20226646 0.25746483
v -0.99623249 -0.61846373 0.50938628
v -0.95241066 -0.55869580 0.54709899
v -0.80780202 -1.08913166 0.66391791
v -0.80038844 -1.10785600 0.64666499
v -0.83028415 -1.17850928 0.60587118
v -0.50274934 -1.73305037 0.36155758
v -0.44317856 -1.75660502 0.33287453
v -0.40885712 -1.83939023 0.32179372
v -0.44711667 -1.83754483 0.26448971
v -0.43504052 -1.83680795 0.27011807
v -0.23377832 -1.83690332 -0.60248520
v -0.22153366 -1.83761686 -0.61763003
v -0.20192705 -1.84060630 -0.64472491
v -0.31354159 -1.75748104 -0.61804624
v -0.34904603 -1.73097862 -0.67219243
v -0.36876376 -1.65339540 -0.78460567
v -0.46610699 -1.58170202 -0.80243478
v -0.73688615 -1.28758240 -0.80982002
v -0.79391715 -1.14789362 -0.81587686
v -0.78687978 -1.01691383 -0.85657706
v -0.76741614 -0.87134391 -0.88344257
v -0.87156104 -0.95214941 -0.81957260
v -1.00191506 -0.21560732 -0.54605644
v -1.09910064 -0.22618133 -0.29510398
v -1.09307836 -0.21138577 0.14894282
v -1.02064259 -0.23989481 0.36631335
v -0.78219184 -1.18781606 0.64607479
v -0.36073574 -1.83778356 0.35393169
v -0.30239295 -1.83817401 -0.58183233
v -0.12088326 -1.83001986 -0.68491394
v -0.57213187 -1.48223254 -0.81520754
v -0.79101545 -1.07436825 -0.82969707
v -0.76727995 -0.97694555 -0.85665814
v -0.98173927 -0.28784824 0.44573131
v -0.95452242 -0.28381838 0.48107432
v -0.74319261 -1.30171138 0.62770414
v -0.52649626 -1.71852272 0.37888053
v -0.34592541 -1.83399664 0.40197598
v -0.35981847 -1.83708579 0.33883976
v -0.32745156 -1.83728562 0.14578302
v -0.16139153 -1.83693984 -0.63776909
v -0.23615905 -1.81697464 -0.65404602
v -0.46817642 -1.48803339 -0.87845380
v -0.92126923 -0.55192134 -0.74250115
v -0.93625043 -0.38684594 -0.69362417
v -0.92411826 -0.32928732 -0.69392908
v -1.07214606 -0.17504683 -0.34294122
v -0.91742285 -0.33425514 0.53903054
v -1.02031406 -0.57219675 0.47397433
v -0.75739180 -1.29445793 0.61965715
v -0.51418281 -1.74280959 0.31495455
v -0.34841020 -1.83680795 0.35674839
v -0.35085049 -1.83680795 0.35430809
v -0.24036190 -1.83713427 -0.40746079
v -0.18188161 -1.83972272 -0.65633293
v -0.21261217 -1.82299771 -0.66153570
v -0.38654947 -1.61203435 -0.81886350
v -0.49995186 -1.54977293 -0.81064061
v -0.77910318 -1.02781492 -0.84634656
v -1.09180250 -0.17257084 -0.21807680
v -0.90561864 -0.71874747 0.61613090
v -0.84724980 -0.69844931 0.67181123
v -0.85216649 -0.81494681 0.67527017
v -0.79234544 -1.03350508 0.68589230
v -0.80113618 -1.08007107 0.66663768
v -0.34572585 -1.83680795 0.35943273
v -0.41807717 -1.83722607 0.27931896
v -0.08946826 -1.83937296 -0.66236388
v -0.11048178 -1.83680795 -0.64669929
v -0.10535714 -1.83680795 -0.64669929
v -0.34846867 -1.56659593 -0.88061600
v -0.61994965 -1.35408938 -0.86429169
v -0.69113591 -1.21355664 -0.87478233
v -0.86820302 -0.50664754 -0.79079844
v -0.97296289 -0.24281341 -0.60135571
v -1.08942077 -0.15769395 -0.16974880
v -0.77356985 -0.92690963 0.71118361
v -0.79084691 -1.05372101 0.67542578
v -0.79410946 -1.08961707 0.65567326
v -0.55887203 -1.48045830 0.64784148
v -0.48333412 -1.53880830 0.64756326
v -0.45515190 -1.57206535 0.63631789
v -0.32515367 -1.83918039 0.39077824
v -0.15612340 -1.83724366 -0.61494092
v -0.09632812 -1.83680795 -0.64669929
v -0.17077498 -1.81745803 -0.67617200
v -0.27977341 -1.75992387 -0.63506123
v -0.29295099 -1.75735682 -0.62966573
v -0.48665861 -1.46541574 -0.88474140
v -0.63405957 -1.29169158 -0.88496856
v -0.75708255 -1.16825456 -0.83960720
v -0.77094655 -0.99433759 -0.85607900
v -0.95268216 -0.27012488 -0.63963635
v -1.01657175 -0.11357013 -0.41521811
v -1.06310320 -0.11813993 0.10274333
v -1.04943597 -0.17499167 0.25648966
v -0.77157746 -0.78294801 0.71548571
v -0.78013348 -0.99188179 0.69715445
v -0.77790146 -1.03053590 0.67593844
v -0.77790146 -1.03199999 0.67593844
v -0.79795238 -1.08672061 0.66234923
v -0.43944152 -1.63098832 0.58845591
v -0.51173563 -1.68342112 0.46766512
v -0.34895919 -1.82122720 0.41025082
v -0.27077620 -1.73534257 -0.70669392
v -0.34863264 -1.60212189 -0.84869706
v -0.79079962 -1.08475007 -0.83271138
v -0.75662216 -0.90446977 -0.86920270
v -0.91243778 -0.35098935 -0.71308503
v -1.03616811 -0.06559293 0.03713790
v -1.02192662 -0.19174838 0.33290445
v -0.76585866 -0.87084088 0.71860441
v -0.77790146 -1.03322025 0.67593844
v -0.78796340 -1.06680569 0.66833215
v -0.62438231 -1.29201913 0.71772327
v -0.55929514 -1.42926599 0.68203062
v -0.40395000 -1.55933897 0.67499062
v -0.39227846 -1.75754019 0.37903135
v -0.32689354 -1.82219965 0.42311532
v -0.29206409 -1.83868339 0.42718828
v -0.30404201 -1.83698086 0.39083635
v -0.09318622 -1.83729605 -0.12592590
v -0.12629120 -1.83696458 -0.64240060
v -0.08070242 -1.83701935 -0.64790301
v -0.23315320 -1.70161713 -0.78447466
v -0.68164066 -1.24353543 -0.87189535
v -0.68584538 -1.12783649 -0.90311804
v -0.75691491 -0.91022958 -0.86876575
v -0.75691491 -0.91022958 -0.86998590
v -0.75691491 -0.90437278 -0.86876575
v -0.84807401 -0.74619427 -0.83958530
v -0.86003081 -0.57244435 -0.80919770
v -1.00864716 -0.15735620 0.32069413
v -0.77875291 -0.96575697 0.70411568
v -0.77475389 -1.01534136 0.68129279
v -0.80130105 -1.11471121 0.64950151
v -0.26004739 -1.75549576 -0.65088059
v -0.75682184 -0.90984694 -0.87086957
v -0.76494061 -0.87268121 -0.88302289
v -0.92581779 -0.31883908 -0.68862957
v -1.02763263 -0.19413220 -0.48659363
v -0.97224788 -0.09924246 -0.49183533
v -0.98265053 -0.09383797 -0.46517028
v -1.05579183 -0.12444974 -0.31033880
v -1.06275418 -0.08353524 -0.12189839
v -1.04955769 -0.06685795 0.03712965
v -0.77920035 -1.03248165 0.67897782
v -0.67340477 -1.24479990 0.70368738
v -0.61761454 -1.41968484 0.65112771
v -0.33668666 -1.75810206 0.42065814
v -0.23819377 -1.83253242 0.46148872
v -0.21278817 -1.83662349 0.43540380
v -0.24369310 -1.83729605 0.08150456
v -0.05558858 -1.83729605 -0.25859958
v -0.76079511 -0.93873753 -0.87086454
v -0.75816511 -0.87827799 -0.87974925
v -0.87021333 -0.47865245 -0.78249361
v -1.05241985 -0.11589739 0.15180007
v -0.97207167 -0.24630781 0.44263240
v -0.93024683 -0.31106301 0.51811685
v -0.87866151 -0.49988620 0.61471730
v -0.76966091 -0.98781203 0.69001394
v -0.45467190 -1.48147016 0.70715499
v -0.35426981 -1.63928846 0.62457808
v -0.26047942 -1.82257828 0.45823896
v -0.22007889 -1.83954326 0.44662048
v -0.25529160 -1.83679058 0.41742006
v -0.20792506 -1.83725898 0.40880111
v -0.10415229 -1.83729605 0.18537896
v -0.24904735 -1.69057866 -0.79203169
v -0.27194532 -1.66720189 -0.81330451
v -0.30902648 -1.62493405 -0.84381009
v -0.39740931 -1.50249911 -0.90669201
v -0.54790454 -1.34421993 -0.91895085
v -0.71446339 -1.07964038 -0.89108114
v -0.75985057 -0.91252945 -0.87206942
v -0.75654644 -0.91136088 -0.87568981
v -0.96438749 -0.23030757 -0.60233138
v -1.01199020 -0.07824272 -0.37929267
v -1.03987750 -0.06548679 -0.01966875
v -1.04015673 -0.06790593 0.09792510
v -1.02876339 -0.06881700 0.11637978
v -1.02876339 -0.06881700 0.12174836
v -1.03201386 -0.06995375 0.13892233
v -1.03395317 -0.16684382 0.28196960
v -0.99091816 -0.22687265 0.40619677
v -0.75305016 -0.86390271 0.71004341
v -0.79102875 -1.11144339 0.65984687
v -0.50980330 -1.45953298 0.69241927
v -0.38140210 -1.69506830 0.54061757
v -0.46017937 -1.72828040 0.41699955
v -0.43360136 -1.74651634 0.38242033
v -0.37564208 -1.75736477 0.39367315
v 0.06169522 -1.83695238 -0.65494120
v -0.20252269 -1.76053854 -0.66788067
v -0.23505620 -1.63794607 -0.86014755
v -0.61119734 -1.22262709 -0.92886289
v -0.71162521 -1.04468159 -0.89997270
v -0.72111862 -0.95763521 -0.90302920
v -0.76171048 -0.82755905 -0.88574064
v -0.84899212 -0.67730140 -0.83245344
v -0.85432797 -0.56419841 -0.81172998
v -1.04569368 -0.08080680 -0.26235710
v -1.05245657 -0.06535620 0.00222935
v -1.04260348 -0.06615274 -0.05100400
v -1.02876339 -0.06881700 0.11125514
v -0.86331645 -0.52808459 0.63577758
v -0.53305827 -1.37605050 0.73034756
v -0.38403840 -1.71381749 0.50536214
v -0.39497465 -1.74805256 0.40843892
v -0.20250386 -1.74290565 -0.71434326
v -0.54618677 -1.27124598 -0.95270414
v -0.75354937 -0.89147353 -0.87881873
v -0.76063228 -0.77874697 -0.88529782
v -0.90209551 -0.27845467 -0.68824706
v -1.04054587 -0.06603532 -0.04673670
v -1.04025865 -0.06668987 -0.07081401
v -1.02871451 -0.06754754 0.09214221
v -0.76339142 -0.73187065 0.71790341
v -0.76183829 -0.93265678 0.70245816
v -0.67049977 -1.22237816 0.71559249
v -0.64982981 -1.36255920 0.66348952
v -0.43503917 -1.71589190 0.46789655
v -0.15503840 -1.83877486 0.46180730
v -0.12257837 -1.79734464 -0.68882949
v -0.90800627 -0.17988102 -0.63482807
v -0.96705672 -0.09542661 -0.47229465
v -0.99169454 -0.08183795 -0.41904072
v -1.02614507 -0.07419852 -0.32991533
v -0.98684051 -0.08540581 0.28411010
v -1.00295914 -0.20930776 0.37761418
v -0.74910593 -0.80627315 0.71132280
v -0.74886199 -0.80871344 0.71010255
v -0.74886199 -0.81115374 0.71010255
v -0.76152546 -0.92494362 0.70676104
v -0.76456068 -0.95516409 0.69869986
v -0.76718821 -0.98323940 0.69780044
v -0.77413949 -1.02084485 0.68826626
v -0.73225061 -1.08968542 0.70978919
v -0.73243594 -1.14402808 0.69598686
v -0.34250946 -1.62261802 0.64627631
v -0.34059568 -1.72317222 0.51386168
v -0.29463655 -1.75896560 0.44436254
v -0.19266024 -1.75803047 -0.67371910
v -0.75151364 -0.83957756 -0.87576532
v -0.75154622 -0.82530740 -0.87657473
v -0.75130228 -0.82823579 -0.87633068
v -0.75052331 -0.82741818 -0.87870099
v -0.96138451 -0.09943051 -0.49202202
v -0.98395988 -0.08544752 -0.43198699
v -1.00742562 -0.07520467 -0.36342764
v -1.05247587 -0.06533954 -0.14050360
v -0.89008898 -0.41082627 0.58629374
v -0.52059098 -1.24501743 -0.97741175
v -0.72644192 -0.89455654 -0.90040728
v -0.75081418 -0.82433119 -0.87779488
v -0.75086586 -0.82083504 -0.87759084
v -0.74928344 -0.81182799 -0.87677322
v -0.86832985 -0.37088720 -0.74989979
v -0.95066054 -0.11007145 -0.52782488
v -0.99417289 -0.08096951 -0.39478183
v -0.99822319 -0.07987603 -0.37977079
v -1.04295359 -0.06804550 -0.23921618
v -1.01867415 -0.06982965 0.14418310
v -1.02511125 -0.07264747 0.17320333
v -1.00897754 -0.07773874 0.22839127
v -0.76007836 -0.80405426 0.72181348
v -0.75053131 -0.81566770 0.71374805
v -0.75749917 -0.90118059 0.70994243
v -0.35271336 -1.50217357 0.74143101
v -0.32693818 -1.57816904 0.69336927
v -0.34719545 -1.73947565 0.47218961
v -0.21163663 -1.82710681 0.47561399
v -0.14045524 -1.83700873 0.45964611
v 0.03222364 -1.83729579 -0.57154070
v -0.12385461 -1.76066372 -0.68968924
v -0.16895489 -1.72698957 -0.76126111
v -0.34910332 -1.51953714 -0.91753122
v -0.38158799 -1.43623926 -0.95896853
v -0.59643700 -1.18396349 -0.95058126
v -0.75308692 -0.85693977 -0.87786340
v -0.84521772 -0.63732397 -0.82933801
v -0.92503339 -0.14138170 -0.59137080
v -0.93865969 -0.12580476 -0.56233427
v -0.97514135 -0.09027760 -0.45229917
v -1.01721316 -0.07217896 -0.31293898
v -1.01656192 -0.07198944 -0.30652270
v -1.01680597 -0.07174539 -0.30066601
v -1.02447965 -0.06874493 -0.29316422
v -1.04913389 -0.06671624 -0.19753462
v -1.03553954 -0.06675961 -0.18311623
v -0.84980599 -0.61142668 0.65871956
v -0.76161292 -0.62564058 0.70714665
v -0.39370875 -1.45159790 0.75693815
v -0.15832198 -1.83772588 0.47691774
v 0.18504104 -1.83740052 -0.62955461
v -0.76110289 -0.73488769 -0.88437413
v -1.00861267 -0.07367717 -0.35099892
v -1.01802601 -0.07174539 -0.29993391
v -1.04031961 -0.06432891 -0.11543508
v -1.01164095 -0.07206161 0.17544776
v -0.93752144 -0.12538037 0.40101999
v -0.74916653 -0.80222415 0.71192337
v -0.65514958 -1.15128930 0.74969022
v -0.38896635 -1.68185012 0.55778070
v -0.00398790 -1.83729605 0.02387651
v 0.24241547 -1.83751461 -0.60621007
v 0.11965725 -1.83919895 -0.65548759
v 0.00352041 -1.83989179 -0.67994272
v -0.04889506 -1.82149503 -0.69695491
v -0.08007457 -1.70519377 -0.81319401
v -0.75551891 -0.68644673 -0.87798112
v -0.77494795 -0.50853213 -0.84484805
v -0.87569314 -0.24262006 -0.69780886
v -0.93944873 -0.11859908 -0.54396301
v -0.93603223 -0.11908718 -0.53957053
v -0.93774048 -0.11884313 -0.54176677
v -1.01367248 -0.07242045 -0.32821565
v -1.03602434 -0.06126086 0.03237318
v -0.83824050 -0.27003234 0.57302597
v -0.79563106 -0.64778692 0.69241369
v -0.76672594 -0.54438429 0.68955436
v -0.74919530 -0.68185178 0.70928375
v -0.74890459 -0.71898850 0.71288017
v -0.52422458 -1.30945454 0.77041911
v -0.45100421 -1.40526417 0.75977925
v -0.33322240 -1.50330185 0.74791994
v -0.32539187 -1.67955268 0.59139060
v -0.25664187 -1.75913717 0.46337140
v -0.11113120 -1.83859728 0.48017608
v -0.05113507 -1.83729605 0.33059155
v -0.13949582 -1.75621765 -0.69406447
v -0.45631827 -1.21488776 -1.02391388
v -0.76018185 -0.65276514 -0.87561331
v -0.81483500 -0.32673040 -0.77240068
v -0.94132944 -0.12016310 -0.55058450
v -0.93563881 -0.11826467 -0.53961313
v -0.97528843 -0.08677067 -0.45330405
v -0.97025071 -0.09878735 0.33243976
v -0.91816828 -0.13605053 0.42365830
v -0.88720715 -0.41359382 0.58886700
v -0.83560720 -0.53220735 0.65117415
v -0.16050934 -1.82633197 0.49268308
v 0.04014518 -1.83729605 0.16175389
v 0.24193509 -1.83728294 -0.32908500
v -0.05308860 -1.76724460 -0.69947728
v -0.08111996 -1.73077588 -0.76900179
v -0.42678955 -1.39083789 -0.96357163
v -0.64363179 -1.02638531 -0.95027974
v -0.80205415 -0.38453030 -0.79917845
v -0.86445896 -0.20357393 -0.67906386
v -0.90174961 -0.16272123 -0.62912923
v -0.95061078 -0.10692315 -0.50939332
v -0.95092159 -0.04494739 -0.46924566
v -1.02900209 -0.06711277 -0.24898663
v -0.95031277 0.10435841 0.05137586
v -0.98928468 0.40117785 0.20711177
v -0.98148132 0.38620826 0.20136859
v -0.92713949 0.13515857 0.11054427
v -0.97545148 0.08899716 0.01936228
v -1.02987031 -0.06278958 0.08356149
v -1.00037622 -0.07654599 0.21510273
v -0.93104496 -0.12241576 0.39320017
v -0.90955597 -0.15461085 0.45338545
v -0.89576867 -0.20220382 0.49450427
v -0.87441325 -0.19799419 0.51047191
v -0.88558687 -0.26431191 0.53316126
v -0.20323637 -1.65440432 0.66715352
v -0.32341914 -1.70701792 0.55371926
v -0.26532299 -1.75616014 0.46938313
v -0.08497979 -1.83720024 0.47039948
v -0.06993106 -1.83880058 0.47666990
v 0.23312336 -1.83730170 -0.43669685
v 0.17753345 -1.84035196 -0.64620420
v -0.43766509 -1.35145278 -0.97919527
v -0.48800194 -1.24224053 -0.99693931
v -0.74860040 -0.76753081 -0.87864588
v -0.89146920 -0.16462397 -0.62370929
v -0.90286789 -0.15012944 -0.60920513
v -0.91444013 -0.13844613 -0.58611124
v -1.04044445 -0.05810403 -0.03933043
v -0.95136787 0.09999151 -0.04725284
v -1.00393559 0.37917724 -0.21634211
v -0.98406688 0.54658807 -0.00387931
v -0.98556901 -0.08427167 0.25928300
v -0.94782625 -0.10778382 0.36053780
v -0.93795297 -0.11582317 0.37328714
v -0.80027903 -0.52158129 0.66923253
v -0.74551822 -0.97738855 0.71647248
v -0.56135936 -1.26575928 0.77030181
v -0.57316910 -1.31680625 0.73987670
v -0.23587088 -1.75747770 0.47447740
v -0.08303233 -1.83801273 0.49021051
v 0.11390489 -1.83729605 0.18781545
v 0.10639431 -1.83729605 -0.22222494
v 0.11283627 -1.83530788 -0.67830790
v 0.08629512 -1.83070673 -0.68759944
v -0.17768954 -1.60357669 -0.90828271
v -0.61277137 -1.07393449 -0.96478552
v -0.82566822 -0.30187363 -0.75704833
v -0.86501977 -0.20352125 -0.67037013
v -0.86453178 -0.20303315 -0.66890593
v -0.89532600 -0.15919347 -0.61599011
v -0.92935136 -0.12451181 -0.55480026
v -0.94891725 -0.10319379 -0.51797735
v -0.99611338 -0.07497644 -0.39238667
v -1.00280196 -0.03763557 -0.32333994
v -1.03907871 -0.05967405 -0.15799001
v -1.02547406 0.36331580 -0.23215131
v -0.91415358 0.16491900 0.13851620
v -0.95483409 0.11679008 0.09240539
v -0.99723514 -0.07740913 0.23122806
v -0.97663247 -0.08835356 0.28971567
v -0.96764900 -0.09440115 0.30964705
v -0.91788381 -0.13433707 0.41361756
v -0.81701358 -0.30290857 0.59378146
v -0.75294279 -0.59321467 0.69157690
v -0.07323919 -1.83881473 0.48543092
v -0.00826259 -1.83760806 0.47767638
v 0.20070124 -1.83729524 0.05528480
v -0.03123716 -1.82495651 -0.69935325
v -0.54625035 -1.15018443 -0.99088077
v -0.76227449 -0.57756352 -0.86185463
v -0.79455514 -0.39014447 -0.80254108
v -0.80323815 -0.33629766 -0.77170000
v -0.84446316 -0.23754217 -0.70568304
v -0.86453178 -0.20181290 -0.66866188
v -1.01945152 -0.06696364 -0.30138257
v -0.99942117 0.03944912 -0.02341369
v -0.95320195 0.12396287 -0.09170222
v -0.97456792 0.22239264 0.17594311
v -0.81890012 -0.32044864 0.60410461
v -0.74943620 -0.63825501 0.69888274
v -0.75307333 -0.88417902 0.71535270
v -0.73514357 -0.89347194 0.72929563
v -0.24993238 -1.75972700 0.46707253
v -0.12128268 -1.67748031 -0.84486422
v -0.30350303 -1.48852146 -0.95941618
v -0.44131979 -1.30000698 -1.00122741
v -0.74928660 -0.72562215 -0.87647530
v -0.74876924 -0.67925609 -0.86969054
v -0.78846631 -0.42305279 -0.81656403
v -0.79413487 -0.36607262 -0.78815196
v -0.86900257 -0.19683333 -0.66627981
v -0.88855003 -0.16988459 -0.63684894
v -0.92771763 -0.12164602 -0.56283310
v -0.99432913 0.26469550 -0.19790370
v -0.97273475 0.52690160 -0.08295592
v -0.96571481 0.54072120 0.01520483
v -0.96886421 0.53082659 0.06733436
v -1.02014582 -0.05972981 0.13002762
v -0.85913699 -0.22716897 0.53978847
v -0.80512453 -0.41117019 0.64055640
v -0.27233339 -1.50179986 0.77199188
v -0.27816998 -1.73866244 0.51154961
v 0.08803818 -1.83759486 0.47143545
v 0.07146680 -1.83727845 0.43371204
v 0.12183390 -1.83729605 0.34625517
v 0.12183390 -1.83729605 0.31672759
v 0.32270749 -1.83717111 -0.56001021
v -0.23458789 -1.58834322 -0.90674058
v -0.30102225 -1.40558896 -1.01132970
v -0.54543772 -1.09077490 -1.00268815
v -0.74582464 -0.79885355 -0.88460886
v -0.74951819 -0.63248675 -0.86216531
v -0.77806331 -0.48105462 -0.83733129
v -1.02458780 -0.02318285 -0.15182774
v -0.97117677 0.11161785 -0.07923285
v -0.98547046 0.21334786 -0.17555481
v -0.99993780 0.28338889 -0.20698159
v -0.99216168 0.40844712 -0.20148502
v -0.88937190 0.22363792 0.17732251
v -0.92886875 0.15495811 0.14172511
v -0.94696654 0.12754419 0.12629539
v -0.95423405 -0.09824797 0.34558039
v -0.95485900 -0.10252522 0.34173223
v -0.87927155 -0.19079973 0.50206042
v -0.68373999 -0.87548094 0.76758821
v -0.22931914 -1.72911286 0.55226547
v 0.12183390 -1.83729605 0.37285435
v 0.36034799 -1.83754936 -0.53293489
v 0.24665269 -1.83877903 -0.62599515
v 0.20792616 -1.83110714 -0.65701639
v 0.06899103 -1.81221130 -0.69692071
v -0.74764802 -0.64853639 -0.87163909
v -0.74900703 -0.65014140 -0.86607130
v -0.75337036 -0.62531867 -0.87049044
v -0.75183472 -0.60517334 -0.85912174
v -0.77350856 -0.48576646 -0.83719691
v -0.76472389 -0.49245168 -0.82923306
v -0.79666481 -0.35490255 -0.77714851
v -0.81705561 -0.29840172 -0.75040122
v -0.92234749 0.03431137 -0.45935979
v -0.94209489 0.13751204 -0.11599537
v -0.98716056 0.24471761 -0.18921317
v -0.96424356 0.47395713 -0.14303205
v -0.92628845 0.44747383 0.12257590
v -0.98043210 0.45087625 0.18004462
v -0.97780947 -0.08287119 0.28550555
v -0.91766879 -0.13702171 0.43195014
v -0.90419154 -0.14876725 0.44262594
v -0.88809957 -0.16797753 0.46925955
v -0.87752318 -0.18210945 0.48422548
v -0.86104742 -0.21042375 0.51809955
v -0.77203184 -0.46219419 0.66338593
v -0.77345561 -0.50290236 0.67886211
v -0.32656033 -1.37432259 0.83165979
v -0.26219718 -1.66709245 0.63335065
v -0.18835017 -1.77879626 0.48913206
v 0.24418480 -1.83730350 0.01765263
v 0.37813424 -1.83736024 -0.22205616
v 0.37372578 -1.83720001 -0.45846948
v -0.07188736 -1.76039679 -0.70255679
v -0.10252051 -1.57541084 -0.94824744
v -0.35869466 -1.37302277 -1.00601059
v -0.50991669 -1.13407680 -1.01618115
v -0.54200027 -1.05203997 -1.01045487
v -0.76472389 -0.48927923 -0.82923306
v -0.76847613 -0.47447009 -0.82582370
v -0.78193064 -0.41023432 -0.80200252
v -0.88004973 -0.17968228 -0.64657175
v -0.93543493 0.15047787 -0.12976477
v -0.94301677 0.51155572 0.06240098
v -0.94439392 0.40642324 0.15915574
v -0.97137318 0.28853802 0.19083747
v -0.89931458 -0.15675680 0.45754876
v -0.89391217 -0.15717306 0.46362576
v -0.87505792 -0.18741049 0.49758097
v -0.80289287 -0.33589370 0.60709469
v -0.75154774 -0.62409414 0.70227033
v -0.74633908 -0.78042053 0.71962344
v -0.65226808 -1.00545671 0.78017433
v -0.31012246 -1.46877384 0.78049653
v -0.18362410 -1.75915653 0.49138007
v 0.36366681 -1.83705222 -0.52053623
v 0.36635116 -1.83705222 -0.52053623
v 0.00750420 -1.76120075 -0.70179611
v -0.25823794 -1.47795717 -0.98295659
v -0.76192222 -0.51780647 -0.83844955
v -0.76569999 -0.48854708 -0.83069725
v -0.83411278 -0.25987075 -0.72813738
v -0.85736908 -0.21914322 -0.69613266
v -0.87748746 -0.18598705 -0.65870029
v -0.91332940 0.47297673 0.07065051
v -0.98087987 0.25266770 0.18748085
v -0.96224412 -0.09749153 0.32635909
v -0.86405008 -0.20177003 0.50867518
v -0.79608485 -0.38806189 0.63784656
v -0.62204967 -0.91043559 0.80740471
v -0.64846276 -1.04060928 0.77711418
v -0.44595436 -1.33473728 0.80015951
v -0.21315474 -1.68886888 0.62162445
v -0.04759217 -1.82636527 0.51104971
v 0.36244661 -1.83705222 -0.52059724
v 0.36879145 -1.83705222 -0.52053623
v 0.30037906 -1.83972187 -0.58744864
v -0.03360295 -1.71631693 -0.80068841
v -0.09124297 -1.64251156 -0.88762562
v -0.24104143 -1.58610880 -0.90934779
v -0.15842858 -1.51482123 -0.98345499
v -0.69374756 -0.73712738 -0.91872190
v -0.75853503 -0.54010237 -0.84465281
v -1.02604025 -0.06383741 -0.26520641
v -1.00234903 0.03835103 -0.11040133
v -0.92091475 0.18635257 -0.16407092
v -0.91507828 0.21204899 -0.17773637
v -0.97969613 0.34338312 -0.20054167
v -0.96293178 0.53262715 -0.05058440
v -0.85210155 -0.22258802 0.53044739
v -0.77009248 -0.45657943 0.65495200
v -0.75989416 -0.52475554 0.67608371
v -0.75241045 -0.59033435 0.69712144
v -0.55255196 -1.15617812 0.81243838
v -0.38440619 -1.37521154 0.80666574
v -0.22254017 -1.50126507 0.78528608
v 0.14798623 -1.83776558 0.45871068
v 0.39625311 -1.83703482 -0.49033318
v 0.27331767 -1.83117292 -0.62983349
v -0.36318014 -1.26626278 -1.04950052
v -0.54774270 -1.02161322 -1.01122924
v -0.75587704 -0.56864357 -0.85265471
v -0.77491485 -0.44697537 -0.82064216
v -0.79250228 -0.36205016 -0.78957649
v -0.82174797 -0.27944222 -0.74280993
v -0.85668617 -0.21624096 -0.68531856
v -0.89911253 0.05405048 -0.48913132
v -0.91455940 0.20272972 -0.17433095
v -0.95887279 0.37020992 -0.18335849
v -0.93929495 0.43371587 -0.14574019
v -0.94563921 0.39790260 0.16468736
v -0.91098347 0.18917176 0.16672007
v -0.87942259 -0.17696101 0.48850469
v -0.86714172 -0.19450691 0.50920803
v -0.83661969 -0.25223260 0.55407568
v -0.79888790 -0.34359398 0.60761032
v -0.79888790 -0.34505807 0.60761032
v -0.77009248 -0.45535917 0.65495200
v -0.77009248 -0.45853162 0.65495200
v -0.75769779 -0.53489142 0.68465234
v -0.22118097 -1.43966432 0.82533494
v -0.10442547 -1.81371208 0.50725733
v -0.00369249 -1.83580340 0.50077381
v 0.18005177 -1.83730496 0.42409247
v 0.35308305 -1.83737767 -0.05105499
v -0.38031617 -1.28715692 -1.03482502
v -0.77034625 -0.45211245 -0.82514574
v -0.80476367 -0.32834261 -0.77128723
v -0.82300596 -0.28280753 -0.73843592
v -0.90749203 -0.13367890 -0.59787898
v -1.03116527 -0.06707053 -0.24180873
v -0.90821301 0.22133347 -0.18328803
v -0.90650476 0.22230967 -0.18304397
v -0.90630386 0.22519174 -0.18330264
v -0.94396716 0.52413812 0.00059343
v -0.87624514 0.25818193 0.18714819
v -0.87453689 0.25525353 0.18763629
v -0.89092161 0.21145631 0.17333177
v -0.93494589 -0.11383725 0.38731387
v -0.82133044 -0.28566830 0.57656153
v -0.80924539 -0.31568506 0.59349859
v -0.79888790 -0.34237373 0.60761032
v -0.79740768 -0.35077128 0.61279840
v -0.54733273 -1.06106319 0.83496568
v -0.14253959 -1.62189580 0.71014740
v 0.42292079 -1.83687081 -0.46480148
v 0.38132451 -1.83947608 -0.52490753
v 0.14240177 -1.82058568 -0.68358514
v -0.32044604 -1.31063238 -1.04967709
v -0.45435886 -1.10857544 -1.04888099
v -0.63342878 -0.89927198 -0.96550203
v -0.75015953 -0.59687261 -0.86366861
v -0.78627194 -0.39174112 -0.79896598
v -0.81289389 -0.30298556 -0.75643035
v -0.80708124 -0.29488748 -0.76195277
v -0.96631604 0.09980892 -0.23921430
v -0.96017593 0.13798367 -0.12701216
v -0.90900237 0.21675838 -0.18081993
v -0.90626071 0.22377376 -0.18328803
v -0.91624524 0.48977689 -0.03325284
v -0.97119784 0.30373145 0.19153891
v -0.89525277 0.22229815 0.18361282
v -0.91445621 0.18437677 0.16884134
v -0.84524905 -0.23136795 0.54526945
v -0.80694672 -0.32567416 0.60255984
v -0.80516269 -0.35293624 0.62145720
v -0.79107902 -0.36994911 0.62078788
v -0.79107902 -0.37116915 0.62078788
v -0.77992189 -0.41697151 0.64223395
v -0.77201768 -0.45299970 0.65503452
v -0.76668810 -0.48272313 0.66494448
v -0.61309863 -1.04303616 0.80132814
v -0.40638588 -1.29860686 0.83467500
v 0.46799134 -1.83758990 -0.41369227
v 0.20031077 -1.82490612 -0.66550036
v -0.09039038 -1.64911936 -0.88310428
v -0.66312929 -0.82364132 -0.94567155
v -0.85364620 -0.21597607 -0.69432116
v -0.91665679 -0.08239969 -0.55679684
v -0.87805919 -0.03987841 -0.58235826
v -0.97777835 0.09516505 -0.15054210
v -0.89832392 0.26640290 -0.19310994
v -0.96524605 0.32162620 -0.19487470
v -0.93558654 0.39422637 -0.16954711
v -0.94810589 0.41741452 -0.16237868
v -0.92429775 0.43200676 -0.14104932
v -0.86896424 0.27894764 0.19027909
v -0.88263319 0.23733988 0.18345397
v -0.83335358 -0.25626373 0.56348538
v -0.79503007 -0.36204538 0.62089254
v -0.79107902 -0.36848480 0.62078788
v -0.69485876 -0.67196139 0.74860231
v -0.49436587 -1.16574145 0.84062056
v -0.47160480 -1.27141266 0.81624452
v 0.49689890 -1.83703957 -0.35955641
v 0.28386175 -1.82894316 -0.62809488
v 0.02773389 -1.75534450 -0.71497209
v -0.02259176 -1.67750455 -0.85526258
v -0.54273891 -0.91344369 -1.01897953
v -0.76248287 -0.40446271 -0.82210112
v -0.93908638 0.02836912 -0.42807268
v -0.96290708 0.03641270 -0.35845225
v -0.90025684 0.24989570 -0.19063724
v -0.89601154 0.25891408 -0.19353719
v -0.89576749 0.26062222 -0.19329325
v -0.91485827 0.47392449 -0.07394308
v -0.92212779 0.43956078 0.12521567
v -0.96359199 0.36002206 0.18441521
v -0.85099672 0.33149753 0.18692604
v -0.82215591 -0.27907841 0.58205838
v -0.78726245 -0.38910371 0.63170021
v -0.77922493 -0.43423805 0.65485572
v -0.74481970 -0.65963999 0.71259830
v -0.12707526 -1.70377474 0.62308738
v -0.13334570 -1.75951832 0.50454368
v 0.19304802 -1.83828521 0.44721962
v 0.13603954 -1.71201226 -0.79646397
v -0.73713665 -0.60616558 -0.87444816
v -0.76449828 -0.49941722 -0.83817957
v -0.83184815 -0.16593194 -0.69656573
v -0.98359990 0.06948670 -0.20016378
v -0.93631079 0.17249846 -0.15304878
v -0.90884530 0.22152583 -0.18223031
v -0.91923091 0.23106956 -0.19165894
v -0.89723169 0.25793788 -0.19378125
v -0.89884118 0.33795153 -0.19125715
v -0.91656424 0.17939348 0.17171784
v -1.01061058 -0.06599788 0.17790120
v -0.87500312 0.00663410 0.41179867
v -0.90510628 -0.13275573 0.43980092
v -0.58154089 -1.04243572 0.81923768
v -0.19404298 -1.46061476 0.81927070
v 0.39878199 -1.83970619 -0.50453247
v -0.20741328 -1.41056470 -1.03661791
v -0.27306667 -1.33481234 -1.05566999
v -0.40210285 -1.09749377 -1.07455567
v -0.53880719 -0.97757834 -1.01953989
v -0.64842107 -0.69708235 -0.94461108
v -0.90419351 0.23400496 -0.18688336
v -0.85794294 0.30552349 0.18983254
v -0.86123228 0.30390354 0.19094493
v -0.85791406 0.06669786 0.40602397
v -0.88564898 -0.16677326 0.47828229
v -0.34179645 -1.33596917 0.84479473
v -0.20656716 -1.54098899 0.76293876
v 0.48689387 -1.83866640 -0.38614642
v 0.31644477 -1.83290109 -0.60385951
v -0.11004214 -1.61570761 -0.91272031
v -0.29390166 -1.27251434 -1.07372637
v -0.44762850 -1.01110723 -1.06449300
v -0.59125543 -0.78089004 -0.98709780
v -0.83732065 -0.24539690 -0.72019123
v -0.78810511 0.00398867 -0.66986419
v -0.93513370 0.19796726 -0.17936793
v -0.87746368 0.26125736 0.19073403
v -0.99014378 -0.07820233 0.25123156
v -0.77008107 -0.34064832 0.64042742
v -0.77163892 -0.44315148 0.65899567
v -0.12762253 -1.55350961 0.76814957
v 0.11673087 -1.83853131 0.48739693
v 0.15684986 -1.83684212 0.48007706
v 0.28265083 -1.83700384 0.40144049
v 0.45316996 -1.83502127 -0.48495316
v 0.08600592 -1.76208517 -0.69611963
v 0.08847965 -1.75957445 -0.69708064
v 0.09248691 -1.65776222 -0.87417458
v -0.28866006 -1.22731243 -1.08937525
v -0.83941350 0.14654084 -0.52474778
v -0.89742486 0.27721183 -0.19660393
v -0.95161253 0.34161513 0.18509364
v -0.90970880 0.18438030 0.19418379
v -0.83592485 -0.00867110 0.47254566
v -0.85676802 -0.20965780 0.52652944
v -0.63621110 -0.60857725 0.77922249
v -0.64322289 -0.78953368 0.79270686
v -0.46323610 -1.08954496 0.87292276
v -0.25692661 -1.34552042 0.86749230
v -0.10117721 -1.64743484 0.69396534
v -0.04433391 -1.70738907 0.62751903
v -0.08421058 -1.76162474 0.51208562
v 0.25494595 -1.83911237 0.42501854
v 0.32942410 -1.83833059 0.37861302
v 0.39625025 -1.83734149 0.27016003
v 0.43526998 -1.83711217 0.14128894
v 0.49907429 -1.83964620 -0.37456564
v 0.33390205 -1.81604994 -0.60216703
v 0.16486384 -1.75976069 -0.68081753
v 0.06621691 -1.74396261 -0.74395826
v 0.10615130 -1.66377302 -0.86219452
v -0.21825256 -1.37794022 -1.05170499
v -0.38475948 -1.19735561 -1.06256892
v -0.47171727 -0.91616359 -1.05586767
v -0.51502295 -0.86956078 -1.03325018
v -0.68118282 -0.56646048 -0.90716022
v -0.81722230 0.06321984 -0.60621082
v -0.89363282 0.48065995 -0.04324022
v -0.90797402 0.48796664 0.00671643
v -0.84220540 0.35878902 0.17950025
v -0.84598552 0.34383626 0.18470790
v -0.84598552 0.34017571 0.18470790
v -0.92910809 0.05922925 0.27590912
v -0.91021522 0.07222437 0.30821316
v -0.87773553 -0.17452387 0.49122327
v -0.64195495 -0.43205762 0.74783863
v -0.41406757 -1.19898201 0.86740096
v -0.16981563 -1.72021578 0.59010200
v 0.08764630 -1.82664021 0.50596134
v 0.42852204 -1.83742620 0.28530678
v 0.50979331 -1.83705732 0.07951065
v 0.34229774 -1.82472563 -0.59266499
v 0.10074651 -1.69081706 -0.83040714
v -0.04124465 -1.54904904 -0.97402118
v -0.81294345 0.09668638 -0.59306204
v -0.86145659 0.05689383 -0.54797031
v -0.92841278 0.21368436 -0.19560001
v -0.84983750 0.37818500 -0.17729025
v -0.83470757 0.39223484 0.16354932
v -0.84720567 0.34481224 0.18519600
v -0.88783388 0.21753563 0.22670605
v -0.63699484 -0.72588536 0.79224347
v -0.53943576 -0.98797319 0.84912514
v -0.38344862 -1.12877357 0.89718348
v -0.33661898 -1.19248452 0.89905250
v -0.36688448 -1.24864916 0.87059193
v -0.06405401 -1.72052974 0.60513171
v 0.09529760 -1.82021046 0.50850255
v 0.10729073 -1.73476570 -0.75790150
v 0.08108106 -1.61498571 -0.91464323
v -0.76457782 -0.05093674 -0.71506550
v -0.92064476 0.11446541 -0.38927797
v -0.90487037 0.27282701 -0.20345162
v -0.85614255 0.36355868 -0.18403480
v -0.83810448 0.40587033 -0.16057702
v -0.83904912 -0.19057765 0.53854759
v -0.80271980 -0.32855087 0.61158097
v -0.75249574 -0.45808666 0.67761706
v -0.68791605 -0.48128473 0.72729858
v -0.51386844 -1.04123038 0.85625794
v -0.20066554 -1.36681949 0.87083218
v -0.11826895 -1.47266296 0.82527028
v -0.08696307 -1.55537438 0.77201189
v -0.04129582 -1.76042577 0.51777033
v -0.03380318 -1.76415686 0.51654198
v -0.01285614 -1.76817901 0.51633377
v 0.21233080 -1.82663932 0.47497021
v 0.56000626 -1.83702662 -0.14047126
v 0.52833634 -1.83814594 -0.29488933
v -0.00286344 -1.62011828 -0.91603085
v -0.50705228 -0.79723955 -1.03446304
v -0.77313510 -0.11119455 -0.72969608
v -0.84933703 0.22156908 -0.45484208
v -0.84788536 0.42572352 -0.15442588
v -0.87288572 0.40216244 0.15478385
v -0.84612618 0.35457324 0.18234285
v -0.87079140 0.21739095 0.27578946
v -0.81187089 -0.00048452 0.49801716
v -0.54680717 -0.93027077 0.84986206
v -0.35395296 -1.10253578 0.91451159
v -0.40489574 -1.16335376 0.88107658
v -0.34286708 -1.22490062 0.88688841
v -0.00718853 -1.62456255 0.72049547
v 0.04009575 -1.69645195 0.64328356
v -0.10217828 -1.74330454 0.55706561
v 0.17743289 -1.83578575 0.48025430
v 0.51081637 -1.83705222 0.13931852
v 0.51081637 -1.83705222 0.14395506
v 0.51081637 -1.83705222 0.14785955
v 0.47815176 -1.83982236 -0.42035724
v 0.41952374 -1.83695230 -0.51336662
v 0.37071018 -1.82721524 -0.57076276
v 0.19756304 -1.76142794 -0.66933740
v 0.19575064 -1.75902617 -0.67090753
v 0.21596739 -1.73260697 -0.73499828
v -0.82302579 0.44441667 -0.12271350
v -0.81217717 0.48358095 -0.00421984
v -0.81667521 0.44001682 0.11887940
v -0.83875008 0.37668839 0.17170360
v -0.83229214 0.39695281 0.20073215
v -0.79010143 -0.17203104 0.57918542
v -0.67572125 -0.47176649 0.73285594
v -0.57334985 -0.63625904 0.81951613
v -0.43138455 -1.06938463 0.88992829
v -0.31150934 -1.29797432 0.87231530
v 0.00024150 -1.82187573 0.51451141
v 0.23554038 -1.83811694 0.45599191
v 0.55072520 -1.83782517 0.04043604
v 0.17548842 -1.75572168 -0.68565064
v 0.16711133 -1.66363420 -0.85125452
v -0.37649834 -1.03995157 -1.09126519
v -0.88710251 0.21663380 -0.36989705
v -0.92193640 0.19057731 -0.28476242
v -0.82311213 0.46382244 -0.09628550
v -0.81338118 0.47332457 -0.06974882
v -0.81084891 0.48112960 -0.03591414
v -0.81098712 0.47660732 0.05007761
v -0.81140591 0.47123231 0.06552436
v -0.81318540 0.46183897 0.08765399
v -0.84989933 0.35080638 0.18894056
v -0.14568140 -1.41993176 0.85285275
v 0.50144703 -1.83715037 0.17160444
v 0.55790992 -1.83725722 -0.02932172
v 0.57446129 -1.83973933 -0.01232482
v 0.54622517 -1.83800858 -0.24342192
v 0.52057006 -1.83869869 -0.36394488
v 0.38035401 -1.82314062 -0.56529043
v 0.24910119 -1.76058800 -0.65000204
v 0.05556725 -1.59336442 -0.93678493
v -0.11297726 -1.43277621 -1.04330116
v -0.43044493 -0.89438456 -1.07359357
v -0.61373422 -0.54526791 -0.94568535
v -0.87523750 0.35596912 -0.19571056
v -0.82805198 0.43612132 -0.13288115
v -0.82032852 0.42807510 0.13384579
v -0.82682779 0.40870169 0.15094870
v -0.85583065 0.33074478 0.19261592
v -0.77011503 0.13054565 0.49499886
v -0.05125099 -1.52596454 0.79625467
v 0.00255034 -1.63616317 0.70863702
v -0.02055806 -1.67924719 0.66598955
v 0.02361865 -1.76055214 0.51832878
v 0.37765989 -1.83842084 0.34487844
v 0.52639625 -1.83729922 0.11655451
v 0.41307850 -1.82806549 -0.53322449
v -0.34125964 -1.11680726 -1.09560214
v -0.35091161 -0.92097476 -1.10515437
v -0.48004401 -0.72560387 -1.04099363
v -0.55196589 -0.68907404 -1.00052670
v -0.76313994 -0.26705267 -0.79034520
v -0.69462653 0.01991252 -0.75175863
v -0.77812786 0.21438545 -0.57624084
v -0.84438441 0.16697958 -0.50301558
v -0.96033896 0.08220255 -0.30300770
v -0.87584304 0.32971515 -0.19497467
v -0.78437615 0.03886534 0.51451641
v -0.58567419 -0.81957381 0.82965998
v -0.55746540 -0.86353126 0.84539242
v -0.15927375 -1.26330385 0.92378179
v -0.09320050 -1.35781195 0.89312243
v 0.46530806 -1.83744164 0.23858223
v 0.48140507 -1.83702847 0.21060203
v 0.50459593 -1.83110742 -0.41544753
v 0.25073236 -1.75860402 -0.64999914
v -0.07718450 -1.35684611 -1.08846891
v -0.19028847 -1.34902702 -1.07272937
v -0.70444777 -0.18613080 -0.81149215
v -0.83988496 0.33776774 -0.37603419
v -0.86112413 0.39474925 -0.17872720
v -0.84550274 0.36596755 0.19143470
v -0.52964594 -0.37902741 0.80154233
v -0.57508540 -0.53786724 0.80443820
v -0.46074673 -0.97663259 0.88849041
v 0.00006534 -1.73106235 0.59016433
v 0.16866697 -1.79486738 0.49442150
v 0.41684593 -1.83929110 0.32187011
v 0.11661185 -1.59768397 -0.92537830
v 0.05106531 -1.54646794 -0.97568751
v -0.05174090 -1.50747705 -1.00234390
v -0.31622387 -1.04579935 -1.11243937
v -0.62908956 -0.21215782 -0.87076745
v -0.72058963 -0.12300345 -0.77902861
v -0.75619509 0.04258495 -0.68554860
v -0.74344464 0.14805271 -0.65092097
v -0.85910008 0.35563831 -0.29212604
v -0.82383182 0.47993891 -0.06876018
v -0.54446069 -0.54124627 0.82053308
v -0.12495693 -1.25994947 0.91944534
v 0.45317637 -1.83960844 0.27295801
v 0.53927323 -1.82946476 -0.35320039
v 0.42008940 -1.81605221 -0.53318877
v 0.17408001 -1.62395550 -0.89248201
v -0.37936100 -0.99273917 -1.09362859
v -0.62624907 -0.49053636 -0.92986783
v -0.71352502 0.11219494 -0.69751171
v -0.78246688 0.27921183 -0.53239727
v -0.83388244 0.41477186 0.16171793
v -0.83171293 0.22418397 0.35665091
v -0.80106670 0.20881460 0.41821148
v -0.71830652 -0.25810050 0.66053678
v -0.48407886 -0.86941301 0.88181819
v -0.15419071 -1.16748946 0.87823801
v -0.00252552 -1.50782384 0.80998484
v 0.26221401 -1.83544118 0.45056069
v 0.30470500 -1.83322899 0.42836226
v 0.32097720 -1.82395608 0.42476258
v 0.56477943 -1.84025381 -0.20955464
v 0.25275596 -1.68620734 -0.79825086
v -0.88528755 0.32570890 -0.21361075
v -0.84921016 0.43537137 -0.15119869
v -0.84237191 0.45166207 -0.13033593
v -0.60665069 -0.29254152 0.74284935
v -0.32411159 -1.07648388 0.92730037
v -0.15610443 -1.23451368 0.92775172
v 0.52504736 -1.83969318 0.14343679
v 0.54442027 -1.83920566 0.08199753
v 0.55351010 -1.84033811 -0.26424550
v 0.50340964 -1.82530990 -0.42576946
v 0.29729198 -1.75943773 -0.62538180
v -0.06709059 -1.34466390 -1.09154267
v -0.15098282 -1.30939701 -1.09640994
v -0.57445162 -0.67313506 -0.98696564
v -0.78175049 0.33939996 -0.49556249
v -0.84720410 0.30441728 0.25679892
v -0.83998686 0.24611558 0.32568205
v -0.53882258 -0.68426224 0.84367334
v -0.13908480 -1.27387734 0.92160780
v 0.14419142 -1.68863247 0.63923456
v 0.09706857 -1.76041749 0.51053493
v 0.11814266 -1.76105377 0.50654180
v 0.24652754 -1.81479066 0.46608113
v 0.34925099 -1.82914058 0.40501635
v 0.57286691 -1.83772429 0.04368630
v -0.06110011 -1.48312502 -1.01912522
v -0.56771055 -0.56426140 -0.97612756
v -0.82338630 0.46245546 0.10214664
v -0.83086413 0.42985284 0.14285418
v -0.73635001 -0.11206028 0.60907439
v -0.54803952 -0.29177518 0.77628802
v -0.40816142 -0.32324654 0.85201062
v -0.24110646 -1.23520872 0.91558597
v -0.16242621 -1.23785190 0.92923632
v -0.06303793 -1.26246905 0.85756047
v -0.07210488 -1.22593641 0.85801065
v -0.06167856 -1.26998944 0.92540637
v -0.04867124 -1.26668316 0.92509157
v -0.07746482 -1.24872006 0.93151606
v -0.07488995 -1.15766793 0.88317934
v -0.04894827 -1.25144343 0.85389685
v 0.04990087 -1.61167668 0.72986339
v 0.06170528 -1.74010662 0.56896257
v 0.55021304 -1.83762859 -0.31253420
v -0.77219309 0.32517212 -0.52051035
v -0.82741639 0.49340863 -0.04604094
v -0.78766562 0.37276551 0.33575198
v -0.63337774 -0.23589029 0.71530740
v -0.42389671 -0.28938117 0.84069595
v -0.12421247 -1.26809990 0.92409912
v -0.07793213 -1.19844196 0.94596141
v -0.07806472 -1.15047803 0.96053329
v 0.07327258 -1.65307146 0.68867246
v 0.04765986 -1.74765280 0.55245434
v 0.59590883 -1.83082288 -0.13523420
v 0.31719993 -1.75733776 -0.61480032
v -0.18807290 -1.21475037 -1.12022046
v -0.23062917 -1.16866616 -1.12104993
v -0.49919652 -0.63766402 -1.02077129
v -0.78288200 0.38356529 -0.46287813
v -0.83202478 0.48130130 -0.08650991
v -0.76781197 0.32100725 0.40488387
v -0.71689297 0.25646780 0.50090486
v -0.75102048 0.05973747 0.54306323
v -0.47062572 -0.24860305 0.81024513
v -0.40808749 -0.33457264 0.85390351
v -0.39171581 -0.96045312 0.91747186
v -0.26980317 -1.10779003 0.93843694
v -0.12190249 -1.25468966 0.92638722
v 0.36822956 -1.75784590 -0.57939935
v 0.20068299 -1.54148900 -0.95435900
v -0.43966138 -0.81368542 -1.06627544
v -0.65110542 -0.36808874 -0.89178439
v -0.55758895 -0.18435566 -0.90730924
v -0.82901260 0.40237983 -0.33824136
v -0.83936837 0.46497408 -0.11737704
v -0.82135945 0.48436025 0.05564866
v -0.49449047 -0.49121144 0.83636099
v -0.45485374 -0.80802912 0.89154016
v -0.07997811 -1.22795543 0.93851374
v -0.08144231 -1.22795543 0.93875779
v -0.04491504 -1.14949792 0.88586079
v 0.09979741 -1.72540104 0.59237503
v 0.14449326 -1.75815570 0.50372652
v 0.17509145 -1.75979661 0.49273057
v 0.18726818 -1.76480762 0.49544498
v 0.25517909 -1.76722003 0.46235127
v 0.45983425 -1.82348758 -0.48810039
v 0.39322482 -1.75814162 -0.55897569
v 0.09757935 -1.53552902 -0.97816566
v 0.00595234 -1.44496783 -1.04301508
v -0.57071995 -0.38949524 -0.94393176
v -0.71950745 0.24042526 -0.63438235
v -0.84421902 0.44379537 -0.19018865
v -0.44761301 -0.22236087 0.81826187
v -0.39073641 -0.34217523 0.85938663
v -0.39811214 -0.88429240 0.91630125
v -0.13462737 -1.14332357 0.94880996
v -0.12143752 -1.15783104 0.95226817
v -0.11507245 -1.23676167 0.93512620
v -0.06425477 -1.28651221 0.92404065
v -0.08290650 -1.22795543 0.93900184
v -0.06144345 -1.13522173 0.88704014
v -0.02511272 -1.42071310 0.86444388
v 0.37696412 -1.81992031 0.38852335
v 0.42332159 -1.75888086 -0.53052275
v 0.23407948 -1.51796382 -0.96148887
v 0.01267817 -1.40800709 -1.06410741
v -0.08962484 -1.29013644 -1.11126951
v -0.60696523 -0.09683494 -0.85322740
v -0.73505288 0.25907808 -0.60772669
v -0.81875513 0.43539096 -0.32492803
v -0.70319972 0.06287275 0.58656128
v -0.70336091 -0.11062042 0.63577370
v -0.43683915 -0.20902087 0.80807316
v -0.32726880 -0.91529713 0.93889186
v -0.23147362 -1.15621414 0.93783124
v -0.19005023 -1.16047499 0.94465421
v -0.15742634 -1.19409067 0.94019949
v -0.09699276 -1.22097675 0.94079216
v -0.04670211 -1.31970331 0.91327751
v 0.23878709 -1.75945488 0.47085858
v 0.31797796 -1.81712538 0.42994682
v 0.38985297 -1.83141914 0.37223675
v 0.41690548 -1.82712522 0.35367238
v 0.47177631 -1.83717254 0.27866274
v 0.50816753 -1.83893065 0.21268463
v 0.54785921 -1.82650798 -0.34179876
v 0.34509576 -1.75627447 -0.59795781
v 0.30011389 -1.63933798 -0.83430969
v 0.14821530 -1.46998018 -1.01446725
v -0.24815693 -0.98775940 -1.13487131
v -0.32056228 -0.97655874 -1.11507929
v -0.32010161 -0.83066879 -1.11049994
v -0.43264428 -0.57686156 -1.04207042
v -0.56771152 -0.25782773 -0.91852522
v -0.66106028 -0.00718621 -0.78754870
v -0.73639100 0.36483687 -0.54782120
v -0.77661615 0.49775861 0.23119892
v -0.81468975 0.39822120 0.25255105
v -0.63909428 -0.11166635 0.68308153
v -0.45075088 -0.18273070 0.80698706
v -0.32870627 -0.38345947 0.84367098
v -0.15274081 -1.14749012 0.95178041
v 0.23567671 -1.75765370 0.47393735
v 0.53800328 -1.83319437 0.17240325
v 0.59165178 -1.82226672 -0.19699256
v 0.39828161 -1.75576943 -0.55660215
v 0.28141232 -1.67290559 -0.80318914
v -0.02133408 -1.29612072 -1.11266448
v -0.25007076 -0.96254520 -1.13350908
v -0.39347645 -0.62939029 -1.06388156
v -0.70979961 0.36899170 -0.57793077
v -0.82775379 0.50192693 -0.01551429
v -0.82942148 0.44607717 0.12922554
v -0.49254628 -0.25501488 0.79935841
v -0.39439780 -0.30421506 0.83388039
v 0.14253333 -1.60057767 0.72815629
v 0.14921834 -1.73390011 0.56870783
v 0.37527074 -1.80913279 0.39151811
v 0.52255446 -1.82889362 0.20927288
v 0.56429827 -1.83265335 0.10664527
v 0.43779436 -1.75637936 -0.51740936
v 0.38171191 -1.73873240 -0.63218716
v -0.12942045 -1.17422899 -1.13803117
v -0.23510460 -1.10035781 -1.12988891
v -0.52397635 -0.48448406 -0.98648712
v -0.78936151 0.56043893 -0.11530255
v -0.34301122 -0.39717520 0.88123402
v -0.34785836 -0.40672682 0.88368369
v -0.46596221 -0.46386549 0.84416422
v -0.04558658 -1.14977391 0.95625321
v -0.04053791 -1.26879415 0.93103903
v 0.05360946 -1.45669088 0.84137206
v 0.12337789 -1.65312931 0.68297748
v 0.27547303 -1.75850530 0.45423647
v 0.55112907 -1.76934031 -0.34472233
v 0.48839639 -1.77995441 -0.45884694
v 0.34651289 -1.60055915 -0.85198139
v 0.27657416 -1.57822841 -0.90100180
v -0.18046081 -1.10868209 -1.13940500
v -0.34904677 -0.66604549 -1.08458876
v -0.55389162 -0.12164544 0.73909549
v -0.35820046 -0.34545494 0.82984489
v -0.33136303 -0.39726628 0.87420864
v -0.47650273 -0.67828119 0.87153784
v -0.29215854 -0.98254809 0.94660262
v -0.13579493 -1.13995108 0.95637604
v 0.05127926 -1.25962854 0.85332938
v 0.07058719 -1.25076748 0.85238388
v 0.07372203 -1.26318201 0.92774016
v 0.04685423 -1.17121439 0.87615520
v 0.07416661 -1.14378605 0.88622134
v 0.04711844 -1.26265659 0.92893345
v 0.04617267 -1.15090174 0.88425224
v 0.30153369 -1.75866872 0.44061889
v 0.34486002 -1.75969607 0.41404246
v 0.45515638 -1.82596625 0.31292452
v 0.59724578 -1.82961306 -0.08139204
v 0.60123657 -1.81609191 -0.06061316
v 0.54042524 -1.73431787 -0.49816641
v 0.08218916 -1.45341210 -1.03488880
v -0.60890042 0.09947774 -0.78662826
v -0.68958769 0.22170172 -0.67315023
v -0.74923685 0.43542516 -0.47912287
v -0.80528047 0.50064362 -0.25363474
v -0.59833609 -0.14964312 0.71840629
v -0.36947706 -0.37866715 0.87350998
v -0.40665275 -0.39448264 0.85874611
v -0.39947894 -0.80689211 0.91282269
v -0.24831789 -0.98975312 0.95599569
v -0.12016599 -1.16014954 0.95355903
v -0.04087151 -1.23849323 0.93889284
v 0.06266346 -1.26814871 0.92623527
v 0.06231699 -1.40202649 0.87273852
v 0.12865054 -1.49686829 0.80788568
v 0.48880052 -1.75937363 -0.45411679
v 0.46583172 -1.75675832 -0.48538301
v 0.33477810 -1.71150591 -0.72107695
v -0.63778295 0.19200072 -0.72992097
v -0.65939259 0.14085987 0.59651739
v -0.47736014 -0.17384068 0.79433263
v -0.29831210 -0.41461815 0.85419460
v -0.29019605 -0.44540099 0.90204395
v -0.04257232 -1.19863564 0.94844552
v 0.04349758 -1.22685837 0.94098173
v 0.07779941 -1.24968302 0.93088101
v 0.51137164 -1.75921230 -0.41952342
v 0.49256342 -1.75698332 -0.45027664
v 0.38331468 -1.69257975 -0.72466623
v 0.07577566 -1.37256835 -1.07825153
v -0.06289849 -1.23325036 -1.13118638
v -0.71723715 0.48204690 -0.48777114
v -0.76742915 0.51918936 -0.35207534
v -0.79568021 0.44559314 -0.37925568
v -0.81685536 0.51254314 -0.13912089
v -0.75381554 0.32618998 0.42190000
v -0.60959561 -0.03862368 0.68493919
v -0.41960276 -0.20687229 0.78526789
v -0.41539392 -0.22197756 0.78735513
v -0.44920746 -0.76513114 0.89161619
v -0.03944175 -1.17308618 0.95598706
v -0.02054142 -1.20832455 0.94940221
v 0.03004069 -1.25894142 0.93459717
v 0.04211533 -1.26514500 0.93253544
v 0.01512716 -1.34683529 0.90204710
v 0.21695544 -1.73292282 0.55180518
v 0.46858918 -1.82006658 0.29918754
v 0.57463659 -1.82162874 -0.27466074
v 0.43502982 -1.70783906 -0.66263267
v 0.04066641 -1.32472286 -1.10196281
v -0.38519029 -0.74582630 -1.08266519
v -0.47461014 -0.32186335 -0.98021814
v -0.61340077 -0.03796694 -0.83188145
v -0.68913237 0.21532073 0.54529123
v -0.65415618 0.16430337 0.59328154
v -0.46403959 -0.14288478 0.79599006
v -0.42624620 -0.16281055 0.77105013
v -0.36465168 -0.31736130 0.85201059
v -0.42356397 -0.50977265 0.86822491
v -0.04397009 -1.15439703 0.95909145
v 0.04228294 -1.17137262 0.95579237
v 0.12907341 -1.55322333 0.76873317
v 0.21611322 -1.63421533 0.68038423
v 0.51110133 -1.82070900 0.24032375
v 0.58842259 -1.82045540 0.04346097
v 0.51865842 -1.75730438 -0.41124229
v 0.29847619 -1.50057872 -0.95247848
v 0.21669742 -1.45278739 -1.01096325
v -0.13330460 -1.07093137 -1.15138926
v -0.68605295 0.34119107 -0.62068144
v -0.70213389 0.45168153 -0.53562152
v -0.82024289 0.49862839 0.04786268
v -0.76641209 0.43984393 0.32039314
v -0.69609943 0.35417897 0.47438932
v -0.68475675 0.28438661 0.52032632
v -0.64375583 0.02192784 0.64556011
v -0.45866644 -0.10459528 0.78883372
v -0.40888025 -0.24489936 0.79393190
v 0.05567929 -1.13931079 0.88757117
v 0.05774772 -1.50809457 0.81106521
v 0.36629945 -1.75705230 0.40044629
v 0.54371706 -1.82265840 0.17819910
v 0.56957272 -1.82401814 0.11158242
v 0.58221673 -1.76453726 -0.25379215
v 0.40706065 -1.59773794 -0.82340947
v 0.10092025 -1.33058903 -1.09400819
v -0.48770661 -0.23238400 -0.95484885
v -0.54152849 0.14412210 -0.81328745
v -0.46924154 -0.07917098 0.77821350
v -0.42717683 -0.09579306 0.75328564
v -0.23445189 -0.46268905 0.87515345
v -0.31917827 -0.42736015 0.89502260
v 0.02810003 -1.17812408 0.95636841
v 0.08259729 -1.23907889 0.93655994
v 0.12203062 -1.18704162 0.94469308
v 0.13306961 -1.13915122 0.88444628
v 0.10358780 -1.37997998 0.88080637
v 0.40467250 -1.75795398 0.36876247
v 0.41675114 -1.75772188 0.35767895
v 0.60107780 -1.80614349 -0.12077020
v 0.55644235 -1.76034569 -0.33087064
v 0.53386582 -1.75843219 -0.38253400
v 0.37070680 -1.67950134 -0.75072936
v 0.08467562 -1.39098384 -1.06906676
v -0.47775660 -0.44584389 -1.00157301
v -0.54831194 0.01957401 -0.85264979
v -0.62542196 0.29723809 -0.69470300
v -0.79845124 0.52964401 -0.20868548
v -0.72384278 0.39143898 0.42184782
v -0.59442419 0.09793135 0.65609933
v -0.56708474 -0.01655993 0.70494905
v -0.45372014 -0.05155587 0.77712800
v -0.38700798 -0.30240712 0.82181436
v -0.31521984 -0.20538474 0.83709948
v -0.27388473 -0.21043838 0.85698662
v -0.32730241 -0.37047452 0.86839151
v -0.31515084 -0.38360708 0.87413728
v -0.31103273 -0.47354420 0.90108697
v 0.12278134 -1.25780098 0.92629249
v 0.12142006 -1.22001978 0.93759725
v 0.12784319 -1.14681049 0.95287147
v 0.54122883 -1.76977359 0.18512448
v 0.59368030 -1.76198921 0.02102394
v 0.35812606 -1.53956123 -0.89884617
v 0.04947543 -1.24980894 -1.12613664
v -0.12420090 -0.99090712 -1.15642533
v -0.65436294 0.41310591 -0.61166040
v -0.69187796 0.41689557 -0.57084503
v -0.77749537 0.52174457 0.18639936
v -0.63378800 0.25666531 0.57404441
v 0.07947434 -1.28276889 0.92463931
v 0.21743966 -1.56929556 0.73678884
v 0.27632213 -1.55704161 0.72825251
v 0.40953526 -1.75571899 0.36660912
v 0.57105071 -1.75947739 -0.29489605
v 0.54865718 -1.75834516 -0.35348695
v 0.48374688 -1.70048505 -0.63909349
v 0.27097265 -1.42068655 -1.01356582
v 0.02638894 -1.20590837 -1.13924228
v -0.09232692 -1.04034125 -1.15768723
v -0.15269231 -0.94556242 -1.15255181
v -0.24018754 -0.71413803 -1.11834416
v -0.31174777 -0.68911270 -1.09880792
v -0.80502471 0.49993164 -0.26579812
v -0.79257902 0.53873049 0.08489678
v -0.61531228 0.20233469 0.60842733
v -0.54346999 -0.04132679 0.72576126
v -0.29856576 -0.19491427 0.84035063
v -0.32369361 -0.36642747 0.87000542
v -0.32431712 -0.37959065 0.86926277
v -0.29964781 -0.40267025 0.87816370
v -0.21057262 -0.47574785 0.88070824
v -0.23152481 -0.89931199 0.96073336
v -0.15171020 -0.97171141 0.97438193
v 0.04704288 -1.14946027 0.96203387
v 0.05737031 -1.14166935 0.96325543
v 0.07634016 -1.15074670 0.94741532
v 0.12941596 -1.14113153 0.95836231
v 0.07793492 -1.16473794 0.95321329
v 0.17641316 -1.40735337 0.85419237
v 0.48228341 -1.75837180 0.28547317
v 0.39760082 -1.64674474 -0.77721063
v 0.16533298 -1.41999578 -1.04091215
v -0.52153457 -0.11511561 -0.90944051
v -0.74171177 0.52417950 0.27162865
v -0.43780515 -0.06213622 0.76789189
v -0.38106409 -0.29481848 0.84358673
v -0.20322722 -0.27364647 0.86462007
v -0.34358888 -0.34996505 0.86217018
v -0.22138384 -0.47051641 0.88065543
v 0.27315491 -1.71593504 0.56183579
v 0.28853150 -1.74896752 0.47851315
v 0.44757855 -1.75664011 0.32768054
v 0.58241792 -1.76124676 -0.25255480
v 0.38094282 -1.45925127 -0.94676880
v -0.23426858 -0.90252180 -1.13702229
v -0.31555556 -0.54423043 -1.07758538
v -0.77551123 0.56076271 -0.22330055
v -0.73105384 0.44256281 0.37640826
v -0.49065368 -0.07425587 0.76395437
v -0.26039457 -0.20560406 0.85407123
v -0.26993705 -0.43912543 0.86694867
v -0.38453221 -0.62216428 0.89747935
v -0.34827582 -0.80245216 0.92944835
v -0.06921913 -1.14401885 0.96332841
v 0.08346313 -1.18916007 0.95004723
v 0.12088917 -1.15297564 0.95561553
v 0.15756823 -1.16896300 0.94620866
v 0.50785334 -1.75883571 0.24746826
v 0.60058690 -1.76211931 -0.13511885
v 0.42153431 -1.73576814 -0.61576753
v 0.45975690 -1.55235051 -0.83235961
v -0.23390337 -0.81333454 -1.13116674
v -0.56479044 0.30034490 -0.73651641
v -0.74855403 0.48592840 -0.43571556
v -0.72040801 0.53191169 0.30443490
v -0.64651397 0.34387180 0.52792604
v -0.39700711 0.03316979 0.73224423
v -0.41173704 -0.00483196 0.73959776
v -0.23778030 -0.22890085 0.85110267
v -0.20030591 -0.23743212 0.85192797
v -0.18833232 -0.48777755 0.89308056
v -0.19510737 -1.03736935 0.96447199
v 0.15342823 -1.14806754 0.93772225
v 0.15688176 -1.23425169 0.92866958
v 0.14991262 -1.26759219 0.91887321
v 0.14991125 -1.27609519 0.91937413
v 0.21222685 -1.42112155 0.83975014
v 0.26954843 -1.66115000 0.63583248
v 0.56166922 -1.76174106 0.14021373
v 0.12275957 -1.28228954 -1.10963437
v -0.03823191 -1.15831890 -1.14863834
v -0.33175551 -0.44543436 -1.05654106
v -0.41001417 -0.26680275 -0.99562171
v -0.45183211 -0.10548591 -0.93861812
v -0.49040266 -0.06117044 -0.90875549
v -0.60945253 0.36445809 -0.67614852
v -0.67296446 0.54904216 -0.48354586
v -0.73888968 0.55213638 -0.36410826
v -0.75858047 0.59251520 -0.17853361
v -0.77626483 0.52968821 0.18155887
v -0.70293220 0.37674107 0.45606419
v -0.52262459 0.11262608 0.69238979
v -0.37961867 0.07159533 0.72673582
v -0.40468215 -0.21921347 0.82474080
v -0.32260551 -0.13526076 0.82210447
v -0.21943535 -0.09178819 0.82003173
v -0.21458631 -0.10112777 0.83740893
v -0.36065060 -0.11026791 0.80953828
v -0.20915606 -0.14071248 0.83872554
v -0.26441192 -0.14903978 0.82749539
v -0.20607502 -0.21187197 0.85880023
v -0.16469982 -0.30780209 0.86693888
v -0.18835921 -0.29797227 0.87124270
v -0.25876839 -0.43556776 0.89175392
v -0.27250600 -0.46362824 0.91115170
v -0.31045611 -0.80848248 0.94013148
v -0.04820493 -1.06221769 0.97589394
v 0.18294845 -1.55867485 0.75593723
v 0.52330949 -1.75902210 0.22272169
v 0.54076405 -1.75902111 0.18962780
v 0.55587501 -1.75936282 0.15746115
v 0.58761592 -1.76154440 0.05062981
v 0.57511773 -1.73403742 -0.44444240
v 0.56212846 -1.70788899 -0.54543755
v 0.41944650 -1.66926133 -0.73902766
v 0.19083214 -1.38094906 -1.05653270
v 0.17453103 -1.34571898 -1.07679873
v 0.06064437 -1.15751213 -1.14663776
v -0.16347180 -0.81227713 -1.14327488
v -0.65348966 0.44394898 -0.59499148
v -0.66616358 0.51262405 -0.52805540
v -0.71616433 0.54703085 -0.41635528
v -0.75971171 0.59784035 -0.13389329
v -0.64985048 0.41662483 0.48464262
v -0.53122904 0.02459172 0.71466332
v -0.44834570 -0.01877196 0.77115424
v -0.38679468 0.05680521 0.72858771
v -0.42786777 -0.13502030 0.79158702
v -0.18346038 -0.28167048 0.85856715
v -0.14180454 -0.50456921 0.89640516
v -0.29175895 -0.65873032 0.92771224
v 0.15727421 -1.14706419 0.95476337
v 0.43456677 -1.74293647 0.39464332
v 0.46226785 -1.75553648 0.32344379
v 0.46589784 -1.48953567 -0.87820357
v 0.37371360 -1.39038035 -0.99031732
v -0.02189120 -0.99653616 -1.16346044
v -0.72722753 0.62596354 -0.18392296
v -0.58098418 0.20627808 0.62860013
v -0.40449188 0.01327484 0.74026917
v -0.42376344 -0.09697689 0.79208877
v -0.41286455 -0.08904664 0.79553913
v -0.31166751 -0.06660802 0.80487047
v -0.19048315 -0.23916008 0.84933001
v -0.23996434 -0.44540653 0.89699899
v -0.21971504 -0.46157440 0.90121592
v -0.17680351 -0.49143735 0.88803783
v -0.23662585 -0.48132128 0.91965920
v -0.35606528 -0.62428672 0.90645433
v 0.16648461 -1.20958073 0.93718961
v 0.17192078 -1.34032858 0.88953156
v 0.24761257 -1.64054413 0.66926465
v 0.36576599 -1.73321345 0.47666923
v 0.42246090 -1.72356506 0.46330271
v 0.60158121 -1.76158822 -0.04933458
v 0.56837950 -1.65878259 -0.63350165
v 0.49066414 -1.59904353 -0.77040177
v 0.47979569 -1.52422855 -0.84281099
v 0.10531963 -1.23337803 -1.12696683
v 0.03355205 -1.12018353 -1.15396641
v -0.21490756 -0.69109661 -1.12099509
v -0.20389570 -0.59955798 -1.11067238
v -0.53383164 0.31008749 -0.75136820
v -0.56804614 0.41221150 -0.68231595
v -0.73836644 0.57481687 0.18926316
v -0.57462687 0.06905818 0.67732104
v -0.41751728 0.02956969 0.75744386
v -0.36394753 0.09785263 0.71970544
v -0.42165928 -0.18261388 0.81235182
v -0.31608562 -0.05988037 0.82131428
v -0.09893535 -0.36749523 0.88835258
v -0.03941916 -0.37625635 0.90038378
v -0.15711153 -0.50011919 0.89612418
v -0.22229675 -0.48351011 0.91907975
v -0.20789343 -0.85663657 0.96423836
v 0.15731986 -1.15107217 0.95234117
v 0.34863694 -1.70183256 0.54706008
v 0.55388021 -1.75106100 0.22197941
v 0.57675258 -1.76057732 0.09505126
v 0.47721940 -1.47949654 -0.87802589
v -0.11037950 -0.89070095 -1.15568654
v -0.58084783 0.47498287 -0.63464228
v -0.74914908 0.60525373 0.04381409
v -0.41483074 0.06218988 0.75793319
v -0.35190018 0.12376480 0.72640781
v -0.41685284 -0.18973119 0.81559904
v -0.33250047 -0.05189010 0.79987332
v -0.34499711 -0.03028681 0.80188527
v -0.30573584 -0.05928287 0.80462479
v -0.10758349 -0.36930479 0.90046117
v -0.21175386 -0.49855231 0.92728847
v -0.14856537 -1.02724009 0.97238197
v -0.04749592 -1.13484121 0.96581025
v -0.00623495 -1.08587099 0.97416684
v 0.31744701 -1.48324849 0.76790768
v 0.33354969 -1.67100197 0.59617726
v 0.59900394 -1.75522277 0.06941848
v 0.59587796 -1.76091412 -0.18743724
v -0.30732653 -0.37723366 -1.05110764
v -0.73487902 0.60414554 -0.25194950
v -0.56399605 0.24285596 0.62668985
v -0.43868958 0.01708922 0.76600025
v -0.43346300 0.02771188 0.76360058
v -0.34344966 0.13090742 0.71909573
v -0.42071833 -0.04100873 0.74549085
v -0.41823797 -0.04545429 0.78299299
v -0.37007740 -0.09762696 0.81419923
v -0.34219333 -0.08739222 0.80522735
v -0.21016565 -0.10894766 0.82265224
v -0.17913720 -0.32733977 0.87814131
v -0.24652045 -0.49130194 0.92039432
v 0.05453640 -1.13313059 0.96666871
v 0.17045639 -1.29383473 0.91059168
v 0.24054275 -1.32680538 0.88125587
v 0.59370659 -1.68221413 -0.56816656
v 0.53408423 -1.51024712 -0.81950737
v 0.40550127 -1.43612004 -0.94849094
v 0.12959015 -1.17615835 -1.13741044
v -0.15571247 -0.66615870 -1.12788099
v -0.40398442 -0.15156437 -0.97119924
v -0.50162528 0.13962172 -0.83750830
v -0.53214710 0.20030360 -0.79845649
v -0.48566072 0.29105618 -0.78675462
v -0.73121494 0.63094891 -0.02142970
v -0.70736409 0.64882954 0.01608063
v -0.71792130 0.62175515 0.11729096
v -0.62703911 0.44322308 0.48886947
v -0.39798981 0.03095494 0.75930157
v -0.20858891 -0.05717124 0.81557194
v -0.12088743 -0.31911755 0.87315828
v -0.10341187 -0.36988834 0.88997939
v -0.12985330 -0.32833717 0.87932990
v 0.38986682 -1.71416518 0.50167006
v 0.52121994 -1.45939613 -0.86495147
v 0.50164513 -1.42787930 -0.89911033
v 0.09512644 -1.11366606 -1.15037357
v -0.11090673 -0.76253832 -1.14537566
v -0.45744127 0.00813907 -0.90426362
v -0.68001771 0.58369132 0.29762587
v -0.66910776 0.52708251 0.37957825
v -0.67225775 0.47046486 0.42816873
v -0.42851089 0.05148324 0.75944806
v -0.33500473 0.14095739 0.71488049
v -0.37212719 0.08683091 0.75005029
v -0.41549473 -0.02018986 0.77208932
v -0.18710698 -0.06784101 0.81649927
v -0.18710698 -0.07028130 0.81649927
v -0.19082850 -0.20093425 0.84210853
v -0.11020153 -0.31447595 0.87684854
v -0.16682394 -0.43003369 0.90100057
v -0.17093026 -0.48178912 0.91099802
v -0.18887027 -0.50547833 0.93165910
v -0.22915980 -0.68799964 0.94398587
v 0.27602008 -1.43794563 0.81043819
v 0.33923311 -1.52669464 0.72776620
v 0.35121803 -1.64544883 0.61849692
v 0.61935396 -1.74054026 -0.32587186
v -0.36950225 -0.19012737 -0.99327039
v -0.35426960 -0.17178761 -0.99367707
v -0.49762488 0.32288025 -0.76592710
v -0.62199985 0.55270263 -0.53675016
v -0.67033622 0.58273413 -0.44302996
v -0.76244683 0.59975925 -0.11504498
v -0.29174355 -0.01069737 0.79493913
v -0.18710698 -0.06515667 0.81649927
v -0.18743082 -0.08293381 0.81867091
v -0.18835936 -0.11118963 0.82320745
v -0.18960598 -0.22524261 0.85297842
v -0.17958421 -0.27797041 0.91626792
v -0.15573510 -0.29730392 0.92120435
v -0.07516510 -0.52026806 0.90367170
v -0.11642061 -0.51237325 0.90258719
v 0.49326951 -1.72187686 0.40248726
v 0.62720583 -1.74864802 -0.21682822
v 0.55201606 -1.63463465 -0.68375824
v 0.25653236 -1.34493585 -1.05754153
v 0.00691081 -1.07587155 -1.16012928
v 0.03924244 -0.92296130 -1.16184041
v -0.12581620 -0.56358581 -1.11680769
v -0.21619942 -0.43235086 -1.08231814
v -0.35408494 -0.29367513 -1.02160606
v -0.73144686 0.61622080 0.08674430
v -0.67404283 0.55234866 0.34791750
v -0.64143313 0.49655557 0.43827497
v -0.61315138 0.44824464 0.49751400
v -0.49553189 0.08102885 0.71673349
v -0.36800669 0.12673192 0.74499660
v -0.33211673 0.14423178 0.71938030
v -0.36699750 -0.09607418 0.80448304
v -0.20186601 -0.00822124 0.80095425
v -0.18777397 -0.05086994 0.86375969
v -0.08574405 -0.32156317 0.87335405
v -0.02731799 -0.31158511 0.89072628
v -0.10774001 -0.38456303 0.89433290
v -0.16313186 -0.75929341 0.96261532
v -0.04234859 -0.98550738 0.98175553
v 0.37734427 -1.52266485 0.71504327
v 0.64700129 -1.74642704 -0.02547658
v 0.64006341 -1.72226717 -0.37790266
v 0.62752475 -1.69522017 -0.49390469
v 0.58234360 -1.54549569 -0.75454905
v 0.49432635 -1.38438925 -0.92963985
v -0.04823617 -0.95079194 -1.16281042
v -0.20471924 -0.47693752 -1.09285615
v -0.65327379 0.62311444 -0.39975814
v -0.40550118 0.07714069 0.75569706
v -0.39421526 0.03451695 0.76713450
v -0.28418259 0.00433457 0.77987829
v -0.25283200 -0.00682709 0.80725063
v -0.18761824 -0.00810551 0.79882011
v -0.12139095 -0.24329278 0.90833527
v -0.10724800 -0.31530512 0.90432420
v -0.09454894 -0.31099096 0.87849437
v -0.02170455 -0.37046736 0.89137144
v -0.16039567 -0.47280229 0.91186453
v -0.15295206 -0.47309375 0.91234588
v -0.17301777 -0.51524859 0.93532440
v 0.51018785 -1.68744943 0.46261715
v 0.36005546 -1.37344307 -1.00618507
v -0.03789155 -0.85809309 -1.15848186
v -0.61276659 0.51593145 -0.57966218
v -0.59079637 0.51626896 0.46544379
v -0.20256699 -0.00402812 0.81186978
v -0.18807626 -0.05398438 0.80956352
v 0.11170253 -0.03134100 0.84412645
v 0.09956771 -0.13963641 0.84528161
v -0.02138162 -0.33993949 0.88243338
v -0.00288126 -0.36448571 0.90019960
v -0.06669720 -0.50806029 0.92449582
v -0.00712769 -0.89811010 0.98383789
v 0.66807849 -1.68288321 -0.46508908
v 0.31383582 -1.31228671 -1.05200635
v 0.16834091 -1.16155999 -1.13440573
v -0.51161977 0.45214266 -0.69544340
v -0.70661472 0.65539001 -0.10279870
v -0.62990791 0.55945079 0.39106718
v -0.56181114 0.37435123 0.57361910
v -0.45839611 0.02109911 0.75472204
v -0.31926317 0.15905100 0.71224550
v -0.20581139 0.00084946 0.79793513
v -0.18948636 -0.24627604 0.90930991
v -0.12828221 -0.18460226 0.89309700
v 0.09901887 -0.05873006 0.83200566
v -0.02089762 -0.31356346 0.87913650
v -0.15498263 -0.50442625 0.91657403
v -0.12406756 -0.82732968 0.97272003
v 0.02226925 -1.01568951 0.98055928
v 0.07150201 -1.03302148 0.97745257
v 0.33094768 -1.40568013 0.81174345
v 0.41301959 -1.59360116 0.63938055
v 0.65708117 -1.72738352 0.13627571
v 0.68050748 -1.73192530 -0.03249076
v 0.71227873 -1.71759215 -0.10488539
v 0.68603711 -1.71073519 -0.32187528
v 0.59730564 -1.58583475 -0.70332215
v 0.61961530 -1.48592313 -0.77682773
v 0.20673326 -1.26578220 -1.10072506
v 0.16197338 -1.10517554 -1.14256938
v -0.31077887 -0.18653240 -1.01044374
v -0.56834721 0.49517135 -0.63139627
v -0.68118108 0.65874928 -0.23652758
v -0.69860973 0.61140395 0.20910461
v -0.54906214 0.49136184 0.51543933
v -0.32334519 0.15479444 0.74814211
v -0.19123130 0.04745371 0.80843056
v -0.18660652 -0.11737118 0.87960743
v -0.18643418 -0.17091004 0.89204899
v -0.12801136 -0.10576713 0.87746192
v 0.07200610 -0.03150293 0.84424715
v -0.02259794 -0.30358853 0.92321834
v -0.06255118 -0.41341932 0.90306296
v -0.14564384 -0.51715062 0.93661298
v -0.04943241 -0.82868356 0.97805448
v 0.38550991 -1.42298912 0.77882564
v -0.68690011 0.64386433 -0.27458074
v -0.67620294 0.67676878 -0.15614893
v -0.64643579 0.69661413 0.03734383
v -0.68161716 0.64703941 0.14760299
v -0.64243191 0.62273412 0.28581571
v -0.57172836 0.53770806 0.46247772
v -0.29994405 0.17992063 0.71059541
v -0.30873822 0.00544203 0.78748873
v -0.18111300 -0.13408941 0.88372974
v -0.11269134 -0.05765194 0.85475307
v -0.08474519 -0.03711118 0.82856249
v -0.09382251 -0.30344485 0.92289514
v 0.00828274 -0.88312535 0.98161749
v 0.24301841 -1.20400215 0.92537748
v 0.26685969 -1.23797243 0.90772600
v 0.29300884 -1.26953329 0.88902722
v 0.45894500 -1.62911621 0.57763570
v 0.54426836 -1.71309433 0.37400917
v 0.19185296 -1.09757173 -1.13844040
v 0.02633196 -0.86574271 -1.15883612
v -0.18970430 -0.27303105 -1.05723730
v -0.25232531 -0.03135341 -0.98499965
v -0.33486273 0.04729621 -0.93733744
v -0.61041168 0.60752135 -0.48320347
v -0.70513891 0.60567612 -0.34018314
v -0.65018240 0.65559622 -0.33510851
v -0.40010773 0.10159598 0.75314897
v -0.20223584 0.04776446 0.78766632
v -0.22932402 0.08004070 0.79453662
v -0.18601717 0.00677713 0.85048491
v -0.11120329 -0.01041970 0.84503325
v 0.05893425 -0.25554606 0.91198461
v 0.02519209 -0.32688363 0.89865296
v -0.12180636 -0.49532370 0.91878652
v -0.09882408 -0.51474149 0.90863677
v 0.23435987 -1.12081831 0.94461346
v 0.38639345 -1.46884871 0.74978521
v 0.73725203 -1.68347860 -0.30976795
v 0.63323888 -1.59693738 -0.65740110
v 0.55968936 -1.36330347 -0.90075596
v 0.41069304 -1.33394745 -1.00246068
v -0.24442127 -0.28120727 -1.04848056
v -0.39990405 0.12778631 -0.88871973
v -0.50445201 0.53105359 -0.64834057
v -0.65814656 0.64304917 0.21481786
v -0.42814073 0.07301669 0.75212728
v -0.35536702 0.11452346 0.75093660
v -0.37885731 0.06952484 0.76103616
v -0.26250343 0.01507431 0.79068342
v -0.07316436 -0.03125517 0.84544975
v 0.00538233 -0.41107255 0.90560881
v -0.00192966 -0.44203151 0.91706756
v -0.20589243 -0.56518915 0.93257201
v 0.32033831 -1.32618046 0.85711845
v 0.56902801 -1.70838560 0.36338875
v 0.65913997 -1.62985064 -0.58758122
v 0.68525906 -1.55843153 -0.65381731
v 0.59709590 -1.43380191 -0.83175656
v 0.30033546 -1.19540947 -1.09488260
v -0.27911448 -0.22183214 -1.02756061
v -0.48314760 0.57675032 -0.62108955
v -0.56255498 0.59141579 -0.55082683
v -0.65037467 0.68064650 0.10860569
v -0.52224689 0.39106239 0.58747831
v -0.36705367 0.15804528 0.74602188
v -0.34636944 -0.02561877 0.79187327
v -0.21940487 0.07729905 0.79279139
v -0.12733676 -0.02851924 0.85966872
v 0.12511058 -0.14618635 0.87592501
v 0.11233827 -0.24500018 0.90781745
v 0.02537106 -0.31530111 0.87748862
v 0.09758522 -0.31445920 0.87517123
v 0.35467505 -1.25490026 0.87399238
v 0.47390714 -1.51954354 0.66799702
v 0.66446208 -1.73023250 0.08545197
v 0.65577114 -1.35168689 -0.83914471
v -0.03929767 -0.66293454 -1.13722260
v -0.08775611 -0.56143200 -1.12052738
v -0.34785959 0.19357075 -0.88211424
v -0.40081592 0.26117918 -0.83639244
v -0.46228738 0.45447242 -0.71974116
v -0.64532935 0.69000026 -0.21958284
v -0.62345949 0.61547534 0.32589428
v -0.34616299 0.16796343 0.74380549
v -0.25829415 0.21650480 0.70745185
v -0.24648680 0.08883071 0.77453452
v -0.16588832 0.03587671 0.79152944
v 0.10185826 -0.15981753 0.87742446
v 0.09571206 -0.25280780 0.90718837
v 0.03304303 -0.37809766 0.90329482
v 0.00331194 -0.45755188 0.91678815
v -0.11619158 -0.52613580 0.94227563
v -0.09406196 -0.53246395 0.94507196
v -0.17462739 -0.52531354 0.93643043
v 0.12976398 -0.97680892 0.97660029
v 0.20903709 -1.06583074 0.95854136
v 0.38513416 -1.53879449 0.70064694
v 0.64929657 -1.71889984 0.20361669
v 0.69705479 -1.71650555 -0.24475894
v 0.34058838 -1.26825078 -1.05970313
v 0.00818071 -0.78077903 -1.15247056
v -0.13067477 -0.41938979 -1.09255683
v -0.23992261 -0.11592491 -1.01098834
v -0.31011644 -0.08910544 -0.98657939
v -0.37310692 0.02557692 -0.93302019
v -0.38687517 0.21140251 -0.86207780
v -0.39288095 0.36852266 -0.79502001
v -0.41216305 0.45095521 -0.74473935
v -0.64153884 0.70622381 -0.05321875
v -0.51211091 0.34214466 0.61572399
v -0.32173247 0.20260999 0.74182956
v -0.25282495 0.12973261 0.76801803
v -0.11393813 0.05507993 0.79316374
v 0.09235272 -0.00599782 0.84394698
v 0.11377121 -0.24061065 0.89721506
v -0.00023937 -0.35253474 0.88689222
v 0.01643221 -0.52582633 0.90710329
v 0.45609090 -1.65356352 0.55276294
v 0.60594806 -1.68858576 0.36691454
v 0.68672832 -1.68707219 0.25068513
v 0.68994821 -1.70210722 0.18393600
v 0.45930867 -1.36637137 -0.96145572
v 0.19775587 -1.03088737 -1.14361792
v 0.12881679 -1.03996654 -1.15434161
v -0.47638334 0.41414387 -0.73548860
v -0.56010754 0.63881398 -0.49057434
v -0.63461487 0.70927308 -0.12571745
v -0.64138323 0.63687135 0.26120866
v -0.58337376 0.59061926 0.39975863
v -0.38576342 0.04144935 0.76971505
v -0.12957400 0.06024056 0.78634212
v -0.11288694 -0.01092966 0.85347524
v -0.03520870 -0.00669443 0.84231226
v 0.12929174 -0.30423037 0.92210899
v 0.04704683 -0.52385951 0.90777665
v 0.52822581 -1.54204444 0.61663958
v 0.54374527 -1.57908266 0.57109924
v 0.69197117 -1.72744157 -0.09534327
v 0.69659117 -1.68319823 -0.41687151
v -0.15318698 -0.21832647 -1.05067759
v -0.40450428 0.29363384 -0.82245273
v -0.62471318 0.66826497 -0.35046788
v -0.61209524 0.71740234 0.04553115
v -0.49043512 0.53149439 0.51853971
v -0.46886963 0.27300523 0.66336089
v -0.25134283 0.10282021 0.78152268
v -0.06514666 0.11030682 0.79431438
v -0.15137620 0.04932365 0.84018941
v -0.17879615 0.02152528 0.84866981
v -0.11872946 -0.58064744 0.94548499
v -0.01739625 -0.71498496 0.96709080
v 0.03430492 -0.88780525 0.98166065
v 0.20659108 -0.97056628 0.96475187
v 0.77187846 -1.68122879 -0.15827937
v 0.76820001 -1.63542139 -0.41006629
v 0.39205093 -1.24410441 -1.04597688
v 0.10668255 -1.02281137 -1.16002611
v -0.62240196 0.65998344 0.24173328
v -0.59928449 0.59743964 0.37796975
v -0.39870440 0.23736491 0.70369137
v -0.29289780 0.20521953 0.73141612
v -0.29505387 0.18365376 0.74359538
v -0.11713298 0.11339005 0.78477403
v -0.07155351 0.06412146 0.80284720
v -0.11361649 0.04728515 0.84322636
v 0.12798643 -0.20655246 0.89680610
v 0.18035272 -0.27801200 0.91551067
v 0.10634586 -0.32472117 0.90574550
v 0.00939314 -0.78703823 0.97507221
v 0.39951075 -1.30788948 0.83460241
v 0.70963690 -1.65211620 -0.47632862
v 0.68562890 -1.47551138 -0.73014894
v 0.36432036 -1.21292464 -1.06594660
v 0.25189245 -1.12116153 -1.12271228
v -0.44915846 0.54935157 -0.66285826
v -0.63271699 0.62775708 -0.42658782
v -0.61323421 0.71053792 -0.22342337
v -0.57380664 0.74581763 -0.11905282
v -0.64437575 0.65846386 0.20850704
v -0.47955450 0.49490976 0.55129192
v -0.34123150 0.19426395 0.74093108
v -0.21877877 0.24221392 0.70448498
v -0.22408824 0.08637161 0.77990851
v -0.07767178 0.12761816 0.77778298
v -0.07009068 0.13873797 0.79935485
v -0.07240119 0.05526130 0.78854840
v 0.02373427 0.03733545 0.84529469
v -0.01042985 0.03733545 0.84529469
v -0.01611625 0.00416590 0.85229579
v -0.08556758 -0.00330072 0.85143355
v 0.11347317 -0.31839255 0.87376246
v 0.03846961 -0.50551871 0.92700170
v -0.01229341 -0.51796139 0.92767947
v 0.10815566 -0.50392664 0.91956975
v 0.09267643 -0.93829071 0.98041101
v 0.52843789 -1.65168151 0.50288781
v 0.65846459 -1.66247710 0.35746441
v 0.75255731 -1.68719381 -0.21619575
v 0.68858466 -1.59674034 -0.60272681
v 0.51897623 -1.29571187 -0.95969205
v 0.57004438 -1.27049957 -0.93717167
v 0.45704914 -1.28461926 -0.99952995
v 0.28640755 -1.15258541 -1.10742686
v 0.22868308 -0.99975307 -1.13791095
v -0.10043608 -0.35996641 -1.08482566
v -0.34137524 0.31780353 -0.83520005
v -0.43829822 0.49331084 -0.70944913
v -0.56775239 0.57602246 0.43056631
v -0.34652483 0.23199427 0.72291920
v -0.22539513 0.24630561 0.71843744
v -0.21973179 0.24194997 0.73411330
v -0.26897107 0.20927106 0.73835343
v -0.18791615 0.04874488 0.78928569
v 0.04008417 0.03733545 0.84529469
v 0.01910112 -0.00217814 0.85211334
v 0.11055697 -0.00766289 0.85355168
v 0.12770419 -0.05450761 0.85794377
v 0.13393186 -0.16797058 0.89168350
v 0.11168176 -0.36560706 0.88870491
v 0.10033444 -0.37006373 0.88772771
v 0.00579461 -0.39458056 0.89933830
v 0.00699831 -0.45441925 0.91351252
v 0.11445820 -0.51211734 0.90040444
v 0.08718169 -0.51831871 0.90166550
v 0.08303325 -0.51831871 0.90166550
v -0.04304164 -0.52234632 0.91249493
v -0.07092274 -0.54019183 0.94867624
v 0.29741563 -1.09168393 0.93472773
v 0.64775283 -1.70724452 0.25478489
v 0.75977774 -1.58442222 -0.52836205
v 0.00725899 -0.60832887 -1.13081265
v -0.05556963 -0.42956861 -1.10066279
v -0.25052684 0.06930706 -0.95359225
v -0.35854961 0.42002267 -0.78250370
v -0.46872598 0.60583759 -0.59991042
v -0.57750544 0.71303093 -0.30969615
v -0.56936451 0.74920820 -0.03746826
v -0.42420159 0.44090500 0.60707520
v -0.43357461 0.38012203 0.63378776
v -0.24564871 0.23662979 0.72326971
v -0.18324579 0.26018850 0.70321381
v -0.26740591 0.20450251 0.74371810
v -0.25130661 0.16677947 0.76048751
v -0.07044223 0.13913023 0.77255718
v -0.00769625 0.07455359 0.78895830
v -0.01907190 0.22160056 0.77124554
v -0.02941627 0.04865714 0.80764144
v 0.02042370 0.04456769 0.84375800
v 0.18693613 -0.18967969 0.89651743
v 0.16199313 -0.30511586 0.86632042
v 0.04776785 -0.37695164 0.88507245
v 0.08766979 -0.51856276 0.90337364
v 0.07638859 -0.51970028 0.90437981
v 0.32244320 -1.06039092 0.93103806
v 0.70326024 -1.71362548 0.08004968
v 0.76789054 -1.68432967 -0.04832524
v 0.75848129 -1.53543344 -0.59769798
v 0.66832327 -1.37277551 -0.81807422
v 0.00504118 -0.47928806 -1.11074116
v -0.58224858 0.64680363 -0.45785152
v -0.56452509 0.73891104 0.07892844
v -0.60286821 0.70835791 0.12955258
v -0.56315604 0.67850797 0.28517586
v -0.55950866 0.62889256 0.37207515
v -0.28680445 0.23864910 0.73912534
v -0.20754443 0.23693968 0.74144475
v -0.10852083 0.11326471 0.77897442
v -0.00001414 0.04525012 0.79003768
v 0.13643949 -0.04549388 0.86410490
v 0.18749783 -0.22669869 0.90154386
v 0.08765922 -0.51801227 0.90449654
v -0.01568810 -0.54600182 0.95038851
v 0.13073360 -1.01132253 0.97637226
v 0.44090771 -1.38707462 0.77507158
v 0.47825250 -1.42993440 0.72962553
v 0.56160155 -1.47637527 0.64818199
v 0.61327801 -1.66688580 0.39943623
v 0.40129578 -1.18074707 -1.05942153
v 0.08451101 -0.79506419 -1.15048047
v 0.05638702 -0.69337874 -1.14024951
v -0.41993136 0.55298218 -0.67572326
v -0.00142489 0.19824083 0.77821102
v -0.00153014 0.06602420 0.81497562
v 0.11796323 0.05179246 0.84265679
v 0.09249495 -0.78752857 0.97181929
v 0.38247706 -1.20327559 0.88064652
v 0.51891196 -1.44579759 0.69625793
v 0.60978046 -1.56565481 0.53585640
v 0.72114890 -1.70365168 0.07951397
v 0.72374635 -1.43532886 -0.72982343
v 0.14116547 -1.01401347 -1.15519547
v 0.16558954 -0.90751965 -1.15004331
v -0.16899014 -0.11936587 -1.02432970
v -0.16828363 0.26677128 0.73476527
v -0.00540697 0.19619165 0.75579167
v 0.18722577 -0.26698327 0.85707101
v 0.11020634 -0.33408144 0.88360721
v 0.24298999 -0.44303698 0.89655138
v 0.14308077 -0.50336005 0.89384949
v 0.13947981 -0.86682720 0.97343524
v 0.24821735 -0.98108465 0.95725762
v 0.49243169 -1.37347990 0.75499536
v 0.57344106 -1.50880872 0.61394283
v 0.59368070 -1.62574889 0.48326988
v 0.69211681 -1.67240858 0.28253935
v 0.77642524 -1.48183927 -0.63647995
v 0.65244482 -1.31121722 -0.86273793
v 0.36590959 -1.11375304 -1.08703744
v -0.08000411 -0.28757174 -1.07276074
v -0.30842675 0.35340409 -0.83078649
v -0.49761972 0.68299427 -0.47563658
v -0.55612802 0.73340987 -0.26588569
v -0.38947204 0.48298586 0.59696660
v -0.41656518 0.37590999 0.64270738
v -0.20437080 0.24830951 0.73660352
v -0.05743196 0.13331750 0.77687307
v 0.00926264 0.22917305 0.74741450
v 0.07205204 0.05319747 0.78770384
v 0.06155871 0.05319747 0.78770384
v 0.00107883 0.05012340 0.78780328
v 0.08009914 0.04544404 0.78895772
v 0.09443081 -0.51618431 0.90244497
v 0.24411927 -0.90790387 0.95890384
v 0.27892297 -0.96907158 0.95041516
v 0.33597747 -0.98160512 0.93437872
v 0.75653034 -1.69034136 0.00653309
v 0.79470505 -1.66571409 -0.10015586
v 0.77619584 -1.53716051 -0.57278638
v -0.55362728 0.68631082 -0.41371987
v -0.55275780 0.69358159 0.26087694
v -0.43202736 0.57988555 0.50980592
v -0.00664367 0.22927604 0.74509103
v 0.00209933 0.13475676 0.78506100
v 0.06217966 0.09562187 0.78292952
v 0.15752426 -0.49867933 0.89476242
v -0.01183918 -0.60442768 0.95431572
v 0.40847038 -1.06970416 0.90099856
v 0.45085515 -1.15316001 0.86533818
v 0.43377532 -1.22903819 0.85196151
v 0.57607629 -1.43275417 0.66942293
v 0.66204692 -1.47790402 0.57433379
v 0.78960666 -1.64180339 -0.33192595
v 0.72102225 -1.30431745 -0.81376589
v 0.51439909 -1.20175998 -0.99593327
v 0.29062536 -1.04995646 -1.12001018
v -0.00202650 -0.34870649 -1.08701629
v -0.26916747 0.34114743 -0.84642012
v -0.31641344 0.46658738 -0.77217625
v -0.34723222 0.49895144 -0.74241942
v -0.48631263 0.64010361 -0.55065248
v -0.49940480 0.59672821 0.45622108
v -0.26417040 0.32996092 0.70764943
v -0.24420357 0.26417186 0.73761552
v -0.23288187 0.27063676 0.73688871
v -0.06416354 0.09734243 0.78355262
v 0.01383951 0.22159438 0.77237731
v 0.18386667 0.01651092 0.84800566
v 0.20609244 -0.21038731 0.86567280
v 0.19310428 -0.21077024 0.84493284
v 0.11131188 -0.37542014 0.89178317
v 0.44176993 -1.31619457 0.81201789
v 0.76471037 -1.41406433 -0.70859443
v 0.26956747 -0.90022702 -1.12732468
v 0.16606697 -0.78213300 -1.13976760
v 0.11296327 -0.70976453 -1.13915294
v 0.05530494 -0.58670346 -1.12632382
v -0.25844771 0.15256942 -0.92323906
v -0.35715152 0.59681742 -0.66537661
v -0.43773486 0.61673397 -0.60788151
v -0.52711080 0.74000639 -0.29832324
v -0.58063483 0.73428817 -0.19692151
v -0.56033435 0.71666767 0.18519616
v -0.53505796 0.71740304 0.21870024
v -0.51308184 0.64071422 0.39220162
v -0.52473769 0.59850650 0.43963364
v -0.44109508 0.59625579 0.48746769
v -0.38353943 0.50318783 0.58664505
v -0.35177830 0.41727273 0.64445313
v -0.14305554 0.27588186 0.70033814
v -0.01472517 0.21394189 0.74973689
v 0.07186632 0.13706922 0.79727755
v 0.14544266 0.04466749 0.78619661
v 0.18662905 -0.12310102 0.88010630
v 0.27605353 -0.20537293 0.84080999
v 0.17640763 -0.30511806 0.86852445
v 0.14832629 -0.50247075 0.89823115
v 0.20371344 -0.78646902 0.96000745
v 0.35483538 -1.08583095 0.91801910
v 0.61874852 -1.61244435 0.47649672
v 0.74503593 -1.68845135 0.08877180
v 0.78202110 -1.66374461 -0.25293888
v 0.80297683 -1.35584264 -0.71455707
v -0.10378580 -0.10184432 -1.02753752
v -0.16626946 0.13130956 -0.94898114
v -0.53014813 0.71100198 -0.38190514
v -0.48297062 0.66905346 0.37296622
v -0.20559588 0.28721084 0.73619489
v -0.09256632 0.28986417 0.73463521
v 0.00666352 0.19492211 0.75735970
v 0.11219426 0.05714413 0.79051393
v 0.11086055 0.06165534 0.81259249
v 0.18735164 -0.16413094 0.83600835
v 0.14901089 -0.50648422 0.92140947
v 0.08159460 -0.52668173 0.94005338
v 0.51262166 -1.28848059 0.78625537
v 0.51887448 -1.34373959 0.75652633
v 0.60251318 -1.35093667 0.70212988
v 0.62755514 -1.44337152 0.62612233
v 0.67810575 -1.62344919 0.40023553
v 0.82476164 -1.39408970 -0.66367128
v 0.73859876 -1.34283862 -0.77865909
v 0.55380398 -1.23297769 -0.96223664
v 0.30944952 -0.95778625 -1.11906569
v 0.27535426 -0.97489493 -1.12758233
v -0.16793031 -0.07592033 -1.01316560
v -0.26380749 0.26172382 -0.88129566
v -0.34856648 0.56338591 -0.69762967
v -0.41979648 0.67482433 -0.54041818
v -0.54497802 0.75929760 -0.03765980
v -0.33913551 0.37389111 0.66869612
v -0.24166080 0.28932408 0.72879562
v -0.20093265 0.26494308 0.72458187
v 0.00543376 0.10080549 0.78296706
v 0.15345222 0.04760014 0.84254126
v 0.20841119 -0.14082669 0.83740766
v 0.26382323 -0.13857467 0.84238590
v 0.23280695 -0.14917195 0.83230231
v 0.17728723 -0.49054845 0.88627368
v 0.83134710 -1.58300861 -0.39814284
v 0.79085982 -1.59175090 -0.46543563
v 0.79291724 -1.49006097 -0.61017646
v 0.78853597 -1.22430281 -0.79595762
v 0.63283270 -1.21144843 -0.91694972
v 0.47446321 -1.17015106 -1.02629181
v 0.18412318 -0.84714603 -1.14414048
v 0.13390690 -0.52074236 -1.11000321
v -0.13023810 0.08072388 -0.97030545
v 0.01814256 0.28820247 0.73904834
v 0.07855855 0.05951499 0.78942406
v 0.07482930 0.07273305 0.79632487
v 0.18970201 -0.04362607 0.86117721
v 0.18703908 -0.04753915 0.80968623
v 0.25794051 -0.13441430 0.84231511
v 0.27396776 -0.21089512 0.85292617
v 0.20505017 -0.23308999 0.85557123
v 0.19751682 -0.48093421 0.88750625
v 0.08401922 -0.53370832 0.94594405
v 0.06847356 -0.54447705 0.94903633
v 0.67541602 -1.56956130 0.47471576
v 0.84383998 -1.62631462 -0.03376358
v 0.83196719 -1.60498145 -0.33440266
v 0.82270354 -1.54289686 -0.49749506
v 0.80874361 -1.25621415 -0.76512158
v 0.43794829 -1.09693820 -1.05892264
v 0.03114774 -0.23646280 -1.06411504
v -0.34215833 0.49173822 0.60896340
v -0.14737800 0.28382758 0.71910902
v -0.11355935 0.28425877 0.70002064
v 0.18698968 -0.03367690 0.80869028
v 0.18698968 -0.03636124 0.80869028
v 0.18698968 -0.04026563 0.80869028
v 0.30031291 -0.22686678 0.82751817
v 0.72546144 -1.64941920 0.28624881
v 0.81939270 -1.64294770 -0.18128589
v 0.86048062 -1.59839541 -0.24194666
v 0.79454590 -1.44658483 -0.65145549
v 0.64674631 -1.25795844 -0.89098267
v -0.02529483 -0.18905387 -1.05346475
v -0.03950861 -0.13698274 -1.04131529
v -0.08854963 -0.04757930 -1.01437525
v -0.18776825 0.20970325 -0.91704513
v -0.42483914 0.63592733 -0.59394717
v -0.53467942 0.74763500 0.10585055
v 0.03303868 0.16881744 0.76714149
v 0.15198677 0.05601998 0.78972123
v 0.28719704 -0.20162190 0.83698698
v 0.31685487 -0.21028408 0.84331135
v 0.31248235 -0.21856169 0.83693533
v 0.24088123 -0.21666836 0.84561370
v 0.20007130 -0.27808478 0.86425412
v 0.09850161 -0.63129351 0.95343121
v 0.39970678 -0.95689552 0.91499354
v 0.78523195 -1.65893530 0.09725122
v 0.88326786 -1.52579085 -0.40524890
v 0.77659878 -1.16549754 -0.82565192
v 0.63805386 -1.11350749 -0.93982869
v 0.32387771 -0.81561200 -1.10777272
v -0.15518658 0.03120812 -0.98350795
v -0.23100557 0.38110614 -0.83788367
v -0.26467041 0.46995743 -0.78477157
v -0.11370706 0.28559194 0.70206553
v -0.04698959 0.28079543 0.74034431
v 0.18403548 0.00718904 0.79427852
v 0.19318089 -0.09651434 0.82154087
v 0.21361207 -0.10227546 0.83837835
v 0.32842705 -0.14645147 0.83360207
v 0.29659381 -0.19205653 0.83968475
v 0.18602908 -0.32010758 0.87610215
v 0.15472160 -0.48362170 0.91385224
v 0.22053439 -0.46945860 0.87664551
v 0.54866882 -1.24436668 0.78451069
v 0.81199902 -1.59107585 0.25883047
v 0.68608644 -1.16310360 -0.89426235
v 0.05468025 -0.24074536 -1.06370173
v -0.46500887 0.73783863 -0.38120848
v -0.52857334 0.76366829 -0.14235664
v -0.50137846 0.77020014 0.03016433
v -0.47002415 0.73042572 0.25448962
v 0.18819559 0.05034063 0.78940339
v 0.27632269 -0.25218551 0.85002960
v 0.32714166 -0.36497120 0.86872301
v 0.23419723 -0.46135995 0.87441419
v 0.12477315 -0.53924002 0.94327436
v 0.23208137 -0.79272918 0.95517568
v 0.47759606 -1.04656538 0.87423633
v 0.64913189 -1.40438700 0.63750179
v 0.78702776 -1.63842526 0.18687641
v 0.88958622 -1.55904817 -0.28673122
v 0.86330013 -1.44338543 -0.56997344
v 0.06379508 -0.34579197 -1.08463620
v -0.35091664 0.62550041 -0.63878823
v -0.35903515 0.59224316 0.52693722
v 0.06497685 0.13869630 0.77378349
v 0.11988399 0.07054396 0.78677983
v 0.24808934 0.09963090 0.78542415
v 0.19234281 0.04615668 0.79591364
v 0.25209248 -0.44315225 0.89271364
v 0.14727252 -0.51672912 0.93671796
v 0.53398403 -1.23369261 0.79803496
v 0.63678440 -1.30387047 0.70254054
v 0.73283493 -1.61206526 0.35038148
v 0.75037152 -1.65804731 0.21642242
v 0.82091699 -1.15653369 -0.78870052
v 0.61189992 -1.15108638 -0.94881232
v 0.38624134 -0.94200906 -1.09189563
v 0.09702276 -0.19754773 -1.05186481
v -0.24935253 0.43070809 -0.81023972
v -0.49688278 0.76734602 -0.21805529
v -0.49152180 0.75012958 0.16590122
v -0.45574735 0.71257855 0.31224362
v -0.39248022 0.64100646 0.46244875
v -0.11537051 0.29322568 0.71767577
v 0.11480183 0.11767331 0.78074040
v 0.24922902 0.16779391 0.76575389
v 0.20604003 -0.00551394 0.80004540
v 0.21249290 -0.06176843 0.82905005
v 0.21990307 -0.13505259 0.83016055
v 0.31698227 -0.13498352 0.82622357
v 0.25126861 -0.45091989 0.86896540
v 0.23016528 -0.59473011 0.93210079
v 0.24245737 -0.70857107 0.94404471
v 0.52569948 -1.11887211 0.83612337
v 0.54090010 -1.18214375 0.81040922
v 0.71055854 -1.42102723 0.57900948
v 0.82153040 -1.64040250 0.03682926
v 0.87084126 -1.56691622 -0.33483909
v 0.85955575 -1.31224168 -0.68847960
v 0.30261716 -0.74695693 -1.10753796
v -0.38206075 0.68092301 -0.55348778
v -0.25356847 0.43011090 0.66512604
v -0.18211735 0.30049397 0.73548952
v -0.08585246 0.29171702 0.70223004
v 0.22480115 0.07970552 0.79468999
v 0.19319219 -0.02988311 0.80345568
v 0.33093726 -0.04764549 0.81833144
v 0.30679311 -0.10805181 0.81566365
v 0.27053464 -0.43704161 0.86275404
v 0.32360656 -0.86150843 0.93973006
v 0.61848321 -1.24538020 0.74195814
v 0.85766471 -1.49544138 -0.51103494
v 0.42586771 -0.98093687 -1.07524559
v -0.44041706 0.78599070 -0.00586845
v -0.38587977 0.68207542 0.40656115
v -0.25475491 0.51153665 0.61921834
v -0.02101988 0.32467061 0.73352759
v -0.10060960 0.30239222 0.72324815
v -0.04818013 0.29901638 0.70642084
v 0.24993775 0.14675211 0.77001742
v 0.21176063 0.05872592 0.78454610
v 0.27736051 -0.02011112 0.79740180
v 0.34660115 -0.15745027 0.82328138
v 0.35156854 -0.16954702 0.82869927
v 0.31670997 -0.38646625 0.87075544
v 0.49128190 -0.93556039 0.87767940
v 0.50239642 -0.96504534 0.86973327
v 0.87645973 -1.59608038 -0.05782364
v 0.90633877 -1.54329930 -0.27281297
v 0.88055547 -1.38217600 -0.61079959
v 0.86107873 -1.24293907 -0.72697727
v 0.19569572 -0.50688676 -1.09796700
v 0.00196661 0.04165606 -0.99066343
v -0.16055142 0.29895562 -0.88713322
v -0.11263568 0.45321795 -0.82214295
v -0.41795272 0.74424971 -0.40274098
v -0.49278938 0.75595497 -0.28176084
v -0.39262692 0.70184069 0.37040148
v -0.26772548 0.56786477 0.57617268
v -0.04891248 0.29630189 0.70010312
v -0.03849322 0.29917882 0.70326977
v -0.03776107 0.29869072 0.70229356
v -0.03434468 0.29893477 0.70204951
v -0.02580183 0.29854748 0.70259391
v 0.08525815 0.15939114 0.76762202
v 0.25487004 0.11488179 0.78482961
v 0.27315364 0.00289009 0.78860756
v 0.28703852 0.00163466 0.79479684
v 0.28436708 -0.05819728 0.80665288
v 0.34415322 -0.02764200 0.81042369
v 0.18897362 -0.50329488 0.93105568
v 0.73188994 -1.56486592 0.42294635
v 0.80430088 -1.11670529 -0.80849005
v 0.80044308 -1.10520250 -0.81624789
v 0.28688184 -0.68368046 -1.10516122
v -0.41083155 0.69033599 -0.52681468
v -0.44921149 0.71921665 -0.44131641
v -0.30507963 0.60625673 0.53181450
v -0.36093712 0.57151749 0.54596177
v -0.21030936 0.47694873 0.64913416
v 0.24598717 0.10665000 0.76964897
v 0.30391271 -0.09664420 0.80984282
v 0.30049708 -0.41170540 0.85292837
v 0.25965667 -0.44435604 0.87115216
v 0.37483105 -0.86763501 0.92532284
v 0.43329212 -0.92848315 0.90303128
v 0.54813987 -1.01526364 0.84173324
v 0.67119922 -1.32629710 0.66766679
v 0.72024491 -1.29706983 0.64640817
v 0.80724897 -1.57298467 0.30288836
v 0.82792471 -1.58732527 0.23030701
v 0.88987943 -1.57893692 -0.16364452
v 0.84521187 -1.20728836 -0.75160729
v 0.80969831 -1.12989332 -0.80408950
v 0.43036170 -0.85120425 -1.07239242
v 0.34684366 -0.88831067 -1.10610226
v -0.10340685 0.21788241 -0.92497190
v -0.46387163 0.77750875 -0.19866329
v -0.13292603 0.31783014 0.73481015
v 0.16453893 0.25525353 0.73987417
v 0.32648148 -0.07810124 0.80409757
v 0.32469320 -0.38762460 0.84272222
v 0.20274320 -0.48188959 0.90018375
v 0.73059210 -1.48065690 0.51350059
v 0.85979118 -1.60027048 0.07967902
v 0.92812805 -1.51540695 -0.28507718
v 0.89236693 -1.27210475 -0.67677115
v 0.78000558 -1.03492426 -0.84336211
v 0.79481826 -1.08390766 -0.82729642
v 0.69497596 -1.08220616 -0.90585839
v 0.50971004 -1.06216867 -1.02696892
v 0.02207369 0.09424297 -0.97358391
v -0.24619023 0.57893050 -0.71604005
v -0.40769820 0.74249538 0.26654737
v 0.04064187 0.29923475 0.70441769
v 0.17134684 0.26325715 0.73608702
v 0.21706663 0.23566591 0.74109679
v 0.24468208 0.08178105 0.77824720
v 0.23853661 -0.47853551 0.91866786
v 0.89525606 -1.57688666 -0.07455013
v 0.91894019 -1.46896269 -0.43697563
v 0.91015525 -1.29096120 -0.64311255
v 0.87066525 -1.24384107 -0.71039920
v 0.85205535 -1.21640689 -0.74095556
v 0.83882235 -1.19373260 -0.76023746
v 0.81457684 -1.14213796 -0.79547471
v 0.54696931 -1.02602110 -1.01017939
v 0.43757986 -1.02525625 -1.06857230
v 0.38232388 -0.73148924 -1.08146393
v 0.26567512 -0.58432146 -1.09652562
v 0.15121236 -0.31372235 -1.07058870
v 0.06815968 -0.12914090 -1.03717723
v -0.25711094 0.63666399 -0.65777428
v -0.34464622 0.76063946 -0.40506262
v 0.28605448 -0.02167639 0.80077593
v 0.32285113 -0.04680776 0.79921778
v 0.34525693 -0.03336980 0.79722215
v 0.36927868 -0.10070320 0.82181859
v 0.36903541 -0.11033474 0.80689674
v 0.19477362 -0.50571157 0.93028228
v 0.32124724 -0.72311318 0.92856567
v 0.93766722 -1.40819509 -0.49498645
v 0.95341883 -1.33066888 -0.56335596
v 0.86041833 -1.22965070 -0.72597981
v 0.19903872 -0.40722271 -1.08087593
v -0.00647954 0.01689848 -0.99927444
v -0.06199541 0.11951731 -0.96359511
v -0.14256065 0.37730830 -0.85547375
v -0.23485635 0.50982579 -0.76988553
v 0.87246751 1.10081454 -0.05566082
v -0.87492499 1.18078424 0.26460574
v 0.90271578 1.42790379 -0.29386024
v 0.89565019 1.60156221 0.23985845
v 0.89589424 1.60058600 0.24156670
v 0.89589424 1.60327035 0.23888235
v -0.03272568 2.15582211 -0.10543067
v 0.08323101 2.15436445 -0.09679122
v -0.01700297 2.15930850 -0.03878684
v -0.16948121 2.14848072 -0.08463096
v -0.00717061 2.15412504 -0.13052966
v -0.20021374 2.14719037 -0.03938276
v -0.09659990 2.14553431 -0.18006308
v 0.04085787 2.14942355 -0.16523282
v -0.00646909 2.15754572 0.06639328
v -0.22036906 2.13955385 -0.13399948
v -0.21152285 2.14407559 0.06545810
v -0.31714810 2.11814189 -0.16714990
v -0.22477419 2.12640041 -0.20955463
v 0.14371047 2.15265212 -0.01714600
v -0.35211808 2.11494824 -0.13815536
v -0.09166262 2.15008666 0.13132654
v -0.28840837 2.13450560 -0.00342002
v -0.39744689 2.10147805 -0.14782545
v -0.07527800 2.15610798 0.09662171
v -0.34512940 2.12303799 0.00198853
v 0.18292974 2.14451443 -0.11729441
v 0.23781742 2.13373302 -0.15727439
v 0.20476423 2.14565196 0.04332513
v 0.09103720 2.15481040 0.07059847
v 0.12927600 2.15019454 0.09633681
v -0.27796204 2.12106664 -0.19909826
v -0.20630567 2.11951975 -0.25623659
v -0.17448950 2.14661043 0.10394449
v -0.28648943 2.13442047 0.04740694
v -0.35988200 2.11993384 -0.04443233
v 0.05941548 2.13930593 -0.22435443
v 0.17374164 2.12667020 -0.24289302
v 0.00405220 2.15249595 0.14484151
v -0.23170918 2.13910102 0.10697789
v -0.33821405 2.11706021 0.13404814
v -0.14174791 2.10708021 -0.32369025
v -0.10608391 2.12425434 -0.27756454
v -0.00566216 2.13868665 -0.23401971
v 0.24505019 2.14107872 -0.06456410
v -0.51140156 2.06956252 -0.11222180
v -0.31391691 2.10116509 -0.25766773
v -0.15466976 2.11526023 -0.29646003
v 0.12268737 2.13907106 -0.20751687
v 0.19797453 2.14273888 0.11366560
v 0.08512754 2.15081538 0.13283385
v 0.07796546 2.13944417 0.21600194
v -0.04972406 2.13048932 0.26188412
v -0.07142008 2.11966839 -0.30465074
v -0.10838077 2.14190731 0.18835103
v -0.21092398 2.12787463 0.20845421
v -0.00317667 2.11281421 -0.32812890
v 0.31062200 2.12873290 -0.07983762
v -0.49454473 2.07944668 0.00295028
v -0.37506527 2.08986112 -0.24184071
v 0.36952211 2.11668078 0.06235555
v 0.11197474 2.14328964 0.17659265
v -0.39844104 2.08105951 -0.25258985
v -0.13116373 2.09139668 -0.37148014
v 0.36371532 2.11916941 -0.00917749
v 0.29615799 2.13216943 0.05452481
v -0.14529221 2.12531637 0.25276562
v -0.38419318 2.11192114 0.06401939
v -0.44531399 2.08172067 -0.19014862
v 0.28562653 2.12057455 -0.19340112
v 0.26128308 2.13228426 0.13174915
v -0.18390415 2.12661198 0.22902546
v -0.25748937 2.08861474 -0.33518557
v 0.04060440 2.11453468 -0.32243322
v 0.10140710 2.11766003 -0.30366804
v 0.18554745 2.11053600 -0.29804512
v -0.57512611 2.04714655 -0.01483258
v -0.31488207 2.07119184 -0.35034920
v 0.47811637 2.08630492 -0.02718349
v 0.04166799 2.12592662 0.27322006
v -0.39913228 2.10017369 0.14109893
v 0.44659122 2.09340030 -0.09310914
v 0.23631175 2.11703582 0.23871960
v -0.01691828 2.12151209 0.29091160
v -0.50747612 2.07101681 0.09451209
v -0.45468772 2.06427371 -0.25072691
v -0.36848476 2.07798532 -0.29556372
v -0.25625594 2.06394538 -0.39828648
v 0.32726269 2.11768002 0.15364204
v -0.09113556 2.08908534 0.37022303
v -0.37578049 2.09249385 0.22689739
v -0.58331374 2.03982366 -0.08287562
v -0.35420356 2.06165665 -0.35058787
v 0.19074789 2.13215807 -0.22179366
v 0.35272304 2.09197712 -0.26004264
v 0.37854979 2.10622171 -0.15997868
v -0.35743922 2.08791237 0.25572036
v -0.57918974 2.04362247 0.02957248
v 0.09654980 2.12491981 0.26944399
v -0.44273724 2.09622567 0.07134964
v -0.54439501 2.04139407 -0.20280628
v -0.50482483 2.04829333 -0.24402689
v -0.40019171 2.05968903 -0.32305819
v -0.04750171 2.08623582 -0.39668090
v 0.52639187 2.06739773 -0.03413252
v -0.18025034 2.10652310 0.30185643
v -0.30198373 2.11668822 0.19115865
v 0.49286730 2.07721352 0.08189930
v -0.20168381 2.10586842 0.30482162
v 0.12777387 2.09127240 -0.37189059
v 0.21106293 2.13022715 0.19727854
v 0.19128545 2.10607891 0.29715738
v -0.06374592 2.07142273 -0.42555158
v -0.39009434 2.03281853 -0.39429160
v -0.28485811 2.01717932 -0.47403120
v 0.45847332 2.08699109 -0.12883639
v -0.27077748 2.09060382 0.30957632
v -0.55865124 2.04959967 0.09182789
v -0.43872060 2.05719774 -0.29696371
v 0.44383387 2.09180169 0.10764117
v 0.03628748 2.08785809 0.37730132
v -0.46226181 2.02598576 -0.35641560
v -0.31267759 2.02548205 -0.44789057
v -0.12025729 2.05245200 -0.45491658
v 0.18743020 2.08866669 -0.36185853
v -0.55749195 2.01556366 -0.27796827
v -0.28793411 2.04812927 -0.41611522
v 0.05097167 2.08095799 -0.40733453
v 0.55232198 2.05571710 0.05304972
v -0.14763798 2.06712013 0.40380002
v -0.33559520 2.06935735 0.33315625
v -0.58033200 2.03397772 0.13799480
v 0.08234233 2.05693114 -0.45123659
v 0.31056381 2.08364642 -0.32060796
v 0.51762362 2.06897806 -0.07880991
v 0.41140828 2.08814811 0.20373277
v 0.21382858 2.08517870 0.34802840
v -0.52033227 2.05162559 0.19679999
v -0.53880535 2.05063692 0.15275505
v -0.65774486 2.00191447 -0.00125979
v -0.67415085 1.98861294 -0.08614117
v -0.34990536 2.01078057 -0.45606527
v 0.23443730 2.06832931 -0.39423215
v 0.36478242 2.09447183 0.22619531
v -0.18755998 2.02829308 -0.48287514
v 0.44378464 2.07182448 -0.24374635
v -0.57504773 2.03361755 -0.18135903
v -0.27740920 2.05474899 0.39281677
v -0.44520799 2.06754595 0.24130589
v -0.62290735 2.01832935 0.09188954
v -0.69031099 1.98041854 -0.00081972
v -0.43654804 1.98987816 -0.44591550
v 0.44299027 2.07421467 -0.22862589
v 0.49172099 2.05865393 -0.22381133
v 0.12816514 2.06526503 0.41264536
v 0.00829878 2.07378468 0.40842750
v -0.18524805 2.05705803 0.41593225
v -0.62277826 1.98347494 -0.26915964
v -0.02479465 2.05149041 -0.46583443
v 0.54959789 2.05035835 0.12281292
v 0.43327723 2.07176048 0.23714994
v -0.17316766 2.01830349 0.48412310
v -0.69261789 1.96330070 -0.16428944
v -0.64399619 1.98945760 -0.19986179
v -0.49127427 1.98335433 -0.41923643
v 0.25672310 2.04873629 -0.42613448
v 0.39967902 2.05986535 -0.32407238
v 0.50007553 2.04784083 -0.25150862
v 0.57905092 2.03704793 -0.13513035
v 0.30494209 2.09214666 0.28736516
v 0.27625713 2.07763649 0.33956771
v 0.13471814 2.09052398 0.35924645
v 0.06479499 2.05091358 0.44583778
v -0.00239863 2.02208496 0.49613669
v -0.20574848 1.99929297 -0.52384917
v 0.12769112 2.05593304 -0.44776212
v 0.35611898 2.04134754 -0.39826473
v 0.55631209 2.03652998 -0.19960169
v -0.05936687 2.06323743 0.42692411
v -0.41931478 2.04524962 0.33353089
v -0.09474845 2.01337294 -0.52249613
v 0.63366192 2.01581988 -0.00975009
v 0.64625979 2.00866409 0.02033019
v 0.03638427 2.03541345 0.47296190
v 0.44312124 2.03755479 -0.34506812
v 0.63665084 2.00543254 -0.13941238
v 0.56701562 2.02234045 0.22837941
v 0.14209678 2.03089988 0.47005912
v -0.58689390 2.00616536 0.24604229
v -0.66980213 1.98733443 0.11409792
v -0.72794875 1.95092567 0.00460208
v -0.54417487 2.00007621 -0.33961400
v -0.04089892 1.99343281 -0.55338534
v 0.28301820 2.02636916 -0.45576611
v 0.50807397 2.03478120 0.27309096
v 0.25488452 2.05073344 0.40691174
v -0.35191216 2.04004743 0.38478161
v -0.72245228 1.95386252 -0.07803676
v 0.10556262 2.00980212 -0.52492147
v -0.46197853 1.94773777 -0.49505441
v -0.40038113 1.95919147 -0.51214571
v -0.34711391 2.01960789 0.42574476
v -0.52680280 2.01651099 0.30178067
v -0.70549168 1.93751950 -0.23317154
v 0.61203259 2.02749083 -0.06447765
v 0.60279589 2.01814936 0.16439354
v -0.48391718 2.03363154 0.30519212
v -0.57063323 1.99389693 0.31036350
v -0.69997035 1.91804878 -0.29486008
v 0.49800209 2.01570047 -0.34964818
v 0.36959542 2.06143243 0.32755124
v 0.11727864 2.01876300 0.49064511
v -0.08150602 2.01983515 0.49530413
v -0.51953315 1.99557647 0.35679884
v -0.62341477 1.99112295 0.23349958
v -0.68487530 1.95787965 0.20376069
v -0.73637295 1.92523767 -0.17558968
v -0.69799935 1.92728493 -0.27811308
v -0.64709574 1.95425683 -0.31030370
v -0.50701541 1.91478285 -0.51059008
v -0.30681671 1.97069414 -0.53336754
v -0.11596470 1.96953447 -0.57821329
v 0.57342028 2.03277281 -0.18622183
v 0.64420465 2.00582090 0.09218591
v 0.15222548 2.00693505 0.50224642
v -0.74959053 1.92349780 0.10925862
v 0.01179045 2.01222799 -0.52921985
v 0.18543561 2.01118772 -0.50962825
v 0.25384157 1.99911090 -0.51027589
v 0.33327164 2.02433673 0.42262987
v 0.01812834 1.96610311 0.56531956
v -0.37578679 2.00954178 0.42974352
v -0.62309257 1.93841520 -0.37552599
v 0.06211817 2.01208619 -0.52663116
v 0.12506528 1.98742390 -0.55349056
v 0.24354446 2.02407805 0.45769924
v -0.80690023 1.85510024 -0.12864523
v -0.55239057 1.96069376 -0.41318399
v -0.55635974 1.93677048 -0.44745342
v -0.02935395 1.96495452 0.56758215
v -0.09305075 1.96679848 0.56168290
v -0.79394514 1.88306155 0.04620647
v -0.80533055 1.86857472 -0.04439735
v -0.77321392 1.89854795 -0.11990900
v -0.75012474 1.87099063 -0.29636204
v -0.65541467 1.91895038 -0.37062724
v -0.34013833 1.93176703 -0.56834393
v 0.68231851 1.97663887 -0.13048580
v 0.69432688 1.97825823 0.00279624
v 0.67626507 1.97002573 0.18508868
v 0.52336382 2.00339932 0.33588325
v -0.70646373 1.92103318 0.26655218
v -0.71780342 1.93547996 0.18795956
v -0.72904950 1.94188784 0.12090061
v -0.84507493 1.80618988 -0.06801624
v -0.53071842 1.92574735 -0.48202013
v -0.21542300 1.95599628 -0.57845573
v 0.74384274 1.93668731 -0.00259084
v 0.54342620 2.01223038 0.29548828
v 0.47416498 2.01408165 0.35811353
v 0.02882927 1.95349301 0.57954315
v -0.52813088 1.97958948 0.38054476
v -0.37704347 1.92277845 -0.56786909
v 0.42557117 1.98465896 -0.46200094
v 0.58650646 1.97782197 0.32550293
v -0.20438179 2.00520342 0.49943789
v 0.56166535 2.00865797 -0.29512222
v 0.63039358 1.98302566 -0.25867317
v 0.73490887 1.94204551 0.05654494
v 0.34476965 2.00680137 0.44655607
v 0.02648241 1.87981579 0.65155694
v -0.56393857 1.96984352 0.36800046
v -0.84099514 1.80145349 -0.12953861
v -0.51666202 1.89020259 -0.53322950
v -0.28475834 1.92975159 -0.58958952
v 0.08033918 1.95243830 -0.60144101
v 0.10779031 1.95570748 0.57317920
v -0.54270382 1.95235113 0.41675101
v -0.76846145 1.90312382 0.11590465
v -0.70376756 1.88317189 -0.36164901
v -0.60452135 1.89030046 -0.47059124
v -0.31644937 1.88782845 -0.62066777
v 0.16834371 1.96792242 -0.57219860
v 0.35849182 1.98781597 -0.49231657
v 0.71422330 1.96262550 -0.03136869
v 0.39287339 2.02269694 0.39660390
v -0.07860634 1.89639819 0.63357720
v -0.47692838 1.85956657 -0.58419038
v -0.12339026 1.91754199 -0.63261187
v 0.10749336 1.94511528 -0.60546404
v 0.52215599 1.96028989 -0.43632917
v 0.71829776 1.95152342 0.11051751
v 0.33702078 1.98771592 0.47858644
v 0.11853644 1.98980941 0.53195919
v -0.03578588 1.93970829 0.59595856
v -0.24509955 1.93180663 0.57614885
v -0.83848999 1.77977723 -0.20496582
v -0.78386948 1.83888952 -0.26902823
v 0.60417343 1.97624975 -0.32302581
v 0.72930630 1.93594881 0.15002921
v 0.65094440 1.91669404 0.36954372
v -0.45843659 1.99448481 0.40989825
v -0.83765620 1.81608651 0.09857550
v -0.75161739 1.86431180 -0.29866185
v -0.76374716 1.81679028 -0.35356454
v -0.56177374 1.84271808 -0.55218394
v -0.03900382 1.94526357 -0.61146267
v 0.34024640 1.93625770 -0.56327646
v 0.48328665 1.93303350 -0.50132651
v 0.76000701 1.91537271 -0.10407905
v 0.76015939 1.92050201 -0.02371455
v 0.67651568 1.96045809 0.22440818
v -0.58389390 1.94430489 0.39285195
v -0.68419226 1.91625135 0.31860281
v -0.66552133 1.87127268 -0.43131828
v 0.08508761 1.90787517 -0.64432155
v 0.28553816 1.95973368 -0.55384700
v 0.56466968 1.97123500 -0.38087781
v 0.65670009 1.94861653 0.29355035
v 0.15299096 1.92234767 0.60193862
v 0.11530267 1.89927953 0.62852603
v 0.04107890 1.86948065 0.65783576
v -0.04267942 1.84553575 0.67763825
v 0.37456200 1.94724087 -0.53793936
v -0.07363343 1.78043558 0.67349814
v -0.07900201 1.78043558 0.67301004
v -0.08290650 1.78043558 0.67301004
v -0.08510275 1.78043558 0.67325409
v -0.06373939 1.78191320 0.67637276
v -0.09820585 1.77899927 0.67503638
v -0.04139542 1.78263866 0.67767002
v -0.11855533 1.77523928 0.67979536
v 0.03056679 1.77868353 0.68442083
v -0.01995880 1.78311544 0.67587388
v 0.02858188 1.78565192 0.68343113
v -0.11568963 1.77781819 0.67592879
v 0.04474501 1.78319172 0.67494929
v -0.08492777 1.78897789 0.69034080
v -0.87172854 1.76164567 -0.01999840
v -1.07965599 1.99090969 -0.01709342
v -1.09934346 1.96359595 -0.01351025
v -1.05282541 2.00472995 0.02724305
v -1.10946321 1.95154938 -0.00357084
v -1.09447457 1.92941000 -0.02279167
v -1.02156791 1.98920056 0.02069964
v -1.06983569 1.98719332 0.07149646
v -1.02394709 1.96694505 -0.01312817
v -1.07530160 1.99600746 0.05604989
v -1.11317583 1.95599214 0.04929407
v -1.14124381 1.63257523 0.03043928
v -1.04922797 1.97921817 -0.02395622
v -1.06052861 2.00854765 0.03979780
v -1.11804849 1.94677363 0.01629942
v -1.11173051 1.98598664 0.03219751
v -1.12339779 1.63155178 -0.02810778
v -1.10652081 1.78442798 -0.02940849
v -1.11924033 1.92179430 0.04136718
v -1.13491038 1.62876771 -0.00648131
v -1.00618369 1.97148352 0.02850016
v -1.14047868 1.62967576 0.02287672
v -1.12799606 1.62815967 -0.02059603
v -1.04375448 1.95829302 -0.02733139
v -1.09163137 1.97164158 0.07217109
v -1.08529695 1.86408149 -0.03610823
v -1.06502676 1.86780619 -0.04115663
v -0.98020917 1.66397847 -0.04052027
v -1.11762117 1.80912165 0.06730800
v -1.02571312 1.88541064 -0.03089201
v -1.13824808 1.63030196 0.05205936
v -1.11456873 1.62894945 -0.03887575
v -1.07679043 1.63298579 -0.06385512
v -1.04183726 1.64106233 -0.06874625
v -1.00657771 1.65727053 -0.05985728
v -1.00607410 1.91696007 0.05825377
v -1.11460585 1.62836638 -0.03926089
v -1.09971570 1.63000087 -0.05147936
v -1.03793646 1.79761270 -0.04825720
v -1.00197424 1.73022912 -0.04339845
v -0.99378594 1.87663311 0.00529741
v -1.02772542 1.97024316 0.06835851
v -1.18612944 1.59418962 -0.08495351
v -0.95955940 1.67526804 -0.00614503
v -0.98470223 1.83571024 0.04894676
v -1.04689058 1.96469731 0.08033999
v -1.05933655 1.95221534 0.08407379
v -1.20319895 1.61277199 0.03794572
v -1.09674216 1.81511812 0.08908366
v -0.96180676 1.67290356 -0.01491836
v -0.95832710 1.67422116 -0.01892585
v -1.06600843 1.88083612 0.09279872
v -0.97122244 1.66895766 -0.02933643
v -1.04148637 1.75653885 0.10873476
v -1.12573458 1.63148757 0.08125023
v -1.20094886 1.59949578 -0.05474471
v -1.05780183 1.63693741 -0.06804448
v -0.95350202 1.68959313 0.04061450
v -1.00878392 1.82389253 0.08470647
v -1.00603621 1.65268795 -0.05998196
v -0.96408391 1.66552302 -0.04887636
v -1.08047411 1.82469543 0.09649793
v -1.19909142 1.61120046 0.07430295
v -1.21209243 1.59394795 -0.02566564
v -1.00040392 1.65876670 0.11146613
v -1.21695290 1.56190355 0.10089918
v -0.95314755 1.67828982 0.01788427
v -1.00826461 1.65586469 0.11563008
v -1.07364420 1.67297417 0.11871267
v -1.20240412 1.57637223 -0.10907379
v -1.06830950 1.62735882 -0.08639344
v -0.91173323 1.68757520 -0.01614867
v -0.95868979 1.67683868 0.06018509
v -0.96778160 1.67326720 0.07823648
v -1.09738855 1.63457539 0.10817454
v -1.21833658 1.56342807 0.03338695
v -1.20930144 1.54300160 -0.14210057
v -0.94540447 1.66194533 -0.08145395
v -0.95412080 1.67868410 0.04162040
v -0.98496686 1.66350034 0.10059947
v -1.21617769 1.55714882 -0.00221841
v -1.21835039 1.55618830 -0.00842767
v -1.06883944 1.63934723 0.12094715
v -1.21737069 1.55981101 0.02082028
v -1.21891422 1.55926752 0.00547932
v -1.21593364 1.55690476 -0.00051016
v -1.21764189 1.55641688 -0.00319450
v -1.21642174 1.54397136 -0.04370340
v -1.21642174 1.54397136 -0.04663169
v -1.21812988 1.54445946 -0.04760778
v -0.97564851 1.66829440 0.09065000
v -1.21568959 1.55958911 0.05195605
v -1.21617769 1.55983316 0.04951576
v -1.21642174 1.55983316 0.04756356
v -1.21950182 1.55223406 -0.02328781
v -0.90362453 1.68252594 -0.02095085
v -0.44070272 1.86032369 -0.59986142
v 0.24273203 1.91468440 -0.61370373
v 0.44267566 1.91063712 -0.55069677
v 0.68425756 1.94955630 -0.25103183
v 0.79550492 1.88201244 -0.01861300
v 0.78519750 1.89461452 0.03421219
v 0.39449769 1.97691049 0.47097299
v 0.06411779 1.78168726 0.67668421
v 0.02766490 1.75530826 0.70275342
v -0.63880527 1.93625257 0.35019150
v -0.81249818 1.84347224 0.14162885
v -0.91443171 1.68894531 0.06027694
v -1.21393507 1.55965547 0.05599947
v -1.21764189 1.55885696 0.04658747
v -1.19725866 1.53639776 -0.16445276
v -1.18634500 1.54545107 -0.16305847
v -0.97788365 1.64158206 -0.11136450
v -0.77760728 1.86717829 -0.23065052
v 0.49142827 1.96175431 -0.45686800
v 0.72323560 1.93462472 -0.18521270
v 0.27379775 1.96703327 0.52951504
v 0.11170425 1.86069100 0.66054832
v -0.16653528 1.76969913 0.67417093
v -0.12193750 1.80887766 0.69901215
v -0.25334678 1.90135977 0.60394967
v -0.65035943 1.91302449 0.37353891
v -0.84031190 1.81855352 0.03610821
v -0.89808385 1.69824146 0.04237439
v -0.91010244 1.67410831 0.13751321
v -1.08402930 1.61538258 0.17578096
v -1.19499978 1.59709379 0.14459417
v -1.21951694 1.53753745 -0.06111204
v 0.70565388 1.92008243 0.26798229
v 0.46346283 1.97214704 0.44059165
v 0.39283255 1.95881614 0.49639824
v 0.01983347 1.81939009 0.69984670
v -0.07757390 1.81617734 0.69933555
v -0.21206084 1.78597215 0.69641170
v -0.31596759 1.96718646 0.51778539
v -0.40012425 1.95052201 0.50495438
v -1.03444459 1.64715281 0.12338688
v -1.10671409 1.62666195 0.13075253
v -1.17858641 1.56994595 0.21283024
v -1.19579588 1.57618817 0.18783380
v -1.21161797 1.54242009 0.13498402
v -1.21954915 1.54714037 -0.03800349
v -1.21960632 1.52425391 -0.08494328
v -1.16279204 1.57227659 -0.13969506
v -1.05423192 1.59957185 -0.14699492
v -0.91276228 1.65957635 -0.11281636
v -0.90055824 1.68229222 -0.06725059
v -0.37869020 1.89300040 -0.59589698
v -0.33332722 1.84126403 -0.65232929
v -0.25551457 1.88160255 -0.64206631
v 0.54933809 1.93916239 -0.44785390
v 0.65744160 1.89789438 -0.40214585
v 0.63549044 1.93117168 -0.37344681
v 0.69295652 1.91246174 -0.32080743
v 0.10115440 1.77971165 0.67631254
v -0.08726688 1.77545175 0.68426005
v -0.16151740 1.91260370 0.61193934
v -0.35018671 1.94665650 0.52981956
v -0.44267727 1.91099307 0.53011240
v -0.74503149 1.84855960 0.33244386
v -0.78964627 1.86452235 0.18278041
v -0.90451019 1.68935012 0.00840243
v -1.22180280 1.55368650 0.00641898
v -1.21814253 1.49653692 -0.11769995
v -0.90562522 1.66896944 -0.08187020
v -0.86257840 1.75941500 -0.13373434
v -0.70726483 1.81244484 -0.44795041
v -0.52874671 1.81287095 -0.59330395
v 0.30682956 1.90827154 -0.60395804
v 0.75842326 1.90545092 -0.16198552
v 0.32116057 1.96950977 0.51093091
v -0.64497937 1.86881780 0.44230493
v -0.74562074 1.88530027 0.26402448
v -0.76865514 1.84046719 0.29598159
v -1.20471501 1.51674753 0.19194498
v -1.20174556 1.48550260 0.21199585
v -1.20619616 1.51681560 0.17970560
v -1.22157244 1.51656702 -0.08640909
v 0.41529169 1.88246030 -0.59098177
v 0.66865261 1.91826698 -0.35238375
v 0.81438856 1.85559659 -0.02930569
v 0.79147051 1.87667724 0.11946686
v 0.58028006 1.95641972 0.37720535
v 0.56831428 1.93435755 0.42674766
v 0.45397268 1.92925001 0.50484110
v -0.16775831 1.80770140 0.69653851
v -0.18257492 1.89171507 0.62696989
v -0.49925852 1.92102150 0.49125091
v -0.57207823 1.90483887 0.46208326
v -0.88875484 1.72497716 -0.00671837
v -1.21571704 1.48832946 -0.14385601
v -1.21170082 1.50176959 -0.15832274
v -0.01353287 1.86641218 -0.68276962
v 0.55900532 1.87832303 -0.51879988
v 0.76581175 1.89651663 0.16185451
v 0.19991668 1.88933976 0.62482355
v 0.12878779 1.81144380 0.69811550
v -0.06260829 1.79977973 0.69629021
v 0.10138731 1.78502687 0.68845690
v -0.20523234 1.82324459 0.67681561
v -0.82528312 1.80539976 0.20080127
v -1.21135339 1.53726097 0.15033237
v -1.21407985 1.55514063 0.09798332
v -1.22206728 1.52882439 -0.04226529
v -1.21726364 1.46290982 -0.14691143
v -1.21626273 1.47907822 -0.13487531
v -1.21726018 1.44663736 -0.15235233
v -0.60360280 1.80003838 -0.55601723
v 0.77032262 1.87299430 0.23005253
v 0.63423685 1.89073808 0.42321593
v 0.17585060 1.76236633 0.68248877
v -0.30972018 1.87855157 0.61049168
v -0.71521148 1.86750474 0.35825967
v -0.85934610 1.76766625 0.13163492
v -0.90138013 1.68306788 0.06318142
v -0.90258752 1.68233436 0.07673454
v -0.90571233 1.68627959 0.05979030
v -0.90498482 1.65448444 -0.11353590
v -0.83191156 1.76389790 -0.26001072
v -0.71537106 1.81242937 -0.44453222
v -0.08473660 1.87353824 -0.67397990
v 0.11244209 1.87249429 -0.67096140
v 0.50884870 1.86091729 -0.56442694
v 0.71317046 1.87404126 -0.35980426
v 0.71602579 1.91100939 -0.28326527
v 0.81906533 1.84027185 -0.12215380
v 0.44055227 1.90626786 0.53728314
v 0.26360628 1.96228357 0.54121577
v 0.15442691 1.82421998 0.68604966
v 0.15607695 1.77167831 0.67542190
v -0.24712237 1.75268149 0.67055220
v -0.53747231 1.90366529 0.48743027
v -0.80054709 1.81079903 0.27420470
v -0.90089213 1.68428792 0.06244927
v -0.90089213 1.68233573 0.07318654
v -0.92486683 1.66211492 0.16219418
v -1.19283595 1.55365487 0.21660455
v -1.22045139 1.51204886 -0.10057154
v -1.20317344 1.47323727 -0.20426554
v -1.18126434 1.47189166 -0.21942280
v -1.19375208 1.50074133 -0.19692755
v -0.66165234 1.83454588 -0.47922897
v -0.42206527 1.80300152 -0.64897329
v 0.53443909 1.92975147 0.45690084
v 0.26740280 1.89498212 0.60697626
v -0.04531670 1.71785546 0.72009603
v -0.22713801 1.75818884 0.67339628
v -0.77388610 1.82478260 0.31144018
v -0.89951771 1.68747937 0.07027217
v -0.90138013 1.68062759 0.07879928
v -0.90186823 1.67989544 0.08490001
v -0.90650981 1.68124691 0.10144723
v -1.19930959 1.45955291 0.22907983
v -1.19707398 1.43989834 0.23951694
v -1.21398991 1.42647260 -0.16993286
v -0.91102509 1.61857752 -0.18187283
v -0.65716172 1.81204400 -0.50628271
v -0.64775814 1.73867991 -0.56557756
v -0.33624361 1.82132623 -0.66560320
v -0.27635960 1.80642970 -0.69119858
v -0.00338294 1.83176245 -0.70734114
v 0.15668598 1.88470775 -0.65761124
v 0.39264718 1.90044313 0.56239495
v 0.11984688 1.74883310 0.70002358
v -0.39423365 1.88469152 0.57681493
v -0.71791883 1.83475467 0.39583114
v -0.75702179 1.81634225 0.35787597
v -0.90089213 1.68160380 0.07806713
v -0.90103258 1.67966768 0.08689833
v -1.21098148 1.52467512 0.16157384
v -1.21981111 1.55584290 0.05562917
v -1.21305691 1.42684020 -0.16555179
v -1.21178520 1.40609487 -0.17913948
v -1.21178520 1.40877922 -0.17913948
v -1.08566576 1.53853785 -0.20294698
v -0.90573480 1.63149342 -0.15602588
v -0.90490627 1.64405449 -0.13591017
v -0.89630553 1.68485423 -0.10742653
v -0.55894895 1.77373080 -0.60397708
v -0.18523492 1.83225756 -0.69297175
v -0.10493168 1.80024150 -0.72204545
v 0.79830203 1.87447272 -0.08043409
v 0.83413287 1.82891929 0.04222143
v 0.80818530 1.84251432 0.16738845
v -0.20405911 1.73053369 0.69930759
v -0.23957233 1.79318869 0.69425126
v -0.38619586 1.86180226 0.59967094
v -0.84021269 1.79427810 0.16666229
v -0.90089213 1.67916350 0.09148874
v -0.90138013 1.67794325 0.09222090
v -1.19289270 1.51351390 0.24201794
v -1.21089280 1.39159988 -0.17804371
v -1.21178520 1.40341053 -0.17913948
v -1.20713484 1.42502036 -0.19823962
v -0.95983768 1.60146184 -0.18336425
v -0.36546398 1.77147711 -0.68591005
v 0.03499959 1.80836817 -0.72034799
v 0.18983482 1.79951229 0.69795292
v 0.14404076 1.78055982 0.68847186
v 0.11895609 1.70139164 0.72348740
v -0.24382289 1.76316387 0.68663198
v -0.90064808 1.67696726 0.10198207
v -1.16757943 1.54476723 0.24635022
v -1.20774145 1.50031478 0.19311091
v -0.90464447 1.61983644 -0.17230390
v -0.81083208 1.74830869 -0.33976635
v -0.68961756 1.77374125 -0.50278694
v 0.23526990 1.85682011 -0.66548966
v 0.58906656 1.90766311 -0.46105253
v 0.78836836 1.87489711 -0.14994272
v 0.86714929 1.76956403 0.01829369
v 0.69248800 1.88933403 0.35686254
v 0.31581827 1.87205811 0.61377003
v -0.29496672 1.76938119 0.69436866
v -0.48855683 1.84123165 0.57593140
v -0.82346874 1.78290571 0.25204743
v -0.89939438 1.68082818 0.09855736
v -0.90040272 1.67292355 0.11662671
v -1.18113869 1.46890975 0.28810924
v -1.19425386 1.41858080 0.24924193
v -1.19397099 1.41927233 0.25425616
v -1.19495988 1.42226592 0.24601878
v -0.78422183 1.74566666 -0.39467443
v -0.12414087 1.79123734 -0.72431843
v 0.19405272 1.80710456 -0.70735491
v 0.43989875 1.84005634 -0.61628226
v 0.48750212 1.82459527 -0.60643714
v 0.67768686 1.84940417 -0.44248289
v 0.85631336 1.78660630 0.09727525
v 0.71655851 1.85870239 0.36980052
v 0.70385662 1.83960298 0.40832290
v 0.25225508 1.84337424 0.65332107
v 0.22583138 1.75912417 0.67464998
v -0.30736545 1.73423063 0.66898286
v -0.59226912 1.85604734 0.50275233
v -0.61601133 1.82520516 0.51188140
v -1.19397099 1.42195667 0.25425616
v -1.19397099 1.41658798 0.25425616
v -1.19146492 1.39516459 0.25290065
v -1.19553443 1.39113080 -0.23496256
v -0.77438473 1.72576807 -0.43114487
v -0.71245330 1.74187107 -0.50096139
v 0.85735803 1.79028323 0.00967563
v 1.09916947 1.99492021 0.02779404
v 1.10255592 1.98376989 0.00172113
v 1.06490898 2.00518042 0.04674087
v 1.10649111 1.97553702 0.04898985
v 1.03372878 1.97918179 0.06763693
v 1.08326721 1.96349407 0.07711651
v 1.03781826 1.99539618 0.04130875
v 1.11681758 1.95565895 0.02938479
v 1.04248804 2.00078818 0.00386816
v 1.11161407 1.94699017 0.05116510
v 1.12180096 1.90375412 0.03825905
v 1.08421355 1.97909606 -0.01661629
v 1.10307511 1.95870781 -0.01072209
v 1.06197241 1.97744869 0.07615588
v 1.10137817 1.91995282 0.07157257
v 1.01054979 1.97987247 0.02786003
v 1.06585646 1.95341980 -0.03072940
v 1.13518477 1.63510715 -0.00481904
v 1.06841474 1.97195051 0.08135150
v 1.03796380 1.95490780 0.07898315
v 1.01208201 1.96992748 0.04806916
v 1.11534442 1.79212163 0.07072625
v 1.04472776 1.91527014 0.08747530
v 1.02684492 1.86244020 0.08982126
v 1.01296679 1.93894112 0.06292565
v 1.01203741 1.96664237 -0.00089008
v 1.00008982 1.88985455 -0.00622574
v 1.12983804 1.63083646 0.07189937
v 0.98470869 1.84095150 0.04277733
v 1.11270156 1.63286452 0.09536677
v 1.03837862 1.96341668 -0.02471957
v 1.09567998 1.91812650 -0.02387127
v 1.13266014 1.62998406 0.06769277
v 1.06726029 1.83495460 -0.04548788
v 1.14135600 1.62975867 0.02982459
v 0.98707699 1.86661733 0.02833739
v 1.10829873 1.63245345 0.10046647
v 1.11534439 1.63461584 -0.03733071
v 1.12955660 1.62832634 -0.01729298
v 0.97535642 1.78952242 0.01403608
v 1.01655775 1.81843053 -0.03830454
v 1.17589570 1.61508482 0.09872816
v 1.05277398 1.77265913 0.10704214
v 0.98473462 1.74014233 0.08168880
v 1.10669261 1.62976914 -0.04596450
v 0.98710661 1.66386578 0.10184203
v 0.98519332 1.78183921 -0.01668196
v 1.02682181 1.64550335 -0.06656617
v 1.07727890 1.63245920 -0.06367311
v 1.12002066 1.62018491 -0.06798310
v 1.08922046 1.63560326 0.11242726
v 1.06292479 1.64021071 0.12209554
v 0.95887430 1.67591605 0.06155326
v 0.95510567 1.67859008 0.00999471
v 1.19990663 1.60955687 -0.00341581
v 0.95906739 1.67560051 -0.00585303
v 1.00956709 1.65461706 0.11644415
v 0.97733112 1.66841311 0.09208370
v 0.96531971 1.67355714 0.07508669
v 1.20143069 1.61195127 0.04114462
v 1.06539350 1.63931336 0.12459103
v 1.01861453 1.65163833 0.11972688
v 0.95372048 1.67897000 0.03479670
v 1.19602183 1.58500457 -0.09696342
v 1.21169553 1.59234667 -0.02469303
v 0.97657672 1.66648702 -0.03615984
v 1.00523144 1.65330924 -0.05933710
v 0.96416715 1.66751040 -0.04153004
v 1.05690090 1.63664116 -0.06832929
v 1.20328725 1.60317090 -0.03877099
v 1.20385888 1.60564224 0.07979761
v 1.19604491 1.59976715 0.13659007
v 1.18870979 1.58470201 0.18096233
v 0.96367549 1.67216224 -0.01723623
v 1.21121766 1.58936755 -0.03320061
v 0.91481739 1.68979046 0.02006677
v 0.95209906 1.66582928 0.12842570
v 1.20327089 1.56737156 -0.11884505
v 0.91064634 1.68358155 0.10304742
v 0.78527032 1.85394418 0.22975910
v 0.57469565 1.87702766 0.49335730
v 0.49607409 1.87073534 0.54587787
v 0.10622714 1.69110990 0.72843137
v -0.12086867 1.69775777 0.72590546
v -0.26738465 1.78188522 0.69478742
v -0.38982472 1.82469340 0.62893036
v -0.91263829 1.65606068 0.18455701
v -1.19177475 1.39291720 0.25962485
v -1.20006055 1.43584127 0.23565181
v -1.21040263 1.37518006 -0.17843724
v -1.16840185 1.51728682 -0.19507481
v -0.89739318 1.66776771 -0.15168434
v 0.34212186 1.85481727 -0.64063096
v 0.78841913 1.84778728 -0.23305781
v 1.06699542 1.62919411 -0.08190588
v 1.19102516 1.56900655 0.20241861
v 0.24510786 1.76048513 0.68458034
v -0.28270382 1.74175963 0.67570475
v -0.74000512 1.78998677 0.41519690
v -0.87843727 1.73573947 0.11063423
v -1.17620891 1.51920996 0.26558916
v -1.19177475 1.39560155 0.25962485
v -1.19177475 1.39023307 0.25962485
v -1.19207325 1.34128489 0.24828686
v -1.21569991 1.46959817 0.05342193
v -1.20746107 1.34791410 -0.18486724
v -1.18952742 1.43045290 -0.23261510
v -0.96996057 1.55773672 -0.22273595
v -0.88853372 1.65440601 -0.20721813
v -0.84627178 1.71227717 -0.28686770
v -0.57245575 1.73795746 -0.61547981
v -0.50635538 1.74016945 -0.64817730
v -0.34911555 1.73406939 -0.70962338
v 0.08230565 1.81749981 -0.71419736
v 0.10796567 1.81204538 -0.71393248
v 0.65017687 1.85282443 -0.46960726
v 1.20709987 1.59318988 0.10782399
v 0.90218444 1.68424213 0.05370653
v 0.75250337 1.84312179 0.32893538
v -0.34280215 1.83097237 0.63913516
v -0.41628974 1.81228574 0.62848085
v -0.89934756 1.66168368 0.14862156
v -0.89827017 1.65372805 0.16736183
v -1.19262584 1.39717083 0.25730173
v -1.19030595 1.37425845 0.25599675
v -0.83232220 1.71065971 -0.32669420
v -0.46772959 1.75282777 -0.65969196
v -0.25845245 1.75938743 -0.72070495
v 0.36245592 1.82576812 -0.65479833
v 0.72367988 1.83090881 -0.40620607
v 0.74897095 1.85193220 -0.32898144
v 0.88891684 1.72196058 0.00733304
v 1.21953263 1.56244102 0.03434299
v 0.81356277 1.80992568 0.23694983
v 0.76311512 1.85411342 0.29174144
v 0.67071991 1.83980519 0.44796296
v 0.21959112 1.81859946 0.67781877
v -0.05760751 1.66513828 0.74146751
v -0.28816658 1.70085799 0.69841847
v -0.24527024 1.75988701 0.68185057
v -0.76584914 1.75234523 0.41409160
v -0.89099385 1.68190937 0.16505807
v -1.18998310 1.41122221 0.26555606
v -1.21680159 1.39991826 -0.12671820
v -1.20201224 1.30505938 -0.17563749
v -0.86355761 1.66942123 -0.28295801
v -0.76556389 1.70221083 -0.45936318
v -0.18422318 1.74671496 -0.74002984
v 0.29534037 1.80693844 -0.68613793
v 1.18982394 1.56409743 -0.13976358
v 1.21532845 1.55739287 0.00217408
v 1.21581633 1.55714882 -0.00051016
v 1.21967244 1.55789871 0.00853877
v 1.22145906 1.56232711 -0.02488931
v 1.14308116 1.58852362 0.20157367
v 0.90100939 1.67820226 0.09199082
v 0.24590003 1.79000397 0.69520138
v 0.25032559 1.76532455 0.68943654
v -0.00334887 1.64784149 0.74937344
v -0.31871155 1.78432225 0.67886465
v -0.82170521 1.75492203 0.30301664
v -0.91185414 1.62829704 0.23127247
v -1.20158109 1.37825852 -0.21669985
v -0.42748681 1.72827140 -0.68747674
v 0.03355031 1.77409122 -0.73898922
v 0.58145527 1.83059943 -0.54985254
v 0.77298185 1.85848996 -0.26359534
v 0.88397618 1.72576787 -0.07369418
v 0.90487618 1.68603759 -0.01877610
v 1.06952956 1.59716516 -0.14431879
v 1.19411961 1.52292161 -0.18156793
v 1.21606039 1.55714882 -0.00197435
v 1.21532845 1.55690476 0.00217408
v 1.21557250 1.55714882 0.00412638
v 1.21093575 1.55714882 0.08221567
v 1.16633243 1.54924791 0.24234724
v 0.27989806 1.79271364 0.68402279
v 0.31881044 1.72998208 0.66623506
v 0.27605489 1.74483192 0.67364281
v 0.22820206 1.69735910 0.71196233
v 0.06250634 1.67874065 0.73635468
v -0.21299291 1.64940179 0.73333321
v -0.64519655 1.80811158 0.50335537
v -0.69714640 1.74381992 0.50728445
v -1.16223132 1.48781212 0.29160654
v -1.21035296 1.35675934 -0.04730970
v -1.20626790 1.31818393 -0.17719486
v -1.19847194 1.24864345 -0.15363026
v -1.17745963 1.37284660 -0.24642017
v -0.91326943 1.56765557 -0.23459475
v -0.80541583 1.69337779 -0.40074507
v -0.57025366 1.68493395 -0.64100368
v 0.13600312 1.79204885 -0.72287564
v 0.62030977 1.82552871 -0.52293696
v 1.21931327 1.55369714 -0.01692295
v 1.21728064 1.55690476 0.00485842
v 1.21760552 1.56260626 0.05356025
v 1.21557250 1.55983316 0.05268809
v 1.21484035 1.55958911 0.05464039
v 1.21271106 1.55957154 0.06671109
v 1.21215600 1.55714882 0.08172757
v 1.18963561 1.53692198 0.24053744
v 1.18146120 1.49730142 0.27790841
v 0.90985413 1.66284384 0.16922444
v -0.05176105 1.63949848 0.74929783
v -0.19643679 1.60984652 0.74734314
v -0.39290373 1.69663372 0.66845158
v -0.58941993 1.79307822 0.55687952
v -0.74499680 1.71552529 0.47170949
v -0.90728994 1.63497562 0.21927217
v -0.97679626 1.59460865 0.25052202
v -1.18653615 1.32625701 0.25554661
v -1.20542026 1.33077264 0.03226372
v -0.76546622 1.67766410 -0.47560055
v -0.69174776 1.63247584 -0.57753562
v 0.32603568 1.77056561 -0.69819293
v 0.84504884 1.79886145 -0.11330944
v 1.21827598 1.50573837 -0.10885099
v 1.21958585 1.54778600 -0.04094708
v 1.21728064 1.55910123 0.05195605
v 1.21492564 1.55762274 0.08861354
v 1.21459630 1.55666071 0.08075147
v 1.21326062 1.54711627 0.13171657
v 1.20707417 1.51615205 0.17994827
v 1.03710183 1.61387112 0.20148617
v 0.90017589 1.67018173 0.12225132
v 0.77594892 1.76780412 0.38204203
v 0.40227954 1.86627195 0.59269573
v 0.36407030 1.83376032 0.63132170
v 0.31973729 1.78781521 0.67596602
v 0.30868455 1.75009855 0.69125500
v 0.30413872 1.73916981 0.67703925
v -0.53435851 1.81085089 0.57788922
v -0.66533824 1.82082722 0.47461294
v -0.89685113 1.63539312 0.20302982
v -0.95928984 1.58211890 0.26931092
v -1.18738656 1.30068713 0.24895829
v -0.90420795 1.56903621 -0.22670947
v -0.90359721 1.58467492 -0.21023664
v -0.84212670 1.66141860 -0.34661065
v -0.74215921 1.71611765 -0.48517614
v -0.09955470 1.77267046 -0.73710247
v 0.51621141 1.79614023 -0.61164573
v 0.90397109 1.67692657 -0.04699518
v 1.22096193 1.55503858 -0.00691746
v 1.21802893 1.55693465 0.07407575
v 0.89959273 1.66253365 0.14759386
v 0.29490322 1.77384705 0.69400079
v 0.31247357 1.73620111 0.67672504
v 0.21181923 1.63238923 0.73720718
v -0.06172060 1.61142865 0.75629383
v -0.34847195 1.71799174 0.66444756
v -0.31847529 1.73238499 0.67412913
v -0.90410082 1.59754015 0.26623296
v -1.19884156 1.26466187 -0.16296240
v -1.20145404 1.28245689 -0.17065668
v -1.16587608 1.44050664 -0.23673314
v -0.98796999 1.50116523 -0.25435114
v 0.37263606 1.80574793 -0.66526659
v 0.67577124 1.79965889 -0.49587553
v 0.94677262 1.64138046 -0.13112209
v 1.21801025 1.49943040 -0.11608858
v 1.21951848 1.55769543 0.04800850
v 1.21409473 1.55435254 0.10085511
v 1.20793992 1.52458599 0.16988706
v 0.95445649 1.62033345 0.22522311
v 0.88640209 1.71116632 0.12108120
v 0.56429641 1.84056680 0.53554789
v 0.47711468 1.84925744 0.57479707
v -0.20772125 1.51048045 0.78142700
v -0.24104845 1.52074728 0.75195200
v -0.20513764 1.51090939 0.75761590
v -0.36738551 1.75212306 0.68727518
v -0.90975440 1.58834667 0.27957293
v -1.18572247 1.36062801 0.27455277
v -1.18355021 1.27365112 0.24090687
v -1.19243461 1.31746797 -0.23009869
v -1.19584085 1.34578808 -0.22948317
v -0.91087870 1.52386284 -0.26218321
v -0.90133599 1.54068679 -0.24481785
v -0.61886900 1.69210028 -0.60788025
v -0.28061731 1.70343620 -0.74020983
v 0.78336564 1.79528192 -0.34383418
v 1.21626419 1.47926252 -0.13453612
v 1.21951627 1.52518976 -0.11452968
v 1.21912637 1.52724799 -0.07969185
v 0.85702658 1.76068827 0.16782902
v -0.19487868 1.53944070 0.75846469
v -0.28954267 1.52189376 0.76799682
v -0.31585630 1.63791037 0.71746772
v -0.34831555 1.75158997 0.69267230
v -0.39716052 1.72610464 0.68934051
v -0.39695492 1.73621126 0.68695842
v -0.79227094 1.72928588 0.39352133
v -1.20299071 1.27795751 -0.06687760
v -1.14112764 1.38149338 -0.25356077
v -0.94759015 1.49424899 -0.26668935
v -0.90257133 1.57117454 -0.22678539
v 0.33418592 1.72947526 -0.71625915
v 0.86149038 1.74236281 -0.18482960
v 0.85904479 1.75933846 -0.15028054
v 1.20951751 1.53467961 0.15101170
v 1.20123199 1.47953986 0.21634622
v 0.34246381 1.71971426 0.67652961
v -0.16549216 1.49159926 0.76640433
v -0.43973696 1.66673162 0.65807722
v -0.42023959 1.67925783 0.66071312
v -0.37998598 1.71959093 0.68632757
v -0.42103139 1.72418431 0.68450088
v -0.51310658 1.77025323 0.61627748
v -0.63665162 1.74272852 0.55874078
v -1.18132440 1.22928315 0.21535049
v -0.90849672 1.45878804 -0.28886584
v -0.06727147 1.75026832 -0.75008987
v 0.90912738 1.67401038 -0.07311369
v 1.22162656 1.51370230 -0.09330891
v 1.20357734 1.49715781 0.20127838
v 1.20098202 1.46332590 0.23360843
v 1.10210910 1.51073813 0.29158434
v 0.92639562 1.64314511 0.20223228
v 0.89805030 1.64828915 0.18344284
v 0.77762034 1.80557355 0.33573447
v 0.71331176 1.77770676 0.46206645
v 0.59792941 1.77383825 0.56572887
v 0.41478745 1.78168178 0.65084692
v 0.34623065 1.75627702 0.69135469
v 0.32707805 1.73791704 0.68401216
v 0.23952068 1.65027146 0.72833392
v 0.16410254 1.62589021 0.74568610
v -0.31315385 1.53595583 0.73936156
v -0.35309181 1.57188915 0.72479159
v -0.44481914 1.66457795 0.65997944
v -0.72001155 1.71289212 0.50259246
v -0.87258891 1.65519163 0.27321593
v -0.89526156 1.61294333 0.23045871
v -0.99086060 1.54896172 0.29028944
v -1.16450242 1.38329467 0.32105021
v -1.19197701 1.19490763 -0.10799068
v -1.18773340 1.22157019 -0.18690769
v -0.71930337 1.67992631 -0.53206113
v 0.44198493 1.76807989 -0.66272093
v 0.63387756 1.79036346 -0.54168708
v 0.81707046 1.79820045 -0.24933305
v 0.82841016 1.78697129 -0.22869031
v 1.21999970 1.54729042 -0.03705207
v 1.21559365 1.54450798 0.12323702
v 1.14999843 1.54504240 0.25329609
v 0.64315574 1.80494213 0.51023418
v 0.36469583 1.71056262 0.66392050
v -0.16541582 1.49995549 0.76447036
v -0.12212024 1.44661829 0.79658840
v -0.15424954 1.47926288 0.79136418
v -0.24490908 1.52030573 0.77626105
v -0.27753462 1.52642396 0.75522007
v -0.38839096 1.59007693 0.71252427
v -0.88086298 1.64238527 0.25523226
v -1.15289516 1.42482275 0.31954886
v -1.18331916 1.26372544 0.23819642
v -0.91375960 1.49978637 -0.27413600
v -0.89898231 1.49845758 -0.26480087
v -0.90030163 1.51441763 -0.25851882
v -0.85996827 1.58034289 -0.35210680
v -0.79025270 1.62136748 -0.46749136
v -0.66522458 1.68204779 -0.58009363
v -0.63413777 1.61928837 -0.62462563
v -0.54157345 1.66330698 -0.66354377
v -0.37591723 1.67071490 -0.72581069
v -0.30920985 1.64109975 -0.75285364
v -0.19548028 1.66937872 -0.76668314
v 0.38477247 1.72997507 -0.70078344
v 0.58362747 1.74889797 -0.60286844
v 0.87458045 1.74093906 -0.10700519
v 1.18061221 1.52564512 -0.18512104
v 0.83300942 1.75609813 0.27017329
v 0.37528424 1.74390245 0.69005260
v 0.39243815 1.72186049 0.68824278
v 0.35289235 1.72067838 0.67692523
v 0.43892066 1.66740227 0.66117323
v 0.39203065 1.69744255 0.67075205
v -0.46255055 1.64968770 0.66559549
v -0.47432581 1.63879021 0.65745780
v -0.75365901 1.68763368 0.48138914
v -0.86455390 1.69264284 0.26336738
v -1.01187839 1.51721317 0.30706234
v -1.17820814 1.20779591 0.19550236
v -0.89825240 1.47943520 -0.27152813
v -0.89869578 1.49101705 -0.26699000
v -0.89893983 1.49272519 -0.26674595
v -0.89683259 1.51526586 -0.26866954
v 0.23606569 1.75031105 -0.72924106
v 0.63995820 1.73157630 -0.57434920
v 1.21541466 1.45589724 -0.15086680
v 1.19568381 1.41544534 0.25001768
v 1.17468451 1.44145473 0.30760889
v 0.91048580 1.63099119 0.22667346
v 0.87629311 1.70282969 0.19740856
v 0.40516442 1.68977338 0.66201034
v 0.07648013 1.57850601 0.76371275
v -0.14314411 1.48308034 0.76824942
v -0.32960085 1.51887031 0.75908359
v -0.34579205 1.51335597 0.73136882
v -0.30316459 1.52339837 0.74051719
v -0.45023251 1.66415030 0.67024262
v -0.43761239 1.70626022 0.68773654
v -0.61969432 1.70998498 0.59024989
v -0.89317852 1.58486054 0.25937401
v -1.18883388 1.17091684 -0.07398390
v -1.19556321 1.22737771 -0.14108104
v -0.89820779 1.49004085 -0.26821015
v -0.63737352 1.65209255 -0.61161726
v -0.51299676 1.63327543 -0.68650290
v -0.28372983 1.68044854 -0.74715709
v -0.09261221 1.68211948 -0.77426160
v 0.11893327 1.72005827 -0.75955707
v 0.18502411 1.70305767 -0.75822246
v 0.72479138 1.76492209 -0.47116475
v 0.82038945 1.75582436 -0.30673700
v 0.90582670 1.66448306 -0.09864488
v 1.18413049 1.47751743 -0.21770402
v 1.21405122 1.43255917 -0.16441655
v 1.19910421 1.46146127 0.22772902
v 1.03677557 1.55247574 0.27595878
v 0.77459961 1.75255922 0.40080059
v 0.49489339 1.77566595 0.62068778
v 0.20333958 1.50931915 0.76134872
v 0.20602392 1.51029535 0.76134872
v 0.20065524 1.50834294 0.76134872
v 0.21514773 1.51422118 0.75650847
v 0.29151451 1.52465694 0.74941467
v 0.23573977 1.51951733 0.76777062
v 0.17010110 1.49337466 0.76359221
v 0.19419248 1.50575437 0.75971430
v -0.13021952 1.46051861 0.76998002
v -0.44339405 1.60017094 0.69108533
v -0.37803082 1.71017398 0.67688960
v -1.16393543 1.43298944 0.31579119
v -1.17130668 1.37050730 0.31693714
v -1.18026376 1.19615371 0.18346190
v -1.18226300 1.18717757 0.16750352
v -1.18049892 1.16399411 0.13327575
v -1.18935026 1.18148216 -0.09307499
v -1.19188468 1.20830528 -0.12525691
v -0.90893785 1.48403667 -0.27975431
v -0.35628372 1.61941098 -0.74574519
v 0.14768809 1.70233758 -0.76260724
v 0.89300546 1.69782359 -0.09488330
v 0.94243035 1.59459142 -0.19737982
v 1.20165456 1.48620926 -0.20068103
v 1.21125596 1.40600809 -0.17297564
v 1.19539860 1.43303601 0.24227443
v 1.19495253 1.40850126 0.24948983
v 1.19014194 1.36453428 0.25561329
v 1.15374034 1.46474834 0.30596421
v 0.28624819 1.51747560 0.76844807
v 0.26717348 1.52315283 0.77155506
v -0.05813361 1.54946771 0.76968037
v -0.34248624 1.50380407 0.75696812
v -0.39171559 1.49041951 0.74554389
v -0.37367322 1.50255534 0.73492707
v -0.49169981 1.62273211 0.65503417
v -0.44760171 1.68166536 0.68470588
v -1.01851067 1.45479994 0.33375792
v -1.15503586 1.36517315 0.32536304
v -1.18611634 1.16025373 -0.05168857
v -1.16714936 1.26259822 -0.23008687
v -0.90417560 1.50172864 -0.26957252
v -0.45826127 1.65551171 -0.70332211
v 0.00437707 1.70567839 -0.77036143
v 0.67353384 1.72170196 -0.55170686
v 0.90756176 1.63982211 -0.14618799
v 1.21659202 1.43818022 -0.15690199
v 0.95381831 1.58205274 0.27395697
v 0.91122855 1.60696375 0.25840200
v 0.39261411 1.70691602 0.68021885
v 0.24956042 1.52250710 0.75033207
v 0.19808698 1.50677949 0.78391035
v 0.18630194 1.50388939 0.76152468
v -0.10760470 1.42583544 0.77242933
v -0.09887992 1.39206751 0.80064003
v -0.18410435 1.33725865 0.77304790
v -0.20454260 1.35420869 0.78106333
v -0.36725867 1.51781634 0.72811142
v -0.89248781 1.59638452 0.25528158
v -1.15213604 1.34161822 0.32483504
v -1.18136798 1.22249608 0.21513753
v -1.17557730 1.16026945 0.17321890
v -1.16449769 1.33003451 -0.24788739
v -0.90478183 1.41397584 -0.29758590
v -0.87546449 1.57384533 -0.31330867
v -0.76287464 1.59761724 -0.51588821
v 0.01459446 1.62906068 -0.79187063
v 0.79676162 1.74531545 -0.37425088
v 1.21092364 1.48454518 -0.17285061
v 1.22260429 1.53332029 -0.01698224
v 0.89737612 1.63019535 0.20571051
v 0.64946415 1.77332857 0.52996450
v 0.47881264 1.68126506 0.68508891
v 0.43462046 1.71235141 0.68660016
v 0.36847820 1.58575121 0.71878849
v 0.33296728 1.52011569 0.73793957
v 0.35669015 1.51002596 0.74369205
v -0.91081802 1.47625344 0.34674456
v -1.16515174 1.29005397 0.30867391
v 0.40134285 1.71182821 -0.70399471
v 0.50082903 1.76198096 -0.64384305
v 0.60856576 1.70956721 -0.60725884
v 0.91266618 1.62724270 -0.16988887
v 1.21464187 1.38896525 -0.16951426
v 1.19257708 1.38947894 0.25480371
v 0.40614191 1.71989445 0.68933284
v 0.19128715 1.53905618 0.75973398
v -0.25049575 1.37828640 0.77382048
v -0.46526195 1.38290886 0.72701791
v -0.81201655 1.66790813 0.40547550
v -0.90807075 1.54113025 0.31606806
v -1.17999354 1.14749247 0.08668237
v -1.17533249 1.26972618 -0.23414004
v -0.15018829 1.66697733 -0.77433406
v 0.76266224 1.75617492 -0.42614091
v 0.99646004 1.54183404 -0.22703130
v 1.20995976 1.38242409 -0.18426412
v 1.10949472 1.48698197 0.30403783
v 0.91301230 1.58490225 0.28255043
v 0.89556901 1.60615493 0.23503514
v 0.89548902 1.61652701 0.22320981
v 0.65035756 1.73953005 0.54964689
v 0.56167369 1.75269832 0.60139937
v 0.27373389 1.55845019 0.74509415
v 0.16422800 1.48754138 0.78895194
v -0.45148386 1.43139335 0.73067647
v -0.50378790 1.60081459 0.66700133
v -0.50038526 1.62015492 0.66699014
v -0.59136777 1.73314011 0.59658480
v -0.89121754 1.55385675 0.28791008
v -0.95438197 1.41543877 0.35251653
v -0.97728359 1.36308049 0.35070695
v -1.14141899 1.36838586 0.32868999
v -1.16541754 1.23360239 0.27555957
v -1.18416171 1.14813743 0.07295771
v -1.18545680 1.15169028 -0.05079408
v -1.18190858 1.14731732 -0.09148004
v -0.90991956 1.37726150 -0.29816207
v -0.89446960 1.42309610 -0.28520018
v -0.89677106 1.46601871 -0.27668667
v -0.76080444 1.54550540 -0.52975064
v -0.04601267 1.61662666 -0.79459458
v 0.67842029 1.66776444 -0.57534771
v 0.74609906 1.70364569 -0.48569410
v 0.90515572 1.64567715 -0.13207190
v 0.90448245 1.61560321 -0.17751447
v 1.20995976 1.38632847 -0.18426412
v 1.20995976 1.37973975 -0.18426412
v 1.21795367 1.43049505 -0.15579850
v 1.21047663 1.49556931 0.18876482
v 1.18888123 1.33634195 0.25854377
v 0.89431112 1.59822325 0.24486154
v 0.75159627 1.68263770 0.48573071
v 0.42215359 1.69165425 0.67983834
v 0.46350182 1.64926300 0.65778998
v 0.39967584 1.48464681 0.74493086
v 0.10986029 1.43152800 0.77385933
v 0.14247287 1.47203863 0.76751742
v -0.12101106 1.33993983 0.79617171
v -0.41218931 1.47420766 0.74102188
v -0.51473477 1.59827886 0.65410236
v -0.47853846 1.68014684 0.68478097
v -0.56186023 1.65594864 0.65146835
v -0.66109559 1.68419726 0.57286773
v -0.71300127 1.66854947 0.53644821
v -0.88893782 1.52197528 0.30538589
v -1.16014024 1.19653549 0.25551625
v -1.18015964 1.17759528 0.15843551
v -1.17690923 1.17571498 -0.15695584
v -1.17707336 1.19178355 -0.17323571
v -0.86328057 1.50008481 -0.36549499
v -0.80011537 1.54050449 -0.47678045
v -0.34740928 1.56965532 -0.75855000
v 0.09537794 1.66027302 -0.78109751
v 0.34460569 1.69795854 -0.72866717
v 0.56457059 1.69021503 -0.64258037
v 0.70643273 1.71961056 -0.52373565
v 0.84933544 1.71098694 -0.28036042
v 0.91406111 1.58684502 -0.21656313
v 1.18563375 1.27749599 0.24011080
v 0.94548993 1.53193508 0.31367292
v 0.89936901 1.61607727 0.23416896
v 0.79213780 1.67709505 0.43153132
v 0.37886340 1.49771153 0.72450012
v 0.15455865 1.40659052 0.79101125
v 0.10815293 1.53344830 0.76935521
v 0.15320230 1.48777205 0.76679105
v -0.06639005 1.51220775 0.77372250
v -0.09108029 1.44446025 0.77583054
v -0.09595967 1.37614873 0.77307082
v -0.50250580 1.65973130 0.68336467
v -0.54187074 1.62662974 0.67791467
v -0.63887592 1.66514516 0.60035484
v -0.84451323 1.59726641 0.38286165
v -0.88785961 1.49858268 0.31080706
v -1.18395717 1.14199357 0.02473703
v -0.93510889 1.32896129 -0.28800238
v -0.83423434 1.58559761 -0.40828155
v -0.83215447 1.53660789 -0.42621001
v -0.50291924 1.57234753 -0.70424452
v -0.22297578 1.63892944 -0.77197878
v -0.17951960 1.54098346 -0.79591944
v -0.07266067 1.54881620 -0.80539638
v 0.42046529 1.66157784 -0.71473844
v 0.89751404 1.63868808 -0.18145815
v 0.90329917 1.59475774 -0.19889165
v 1.18582827 1.34965472 0.27390451
v 1.16943486 1.38457931 0.31955625
v 0.88271353 1.64972579 0.24168423
v 0.84070432 1.69220836 0.32779898
v 0.68475376 1.71710978 0.53597648
v 0.20262245 1.35387750 0.78175368
v 0.12380894 1.45378223 0.78474389
v -0.27343984 1.38136915 0.75012665
v -0.32082932 1.37815836 0.75976032
v -0.44890684 1.42979709 0.70662175
v -0.40463803 1.47941226 0.71814740
v -0.52105490 1.59034891 0.65198431
v -0.82280256 1.59303181 0.42484338
v -0.85455778 1.56338956 0.37420805
v -0.88844661 1.49272519 0.31282321
v -0.91020388 1.51781947 0.32997809
v -0.90737114 1.49837707 0.33773704
v -1.16357832 1.25819065 0.29575640
v -1.14674154 1.21780594 0.28371402
v -1.16794176 1.21687420 -0.20630653
v -0.78676736 1.46204560 -0.50703309
v 0.83735311 1.68953632 -0.33567672
v 1.20841376 1.37475770 -0.17953807
v 1.20703857 1.31394889 -0.17544040
v 1.18560296 1.29824830 0.24823621
v 1.18755587 1.31998502 0.25314066
v 1.01375891 1.53303312 0.29740730
v 0.76489195 1.62090754 0.49937522
v 0.44695928 1.66837017 0.67429105
v -0.23588760 1.37318894 0.75524734
v -0.79336845 1.52223580 0.49739730
v -0.88820256 1.49052895 0.31331120
v -0.88844661 1.48979680 0.31453135
v -0.89468473 1.48631375 0.33412606
v -1.12659135 1.26122753 0.30931618
v -0.89688093 1.46900124 -0.28354325
v -0.47089523 1.53908593 -0.72174081
v 1.08174078 1.49958744 -0.23141665
v 1.20343865 1.33047298 0.08356017
v 1.18761151 1.31090860 0.25493681
v 1.13524311 1.42595508 0.32350705
v 0.63142851 1.69205297 0.59172421
v 0.49799069 1.65475201 0.68584322
v 0.47741391 1.66991467 0.68450939
v 0.46583748 1.65321877 0.67216404
v 0.42373008 1.61407331 0.69514330
v 0.29327575 1.38536711 0.76529095
v 0.10083650 1.41165715 0.79026346
v 0.09852634 1.36435600 0.77886242
v -0.43194345 1.45251001 0.71141112
v -0.41269792 1.49105530 0.71934273
v -0.47847517 1.47536181 0.70026951
v -0.53552442 1.57337217 0.65588039
v -0.51700501 1.63414483 0.68201006
v -0.76373676 1.57232053 0.52066661
v -0.86951011 1.57741631 0.33407030
v -0.88820256 1.48052372 0.31843584
v -0.88844661 1.47954752 0.31990004
v -1.14997909 1.31568119 0.32238790
v -1.18234182 1.13787394 0.04622448
v -0.81512751 1.52854005 -0.45646511
v -0.67207640 1.55641155 -0.61256799
v -0.11661521 1.59927574 -0.79425537
v -0.00293308 1.59916963 -0.79878760
v 0.22865547 1.66196315 -0.76430462
v 0.53147680 1.64011350 -0.67696677
v 0.90286354 1.56945330 -0.22258244
v 1.19235581 1.42884703 -0.23298678
v 1.20489253 1.32112370 -0.18013881
v 1.18147074 1.26458656 0.23463601
v 1.16422814 1.32734519 0.31938395
v 0.94043775 1.50615075 0.32898773
v 0.89251356 1.56984624 0.27726250
v 0.89300844 1.57900322 0.26147998
v 0.83429119 1.66588420 0.36089683
v 0.41233628 1.47285963 0.71654524
v 0.44145224 1.43311529 0.73372392
v 0.10890028 1.36656207 0.79844101
v 0.10890028 1.36143765 0.79844101
v 0.10890028 1.36412178 0.79844101
v 0.09627390 1.46561939 0.77637267
v -0.13365913 1.33334757 0.76702642
v -0.56872344 1.52065230 0.64791590
v -0.55135453 1.54871080 0.65252462
v -0.49599519 1.63968555 0.67824399
v -0.74770771 1.64705258 0.51270973
v -0.88680760 1.54117590 0.30291702
v -0.88795851 1.48223186 0.31794774
v -0.88629276 1.47369658 0.32397961
v -0.90458842 1.45730438 0.35227024
v -1.17248162 1.11499297 0.07793059
v -0.90633806 1.32291493 -0.29265012
v -0.89154435 1.37434113 -0.29281708
v -0.41501167 1.54554080 -0.74202999
v 0.90116267 1.57461465 -0.22220259
v 1.18234992 1.25007639 0.25711910
v 0.86595761 1.64229206 0.30487892
v 0.48792949 1.62585743 0.66211441
v 0.50994264 1.59694435 0.66459361
v 0.40691973 1.59702702 0.70613882
v 0.10345338 1.43078969 0.77432039
v -0.19516310 1.34926033 0.76053007
v -0.29596880 1.38113991 0.74504225
v -0.35741647 1.36111374 0.73073681
v -0.38985707 1.34240027 0.72220418
v -0.36691909 1.35712865 0.74924833
v -0.45338803 1.43887484 0.70748369
v -0.54186875 1.56352688 0.65116092
v -0.55069620 1.60548088 0.68001187
v -0.88770720 1.48579035 0.31608011
v -0.90224755 1.42903165 0.35928515
v -1.18518720 1.14622833 -0.01070357
v -1.16143317 1.12957178 -0.10462889
v -0.81288714 1.47610801 -0.46667373
v -0.71710185 1.51205483 -0.58142897
v -0.24970787 1.52533050 -0.78662955
v -0.15057019 1.55699554 -0.79678358
v 0.91259401 1.56042093 -0.23836902
v 1.20022229 1.27988738 -0.16945747
v 1.20590241 1.32089694 0.00286332
v 1.18328514 1.24361332 0.22327984
v 1.15297715 1.39828796 0.32603747
v 0.90337958 1.52245773 0.32710208
v 0.82709158 1.63568160 0.39632008
v 0.84280793 1.57439261 0.39530386
v 0.69972104 1.63634488 0.56333547
v 0.40923614 1.52616915 0.71765897
v 0.42686555 1.46052784 0.71406519
v 0.44631663 1.44013752 0.72466391
v 0.45094115 1.42717874 0.70945944
v 0.32263425 1.37558278 0.73986720
v -0.04049397 1.21727668 0.77873975
v -0.13046423 1.25590453 0.78095277
v -0.09730201 1.24426511 0.77215836
v -1.17448366 1.12695426 0.11044545
v -1.15651816 1.17162841 -0.16770116
v -1.15408736 1.20440823 -0.20015108
v -0.61166434 1.55064062 -0.65439073
v -0.36010836 1.53892336 -0.75880686
v 0.29420881 1.61207048 -0.76325031
v 1.20379728 1.30333097 -0.17838798
v 0.91139113 1.54986245 0.31145290
v 0.86385002 1.60790959 0.33013207
v 0.56393284 1.67880023 0.64129617
v 0.45420151 1.41927233 0.70497791
v 0.45420151 1.41780824 0.70497791
v 0.35901517 1.36233281 0.75149060
v 0.24886036 1.37821491 0.75290993
v 0.08589144 1.41304675 0.77789031
v -0.08290547 1.36054550 0.77692862
v -0.04911977 1.23041193 0.76351607
v -0.43883100 1.33287202 0.73266638
v -0.46004618 1.44449835 0.70673040
v -0.56979368 1.48557671 0.65886699
v -0.58925431 1.47876504 0.64532243
v -0.85754345 1.52351207 0.38209461
v -0.90148482 1.43889641 0.35523677
v -1.16741065 1.11302858 -0.05422124
v -0.88997128 1.35254368 -0.28451767
v -0.52905768 1.46291025 -0.70357588
v -0.51066671 1.52053366 -0.70936505
v 0.14042936 1.60262202 -0.79153396
v 0.43734283 1.62822231 -0.71856984
v 0.61187596 1.64912414 -0.63046020
v 0.64995834 1.62751276 -0.61182089
v 0.76891413 1.63586601 -0.49317862
v 0.91009179 1.56259552 -0.23604253
v 0.90120363 1.52378317 -0.25649852
v 0.98681258 1.44785591 -0.27359066
v 1.17898051 1.40050580 -0.24369058
v 1.17767518 1.36252819 -0.24763791
v 1.20018451 1.30772814 0.11229179
v 0.90972654 1.47442489 0.34852300
v 0.89022928 1.52715770 0.29844366
v 0.80303938 1.54649995 0.47644657
v 0.51826172 1.59371930 0.65446402
v 0.45420151 1.42049259 0.70497791
v 0.29879482 1.37968760 0.74760176
v -0.01994697 1.22746555 0.76330091
v -0.01604259 1.22746555 0.76330091
v -0.00079713 1.22343089 0.76487940
v -0.41365116 1.33631229 0.71451628
v -0.46433300 1.38240805 0.70314942
v -0.64064473 1.58916795 0.62745966
v -0.88551822 1.42024853 0.32917311
v -1.15907531 1.15187510 -0.14343380
v -1.02784784 1.24963787 -0.24598451
v -0.88838474 1.33739404 -0.28178232
v -0.88055305 1.36653072 -0.31641105
v -0.85338785 1.43894984 -0.39475229
v 0.31547371 1.56470859 -0.76841221
v 0.71524475 1.63875617 -0.55286473
v 0.90113802 1.54448844 -0.23946172
v 0.91638914 1.53189182 -0.25704807
v 0.99174878 1.48230287 -0.26156604
v 1.20231458 1.36747471 -0.21427818
v 1.20096948 1.26067833 -0.15881278
v 0.77590224 1.60092666 0.49542478
v 0.73479554 1.63636847 0.52857962
v 0.51847378 1.63306332 0.68490200
v 0.50342137 1.61184363 0.66223160
v 0.54139013 1.56407173 0.65227359
v 0.45707476 1.35293628 0.71805968
v 0.40679947 1.33677822 0.73555687
v 0.37335149 1.35190011 0.72567529
v 0.34406098 1.36801492 0.73342873
v 0.23489416 1.37207158 0.77544194
v -0.01067390 1.22746555 0.76330091
v -0.14790415 1.24674902 0.75915599
v -0.09745211 1.24994465 0.76358672
v -0.42882692 1.33706791 0.71041557
v -0.59550427 1.46493516 0.63925357
v -0.58159367 1.49606424 0.64227789
v -0.68100616 1.57036373 0.60231914
v -0.80058663 1.47607267 0.49462005
v -0.88516856 1.44592952 0.33014676
v -0.88551822 1.41927233 0.33063731
v -1.16685931 1.10178768 0.01967457
v -1.13376170 1.12476856 -0.10532574
v -0.90152494 1.29078591 -0.28371089
v -0.88820256 1.32410109 -0.27748322
v -0.88771457 1.31678021 -0.27699517
v -0.88771457 1.32483303 -0.27870337
v -0.67609081 1.47492698 -0.61826051
v 0.43348364 1.54513295 -0.73691407
v 0.70041138 1.59597518 -0.57907341
v 0.80187638 1.65654107 -0.43252782
v 1.18337951 1.32764099 -0.24425203
v 1.18738385 1.35492441 -0.24226736
v 1.18297395 1.25396132 0.23162573
v 1.16914117 1.23202991 0.26570829
v 0.88896000 1.51308110 0.30567423
v 0.46015863 1.40327043 0.70403603
v 0.12522861 1.33825800 0.76899963
v 0.09750014 1.38599494 0.77361186
v -0.10124792 1.31652452 0.77114890
v -0.56595572 1.54140269 0.66563906
v -0.58591905 1.55942411 0.67519537
v -0.88551822 1.41756419 0.33161341
v -0.88392930 1.41544776 0.33413429
v -1.12723984 1.17093144 -0.17184732
v -0.91011248 1.25766807 -0.26948863
v -0.72319385 1.46352221 -0.57830016
v 0.88368388 1.65374919 -0.23022549
v 1.19541164 1.23114885 -0.14354967
v 1.18064237 1.20426394 0.19211809
v 1.17880631 1.19730096 0.18340634
v 1.18115612 1.22511533 0.21077669
v 0.88958789 1.48338833 0.32301045
v 0.88790649 1.49760225 0.31089568
v 0.49955457 1.52125022 0.68720313
v 0.54826132 1.47776224 0.67092717
v 0.26402834 1.37589301 0.75344888
v 0.21218897 1.35950248 0.75985931
v 0.17604771 1.33620821 0.77452293
v 0.12657046 1.25799603 0.77153324
v -0.06160402 1.22327806 0.76270299
v -0.12970090 1.20069122 0.75228687
v -0.15330623 1.24405118 0.77700251
v -0.13946509 1.26096790 0.76109423
v -0.17759671 1.31138240 0.76396780
v -0.44731162 1.34688105 0.70481003
v -0.87821599 1.49581691 0.33995356
v -0.90303743 1.34686477 0.36090121
v -1.13471663 1.30731315 0.32302814
v -1.08867888 1.23780158 0.30125816
v -1.14869426 1.16168410 0.23044434
v -0.75211311 1.48814404 -0.54741504
v 0.04812703 1.56567811 -0.80393820
v 0.53316444 1.58907410 -0.68815997
v 0.74632065 1.51472347 -0.55259724
v 0.82827285 1.63407309 -0.39525444
v 0.91387858 1.49831104 -0.27498537
v 1.19558609 1.24509991 -0.15272372
v 1.18276873 1.15065098 0.09584133
v 1.06244842 1.34423937 0.33849786
v 0.88808526 1.48491621 0.31453135
v 0.88784121 1.48589241 0.31331120
v 0.88808526 1.49004085 0.31282321
v 0.55723396 1.54047856 0.65258004
v 0.58071472 1.49923583 0.64768587
v 0.08219411 1.36159395 0.77561367
v 0.03261585 1.22640337 0.76376710
v 0.04744852 1.22943733 0.76787212
v 0.06132009 1.22678180 0.77463543
v 0.08760599 1.24455473 0.76660542
v -0.15245477 1.24967224 0.75744412
v -0.15245477 1.25113633 0.75744412
v -0.32288148 1.37533686 0.74073040
v -0.83067427 1.50000845 0.44157416
v -0.91152449 1.18763112 -0.21926531
v -0.60988671 1.48860791 -0.66171518
v 0.63099923 1.53367832 -0.64545881
v 0.77031291 1.58101270 -0.51023858
v 0.99802798 1.43586870 -0.27431631
v 1.19650006 1.23654022 -0.15286563
v 1.19387888 1.22351977 -0.13805794
v 1.19079199 1.19507512 -0.11030226
v 1.14770921 1.25147483 0.30134691
v 1.15305275 1.28586423 0.31516906
v 1.14212148 1.32967063 0.32695345
v 0.99286862 1.37938600 0.34916417
v 0.91150373 1.44237362 0.35662830
v 0.74875799 1.56303838 0.54251864
v 0.56798724 1.58487710 0.67787527
v 0.55475820 1.55357873 0.66431770
v 0.56924031 1.51991837 0.65061036
v 0.41499893 1.33593230 0.71418632
v 0.12929715 1.33271284 0.78918125
v -0.01681728 1.29076417 0.77350783
v 0.11734978 1.25201747 0.77807159
v 0.12492393 1.22102908 0.75726518
v -0.15245477 1.25260042 0.75744412
v -0.65874717 1.43573006 0.65337527
v -0.91741804 1.24018546 0.32115343
v -1.15467200 1.10228401 0.10732230
v -0.89854860 1.25792753 -0.26963143
v -0.88510230 1.28006151 -0.26568918
v -0.88621252 1.30933064 -0.27664488
v -0.83163651 1.42687904 -0.43694438
v -0.66317858 1.42495526 -0.62715633
v -0.40318705 1.44817081 -0.75076408
v 0.46583932 1.57286801 -0.71984894
v 1.19147609 1.19897055 -0.13276659
v 1.18815864 1.16708181 -0.06612477
v 1.18608227 1.15007899 -0.01833149
v 1.18080891 1.14424976 0.06322421
v 1.18079168 1.15359469 0.10893374
v 0.88780708 1.47334578 0.31817708
v 0.63789222 1.63803546 0.61308965
v 0.46582359 1.39514980 0.71032663
v 0.35582188 1.36107381 0.73091226
v 0.15456513 1.24226027 0.76360175
v 0.14814198 1.23597910 0.75625725
v -0.60739118 1.43385767 0.63519653
v -0.71823097 1.52206475 0.58349746
v -0.74940015 1.41585875 0.56737025
v -0.89733226 1.39169613 0.36212463
v -0.89531870 1.30147114 0.35258210
v -1.14032286 1.19652036 0.26787102
v 0.24086162 1.60445296 -0.77868242
v 0.70599271 1.56167209 -0.58247369
v 0.82576269 1.57845539 -0.42626286
v 0.86194746 1.59563186 -0.34383839
v 0.88731288 1.52906875 -0.29825341
v 0.90002272 1.49610468 -0.26537557
v 0.89906669 1.49809388 -0.26406166
v 1.17494026 1.27633448 -0.23335702
v 1.18859528 1.25395880 -0.20456037
v 1.18585066 1.15661001 -0.04212536
v 1.18039502 1.17760884 0.15858113
v 0.92644938 1.36601446 0.35852935
v 0.84530932 1.53124740 0.40729980
v 0.59292923 1.47306538 0.64101658
v 0.46927862 1.43583781 0.70355355
v 0.45785445 1.36273582 0.70371888
v -0.07706478 1.15279636 0.74264964
v -0.55920927 1.48266967 0.66748523
v -0.59730253 1.52026092 0.67282792
v -0.88281863 1.36859061 0.33594120
v -0.89099435 1.29729440 -0.27868584
v -0.79615650 1.39835965 -0.49088413
v 0.71084202 1.52388268 -0.58460224
v 0.90027085 1.50506065 -0.26416050
v 0.89833454 1.49614169 -0.26430566
v 1.19151382 1.18291294 -0.09176999
v 1.18422475 1.14423894 -0.00098728
v 1.17904038 1.16445160 0.13457875
v 1.14347245 1.24319460 0.29834284
v 0.93642835 1.42527294 0.35590467
v 0.90020346 1.45722005 0.35098912
v 0.83054880 1.52698945 0.43482614
v 0.43706835 1.33765142 0.71569632
v 0.13104117 1.32396624 0.76889493
v 0.07279530 1.28250771 0.76963320
v 0.12848598 1.19823424 0.75069109
v -0.22094700 1.24674240 0.74896975
v -1.14372905 1.09177536 0.03492265
v -0.71233180 1.41975348 -0.58876580
v -0.28532047 1.47429901 -0.78155040
v 0.53001838 1.50504981 -0.70129706
v 0.77796087 1.56493509 -0.50596734
v 0.89524698 1.51547695 -0.27102431
v 0.89809048 1.49516549 -0.26552580
v 0.90822982 1.41680749 -0.29613819
v 1.15710806 1.21318510 0.27695891
v 1.13997841 1.24188577 0.29836525
v 0.88614878 1.46295344 0.32520546
v 0.87595552 1.55897341 0.32657388
v 0.61749426 1.50891177 0.66823065
v 0.56886858 1.56890491 0.67649450
v 0.49550254 1.35095384 0.69380304
v -0.14431054 1.21043050 0.76645558
v -0.15674464 1.24411997 0.75837443
v -0.61422611 1.40908457 0.63825268
v -0.59515688 1.48267911 0.65909234
v -0.62352009 1.48636071 0.66785148
v -0.62835402 1.47805515 0.66645138
v -0.82371049 1.39719165 0.46316731
v -1.15067068 1.14316467 0.20644983
v -1.09516954 1.13191765 0.19421960
v -1.14794931 1.12076867 0.16714745
v -0.92643692 1.14494487 -0.16834366
v -0.89717332 1.22284793 -0.25077172
v 0.73981073 1.58817961 -0.54562002
v 0.91260561 1.45705946 -0.28927057
v 0.88690895 1.45512032 0.33185043
v 0.59356259 1.54666942 0.67403842
v 0.58283274 1.50707339 0.66009996
v 0.59974228 1.45752717 0.64302134
v 0.15685590 1.32116652 0.76677069
v -0.43307497 1.30542626 0.70948710
v -0.64529796 1.44060849 0.66036970
v -0.77320859 1.41381268 0.53689519
v -0.88039369 1.34215913 0.33429775
v -0.88063763 1.34045099 0.33380965
v -0.90310526 1.25667059 0.33276393
v -1.00906027 1.16865414 0.25312573
v -0.99627507 1.10545982 0.14703793
v -1.13795094 1.10123567 -0.04101781
v -0.77050714 1.38294080 -0.52482601
v -0.14489114 1.49061763 -0.80423285
v 0.55269612 1.55392186 -0.68537913
v 0.67235096 1.53369860 -0.61563638
v 0.89805314 1.47698945 -0.27087103
v 1.10536872 1.30470214 -0.25393651
v 1.18010628 1.16533403 0.14493615
v 0.78553255 1.47827305 0.51455215
v 0.65816768 1.56488259 0.62422165
v 0.47877196 1.41523853 0.70195880
v -0.15800793 1.23748269 0.75446190
v -0.33647015 1.27761891 0.73120663
v -0.48381554 1.29329949 0.69066121
v -0.61352888 1.43258817 0.65114631
v -0.78094323 1.38618591 0.52654306
v -0.88332558 1.41814517 0.33654490
v -0.87990558 1.34289129 0.33576195
v -0.88021522 1.33456122 0.33147241
v -0.89054171 1.30036418 0.34712415
v -0.89746515 1.21830556 0.31032361
v -0.89113770 1.22272144 -0.24872087
v -0.59074830 1.42054806 -0.67374054
v -0.51023045 1.45005292 -0.71406185
v -0.33564187 1.46136647 -0.77090514
v -0.07871898 1.47476522 -0.81092031
v 0.18226044 1.53767084 -0.79682436
v 0.90158712 1.41862151 0.36027897
v 0.88515708 1.43293810 0.32648877
v 0.88515708 1.43903873 0.32648877
v 0.88540091 1.45343644 0.32648877
v -0.88148179 1.34292516 0.33640755
v -0.88006232 1.31442556 0.32800346
v -1.13354083 1.09146305 0.05697815
v -1.15248120 1.09785019 -0.02252719
v -0.93305155 1.11374199 -0.10961633
v -0.89215012 1.18276062 -0.21734049
v -0.83665097 1.36087180 -0.41743792
v -0.82181735 1.35482680 -0.44293045
v -0.27328889 1.45350298 -0.78450676
v 0.63048161 1.49296819 -0.64748055
v 0.86366602 1.54687371 -0.35561555
v 0.89599783 1.48629355 -0.27441987
v 0.95440742 1.34115901 -0.28689358
v 0.88493419 1.41520654 0.33049277
v 0.82349742 1.47376385 0.45859325
v 0.60590652 1.52108850 0.67261612
v 0.14278771 1.25914213 0.76455259
v 0.09649872 1.16969432 0.74594166
v 0.05304340 1.14832715 0.74106785
v -0.13219264 1.18863015 0.75626813
v -0.45847528 1.26471859 0.69514292
v -0.62199409 1.31300090 0.63490859
v -0.62593883 1.35086960 0.63087521
v -0.62916761 1.37725404 0.64699230
v -0.89222326 1.21336871 0.30752933
v -0.88078170 1.09560244 0.13763560
v -0.88787121 1.14149889 -0.16953194
v -0.87937164 1.20307870 -0.22224474
v -0.44699067 1.37953332 -0.73401157
v 0.89589512 1.44901274 -0.27819932
v 0.89565019 1.43830658 -0.28016757
v 0.89613829 1.43757464 -0.28138771
v 0.90578878 1.36700984 -0.29982364
v 1.17969073 1.13216705 -0.02070991
v 1.16948445 1.15403084 0.17893468
v 1.17871644 1.17805184 0.17366488
v 1.15428997 1.19185643 0.25894032
v 0.90289010 1.32242708 0.35610545
v 0.59711035 1.50587363 0.66751631
v 0.61897690 1.39771494 0.63410661
v -0.11282070 1.17236957 0.76174067
v -0.61876351 1.39349847 0.63103488
v -0.87819904 1.28742621 0.32330491
v -0.87770934 1.28432446 0.32112019
v -1.15523908 1.09527330 0.08336522
v -0.66357737 1.38811283 -0.62553076
v 0.06090626 1.51993307 -0.81017458
v 0.89540614 1.44147902 -0.27992352
v 0.89598090 1.43370490 -0.28206279
v 0.89565019 1.42805752 -0.28285186
v 1.17302786 1.21689693 -0.20266622
v 0.89961056 1.30296104 0.35115067
v 0.61710577 1.45210899 0.66279873
v 0.40242189 1.32733747 0.72056970
v 0.11221158 1.32412272 0.77313946
v 0.13193655 1.19565376 0.76579894
v 0.07057459 1.14804227 0.75726890
v 0.00198427 1.14024499 0.74068412
v -0.04565770 1.13708543 0.75215655
v -0.62453074 1.36410627 0.62708936
v -0.76098831 1.35111532 0.55164121
v -0.87579057 1.32079986 0.34085269
v -0.87746529 1.28530044 0.32258438
v -0.87746529 1.27993175 0.31990004
v -0.87772439 1.27590203 0.31812955
v -0.87819733 1.26455784 0.31453135
v -0.87770934 1.27139083 0.31599555
v -0.87722124 1.27236682 0.31721569
v -0.89260508 1.23949325 0.32266213
v -0.88927778 1.17711577 0.27600500
v -0.92061330 1.12500741 0.20133474
v -0.91697321 1.09419993 -0.05735019
v -0.87596572 1.14715749 -0.16565469
v -0.88878660 1.19048508 -0.22326613
v -0.88189505 1.23479599 -0.24332196
v -0.85036391 1.32370348 -0.38041768
v -0.23978520 1.39404888 -0.78851547
v -0.00535570 1.47230569 -0.81288052
v 0.79714544 1.48967880 -0.49150955
v 0.89747792 1.47201669 -0.27676067
v 0.89540614 1.42976566 -0.28260786
v 0.89613829 1.42708131 -0.28407200
v 1.18095996 1.13203427 0.04798014
v 1.16389984 1.17076688 0.22389757
v 0.59882389 1.49509188 0.66878140
v 0.60986499 1.42894500 0.63704503
v 0.15010822 1.22288900 0.76905186
v -0.54474869 1.32516994 0.67311610
v -0.56123701 1.25165359 0.65453866
v -0.62806755 1.33947479 0.62347223
v -0.87540731 1.28427525 0.32840146
v -0.87692836 1.26999490 0.31723667
v -0.88393565 1.11586835 -0.12547827
v -0.41935923 1.38561997 -0.74223881
v 0.00755789 1.43242328 -0.81122755
v 0.28139711 1.49361079 -0.78367220
v 0.46149845 1.46805539 -0.73089114
v 1.17004894 1.18319406 -0.17608600
v 0.89093679 1.38511991 0.35283443
v 0.88162161 1.37738372 0.33503458
v 0.55095939 1.29138476 0.66678073
v 0.14374994 1.20609401 0.76234955
v -0.07437712 1.14869692 0.75672513
v -0.12249672 1.17843945 0.74669596
v -0.62782350 1.33386227 0.62274018
v -0.62831161 1.34045099 0.62469238
v -0.66499166 1.35022087 0.65080872
v -0.87758493 1.28915056 0.32754293
v -0.89092843 1.25401787 0.33126281
v -0.88101965 1.16286224 -0.19231464
v -0.72264507 1.32745778 -0.56607190
v -0.64417849 1.33490857 -0.63022873
v -0.54165189 1.33570411 -0.68740025
v 0.04326044 1.42552729 -0.81016437
v 0.53776646 1.46201153 -0.69980918
v 0.84695735 1.48187271 -0.40338504
v 0.89494269 1.43879295 -0.28190818
v 1.17685704 1.12350695 0.06122464
v 0.95511322 1.25310836 0.32434402
v 0.84260450 1.41959293 0.42752426
v 0.75948644 1.46851897 0.55077769
v 0.10943574 1.17186681 0.76147703
v -0.84395426 1.40802719 0.42813925
v -0.85054617 1.34501329 0.40621167
v -0.87545292 1.20862574 0.28803807
v -0.88477339 1.15189711 0.24658470
v -0.87765428 1.17707248 -0.19676041
v -0.87770934 1.18427241 -0.20378647
v -0.87746529 1.18524840 -0.20549461
v -0.77908716 1.28966019 -0.48977550
v -0.56467311 1.35555348 -0.67996580
v -0.06537039 1.37886175 -0.80571444
v 0.35143333 1.48053168 -0.76627370
v 0.90284905 1.29562582 -0.28460089
v 1.14953103 1.24609635 -0.22619618
v 1.14911219 1.13196200 0.18781753
v -0.63514018 1.32353584 0.64115257
v -0.88849238 1.19310066 0.29032166
v -0.87482246 1.10377884 -0.08889738
v -0.87747171 1.17200670 -0.19140120
v -0.87746529 1.18256406 -0.20281038
v -0.80219323 1.30960863 -0.46357464
v -0.74077187 1.26738026 -0.52946613
v -0.67500934 1.33101483 -0.60836591
v -0.49383855 1.30010722 -0.70168696
v -0.16438233 1.42621697 -0.80184476
v 0.14338593 1.48249684 -0.80525255
v 0.81528283 1.45196653 -0.46468817
v 1.15767543 1.20018045 -0.19547672
v 1.14680010 1.16325896 0.23381886
v 0.88146607 1.41680557 0.34204046
v 0.79275470 1.40585543 0.51247809
v 0.63928092 1.44813796 0.66349142
v 0.12008646 1.18228301 0.75000380
v -0.79441256 1.30926900 0.50017001
v -0.83105074 1.30873454 0.43780704
v -0.88210227 1.12804554 0.21145813
v -0.87394477 1.12150336 -0.11982878
v -0.87693918 1.16199152 -0.18070286
v -0.81909400 1.22989034 -0.39995291
v 0.59496755 1.42913922 -0.67029990
v 0.67209475 1.45174094 -0.62146739
v 0.77049460 1.40437884 -0.52713611
v 0.89457056 1.42237837 -0.28432723
v 0.90505306 1.32189477 -0.29264328
v 1.10825771 1.23955289 0.30261364
v 0.65604270 1.38897847 0.65693733
v -0.77939742 1.34353249 0.52970352
v -0.90989705 1.08306291 0.02127141
v -0.87230202 1.08652054 -0.01428291
v -0.87499155 1.13706069 -0.14852114
v -0.75610715 1.32924180 -0.53385597
v 0.29254391 1.43596056 -0.78028118
v 0.71981110 1.47068960 -0.58184880
v 0.91069304 1.26582816 -0.27161171
v 1.17602590 1.15277380 -0.13084146
v 1.16562666 1.09949286 0.00842846
v 1.01656041 1.18651937 0.27142740
v 0.89876987 1.26511768 0.33817346
v 0.87770249 1.28807365 0.32876199
v 0.89335529 1.31223214 0.35116615
v 0.68600789 1.47523061 0.62205503
v -0.08383009 1.15319944 0.74959427
v -0.65429037 1.37888410 0.65624317
v -0.87255596 1.21913430 -0.26088593
v -0.27617759 1.32849358 -0.77164221
v -0.00558919 1.40303788 -0.80996964
v 0.04348532 1.37742621 -0.80631670
v 0.26565870 1.39333331 -0.78323020
v 0.89115786 1.38520093 -0.28958589
v 0.91764178 1.19906690 -0.22735882
v 0.87737644 1.33754220 0.34017314
v 0.62518258 1.37222665 0.63492725
v 0.62796277 1.33348263 0.62414535
v 0.14013719 1.19856634 0.74796513
v 0.02969843 1.13466510 0.75392871
v -0.62764568 1.30638921 0.61937141
v -0.87455164 1.19818406 0.27617193
v -0.87274713 1.13516343 0.20712801
v -0.88328554 1.10490574 0.16399573
v -0.87349019 1.09256916 -0.04388939
v -0.87253390 1.10383719 -0.07342905
v -0.85182537 1.24211931 -0.33770265
v 0.10314231 1.39381512 -0.80585912
v 0.62828020 1.45963887 -0.65169768
v 0.71816375 1.40122831 -0.58143737
v 0.81863952 1.41108316 -0.45830815
v 0.89043242 1.34215983 -0.28847442
v 0.88784121 1.32922573 -0.27748322
v 1.13499979 1.20472649 -0.20311891
v 1.17816355 1.12879615 -0.07892086
v 1.15362314 1.09724363 -0.01024195
v 1.13809754 1.14881098 0.21690715
v 0.89361380 1.33663185 0.35855664
v 0.88060753 1.35552637 0.33635181
v 0.72130962 1.43180518 0.59590760
v 0.62739937 1.33204342 0.63275782
v 0.05680543 1.14056112 0.73629148
v -0.06687178 1.14355198 0.73659470
v -0.47888539 1.19582523 0.67523264
v -0.62049930 1.24800297 0.61440891
v -0.87661148 1.24545856 0.30697887
v -0.87161653 1.08375324 0.05587286
v -0.62903300 1.29290634 -0.63133533
v -0.38563217 1.34445347 -0.74765570
v -0.15355544 1.38865457 -0.80155114
v -0.06015010 1.32052946 -0.79717236
v 0.66802811 1.39409300 -0.62213476
v 0.88735332 1.32995788 -0.27870337
v 0.88808526 1.32410109 -0.27675118
v 1.17146246 1.10772755 0.09075918
v 0.63619627 1.41410937 0.65807402
v 0.62720351 1.35354908 0.63307827
v 0.18691718 1.20385480 0.74515768
v 0.09253089 1.15584677 0.74272742
v -0.36406048 1.17882149 0.70501538
v -0.48416386 1.16221937 0.66193724
v -0.66482451 1.31503002 0.64860473
v -0.87356107 1.16585709 0.24762245
v -0.87942506 1.08732827 0.10187613
v -0.86594045 1.10394653 -0.12469433
v -0.86947996 1.23768332 -0.28947671
v -0.67680004 1.28016431 -0.59486548
v 0.39398089 1.42182093 -0.75489360
v 0.49186089 1.39780657 -0.71728272
v 0.87828659 1.38794004 -0.32615632
v 0.88580942 1.34497248 -0.29029477
v 1.16084332 1.14378950 -0.13286197
v 0.63045576 1.37274647 0.64460401
v 0.62898973 1.29981429 0.62187667
v 0.13977089 1.15035556 0.73337276
v -0.81389407 1.26442722 0.45838015
v -0.87199277 1.11858468 0.17874969
v 1.15882345 1.16931573 -0.16626837
v 1.12663425 1.09078992 0.03539295
v 0.88050358 1.33172765 0.33004220
v 0.62471269 1.26019873 0.61504687
v 0.59951274 1.26395664 0.63860972
v 0.32883772 1.21887415 0.72316458
v 0.19227010 1.10853218 0.71074590
v 0.01354873 1.13122405 0.73514796
v -0.19283392 1.14316232 0.72546183
v -0.34159899 1.17739160 0.70995668
v -0.57687726 1.15625531 0.61951285
v -0.87094055 1.19550279 0.28680075
v -0.82525903 1.18703026 -0.35838139
v -0.34999911 1.27528718 -0.74226575
v -0.30946886 1.32052221 -0.76409064
v 0.35280941 1.39002182 -0.76299868
v 0.88189936 1.36621286 -0.31016261
v 1.14727231 1.13285337 -0.11781529
v 1.14694182 1.09613933 -0.01436309
v 0.78603713 1.32206433 0.51529710
v 0.63903315 1.36605905 0.64983681
v 0.62526591 1.26162966 0.61493120
v 0.62502186 1.25748101 0.61541930
v 0.05191400 1.13404624 0.73376857
v -0.09304191 1.14229860 0.73479056
v -0.45643307 1.16579584 0.67333141
v -0.61348835 1.22046167 0.61613010
v -0.62581007 1.28341050 0.62387702
v -0.67247494 1.30226527 0.64188521
v -0.84144716 1.25650922 0.40382155
v -0.86592939 1.15711786 -0.21949125
v -0.54599784 1.27691789 -0.67321565
v -0.53609927 1.25345789 -0.66981121
v 0.19475828 1.38900681 -0.79507725
v 0.41132267 1.41013567 -0.74774517
v 0.54464425 1.37347064 -0.69181615
v 0.88727044 1.28891312 -0.27398646
v 0.89573093 1.23923643 -0.25984425
v 1.15796149 1.10500096 0.11576560
v 0.87747409 1.27465573 0.31557635
v 0.82010746 1.38583452 0.47093618
v 0.62526591 1.25699312 0.61688350
v 0.62082782 1.24043580 0.61728104
v 0.58275006 1.16584871 0.62297551
v 0.40128818 1.20263333 0.70117581
v -0.14538387 1.09894505 0.71160912
v -0.62003135 1.24104406 0.61706877
v -0.87179000 1.10660872 0.14948100
v -0.79128576 1.19681462 -0.42729237
v 0.08193596 1.33182760 -0.79763872
v 0.16658092 1.38948129 -0.79890124
v 0.89385971 1.21710211 -0.24557310
v 0.92859075 1.17876821 -0.20716768
v 1.14727004 1.11768104 0.16020889
v 0.90441517 1.16519250 0.26094162
v 0.84875308 1.33315196 0.40828740
v 0.76175870 1.35366607 0.55263191
v 0.62657761 1.26943055 0.61931006
v 0.50385220 1.26095074 0.68251047
v -0.38373119 1.11686539 0.67624983
v -0.59149010 1.18360103 0.62452209
v -0.61707913 1.22595432 0.62105332
v -0.70780482 1.20480496 0.57883288
v -0.87167210 1.09623256 0.11256393
v -0.79511389 1.17296014 -0.40189675
v -0.71472943 1.21198778 -0.53320211
v -0.49580981 1.23165478 -0.68005239
v -0.20767057 1.32474041 -0.78414951
v 0.08725994 1.28208313 -0.78702001
v 0.88515708 1.28432446 -0.26430566
v 1.01029717 1.10053611 0.13111788
v 0.89395794 1.19659558 0.29420682
v 0.89220885 1.21290245 0.30670972
v 0.66418758 1.33096303 0.65089512
v 0.66655783 1.31134865 0.64663858
v -0.20691010 1.09447973 0.70166249
v -0.35145557 1.13071360 0.69036029
v -0.77289739 1.18855894 -0.45028221
v -0.41860094 1.27070997 -0.72137709
v 0.75292314 1.35832820 -0.54262528
v 0.88466898 1.28530044 -0.26552580
v 0.88466898 1.27993175 -0.26357356
v 0.88283971 1.23379061 -0.24586604
v 1.15785528 1.11488923 -0.07943433
v 1.14939884 1.10077404 0.10932115
v 1.07883582 1.09795510 0.11111258
v 0.88583327 1.21665592 0.30613264
v 0.63604328 1.31540188 0.63991265
v 0.61452875 1.22356116 0.61297901
v 0.61452875 1.22063277 0.61273496
v 0.61477280 1.21965656 0.61444321
v 0.28219516 1.15582899 0.71612993
v -0.65430714 1.20454767 0.63256166
v -0.74613813 1.24096650 0.54886696
v -0.84302645 1.15058896 -0.28200504
v -0.66538090 1.21083845 -0.57536951
v -0.20086580 1.28208377 -0.77544773
v 0.20763011 1.33928516 -0.78670916
v 0.28357414 1.34134243 -0.77317757
v 0.39818989 1.32453852 -0.74109031
v 0.85625744 1.35964107 -0.37533232
v 0.86712776 1.30072589 -0.32902880
v 0.88429032 1.27753215 -0.26321743
v 0.88445687 1.27272877 -0.26160755
v 1.02925023 1.08863030 0.05905262
v 0.92589394 1.16308919 0.25629372
v 0.87546373 1.22866928 0.29435974
v 0.87545307 1.24105605 0.30299683
v 0.82044946 1.26355889 0.44533557
v 0.74456691 1.26633048 0.56076089
v 0.47236088 1.17554603 0.67175386
v 0.25047377 1.13059993 0.71118481
v -0.57109008 1.13901010 0.60850165
v -0.58945062 1.16783865 0.60963467
v -0.78554165 1.19287714 0.47442072
v -0.63462608 1.22324624 -0.60333520
v -0.08987927 1.29041782 -0.78909945
v 0.13223117 1.32545774 -0.79276448
v 0.79641618 1.33981558 -0.48085411
v 0.88296062 1.24039917 -0.24478336
v 0.88247273 1.23942297 -0.24331916
v 1.07425793 1.10470635 -0.06587729
v 0.87065008 1.24392709 0.31751029
v 0.62992867 1.26529914 0.63022701
v -0.60286551 1.19482959 0.61201502
v -0.64292559 1.22896270 0.64049101
v -0.76941430 1.21848365 0.51155692
v -0.82758854 1.16305948 0.37977645
v -0.61843906 1.22113143 -0.61360451
v 0.52703427 1.32013485 -0.69113145
v 0.75727068 1.28766982 -0.51893805
v 0.88723819 1.31737590 -0.27598239
v 0.88268175 1.25611553 -0.25339995
v 0.88198463 1.23795866 -0.24307511
v 0.89264473 1.18451309 -0.21921970
v 0.94644236 1.13853196 0.22170019
v 0.88408705 1.17451740 0.27060790
v 0.87539590 1.21453193 0.28573593
v 0.87466375 1.21843631 0.28695607
v 0.87484989 1.22118779 0.28917872
v 0.87466375 1.22648934 0.29232476
v 0.87441970 1.22746555 0.29378896
v 0.85206659 1.23029417 0.36299335
v 0.61231631 1.21465763 0.61512705
v 0.02552628 1.10698155 0.72504569
v -0.85578665 1.08219401 0.19092353
v -0.83374487 1.10013597 -0.24236988
v 0.02666999 1.31074512 -0.79633131
v 0.50936716 1.28055381 -0.68980578
v 0.84792901 1.36807800 -0.40188423
v 0.93232331 1.10890070 0.16525209
v 0.87441970 1.21941251 0.28842027
v 0.87417565 1.22234091 0.29086057
v 0.62029605 1.22033837 0.62862882
v -0.63925429 1.19429652 0.63798623
v -0.85848337 1.11563429 0.24251694
v -0.85116159 1.06968843 -0.11694540
v -0.79738469 1.13243100 -0.36285618
v -0.74222886 1.16611156 -0.47483128
v -0.68644684 1.18593128 -0.54521939
v -0.26312534 1.22388260 -0.74815531
v 0.21978296 1.29796285 -0.77580673
v 0.87979592 1.21064826 -0.22885654
v 0.88487869 1.14611894 0.24042111
v 0.60750831 1.20146155 0.61658610
v -0.52705888 1.09862183 0.61688194
v -0.60371059 1.16022362 0.63117145
v -0.79128357 1.10857216 0.40728016
v -0.83003333 1.06917275 -0.19896559
v -0.08139945 1.21754682 -0.76745158
v 0.63216635 1.32264579 -0.63609463
v 0.68037365 1.33428278 -0.60543032
v 0.88159219 1.24651675 -0.24891909
v 0.92087984 1.12383958 -0.13337856
v 0.72258760 1.25391905 0.58067814
v 0.65232269 1.23819328 0.64176570
v 0.59784907 1.18030993 0.61602630
v 0.30981270 1.09161583 0.68120593
v 0.17248540 1.06162414 0.68485015
v -0.84452718 1.14655607 0.32393996
v -0.85483407 1.05668243 -0.03529255
v -0.80964229 1.11128667 -0.31562450
v -0.74940161 1.12941839 -0.43693652
v -0.62263771 1.16089899 -0.58027557
v -0.42025577 1.21054858 -0.70007041
v 0.28593003 1.27259968 -0.75876680
v 0.68785541 1.28907864 -0.58801419
v 0.88871123 1.15722978 -0.18899904
v 0.93588949 1.08473583 0.01228934
v 0.87005962 1.21192272 0.29622330
v 0.78582179 1.26759048 0.50415763
v 0.56251919 1.12988211 0.61549508
v 0.45400863 1.13313056 0.66394895
v -0.29184936 1.08527391 0.68128696
v -0.40751636 1.09113063 0.65600041
v -0.79180224 1.13241882 0.42563229
v -0.49619098 1.18323246 -0.66038351
v 0.86429711 1.21642106 -0.28412148
v 0.87782810 1.18044584 -0.20068323
v 0.88530773 1.14163415 -0.16895263
v 0.57787541 1.14763015 0.61011555
v -0.47266635 1.07203374 0.62113936
v -0.71588009 1.16537529 0.55298691
v -0.78806406 1.15067518 0.44744274
v -0.81242829 1.03982048 0.27040487
v -0.81775443 1.00976000 -0.06523746
v -0.09369671 1.22476231 -0.77018832
v -0.04926803 1.20501163 -0.76393444
v 0.39975620 1.28020485 -0.73056755
v 0.60881767 1.31635726 -0.65076502
v 0.81430353 1.24921614 -0.42275569
v 0.85608901 1.26115642 -0.33568251
v 0.87895334 1.20008544 -0.21659617
v 0.87702916 1.17150402 -0.18797938
v 0.89058815 1.09008306 -0.04725420
v 0.87428963 1.19308288 0.26872200
v 0.37852916 1.09160787 0.66438313
v 0.21609567 1.04479348 0.66558099
v -0.35438602 1.06611180 0.65394045
v -0.59475396 1.16579482 0.62380017
v -0.61449661 1.13190884 0.63063338
v -0.76658858 1.09021206 -0.37227120
v 0.71988918 1.24269266 -0.54303275
v 0.87308198 1.16473655 0.24168449
v 0.65059965 1.21038463 0.63783265
v 0.62082391 1.20396120 0.63309882
v 0.58698109 1.16151959 0.61170609
v 0.41028480 1.10248311 0.66305456
v -0.52661022 1.09179556 0.60367607
v -0.57576011 1.13625941 0.62079491
v -0.69664514 1.06052230 -0.43442882
v -0.58856178 1.18603932 -0.61580953
v -0.38309323 1.18658296 -0.70232698
v 0.62658635 1.26710760 -0.62452617
v 0.87525791 1.15692344 -0.17223657
v 0.87230592 1.13923896 0.20785246
v 0.87197941 1.14205549 0.21081897
v 0.87149130 1.14351957 0.21496752
v 0.87214975 1.14965342 0.22271254
v 0.85773169 1.14420459 0.27587534
v 0.56498267 1.13063565 0.60804485
v 0.08935897 1.05177787 0.68358508
v -0.08759239 1.04517766 0.67916266
v -0.24435328 1.05099484 0.66616175
v -0.34551259 1.03061802 0.62779382
v -0.47737412 1.05985487 0.60581806
v -0.49325243 1.06883391 0.60489023
v -0.63799007 1.15223666 0.62225850
v -0.72642251 1.13209002 0.52347218
v -0.85138155 1.04707600 0.06226328
v -0.70055747 1.11544243 -0.48464846
v -0.60578187 1.12054685 -0.56441483
v 0.44320718 1.24172855 -0.70295918
v 0.68479450 1.26601735 -0.58463276
v 0.88496246 1.12444732 -0.14159859
v 0.87928352 1.08256159 0.06459464
v 0.88288309 1.11901664 0.19610594
v 0.87152206 1.12277430 0.17923893
v 0.87173536 1.14059118 0.20984288
v 0.87107611 1.14160362 0.21438859
v 0.78796085 1.20112957 0.47603684
v 0.69093345 1.24142627 0.61041943
v 0.60542345 1.18179388 0.62624190
v 0.38819577 1.07815144 0.65377540
v -0.43785630 1.08657963 0.64602883
v -0.51180693 1.08190381 0.60171009
v -0.52237604 1.08015100 0.61633179
v -0.78891990 1.05342570 -0.27774175
v -0.74299339 1.09810145 -0.41500641
v 0.87466375 1.14205549 -0.14887986
v 0.88151780 1.11436742 -0.12032116
v 0.88139723 1.10094339 -0.08720465
v 0.87220623 1.11357950 -0.09631148
v 0.88838227 1.08419438 0.07608758
v 0.88100465 1.10657427 0.16821134
v 0.87776329 1.11683650 0.18621796
v 0.87197941 1.11594419 0.16347741
v 0.87271156 1.11740828 0.17006613
v 0.84235016 1.17258823 0.34620750
v 0.59052261 1.13837494 0.62982030
v 0.40501892 1.06738673 0.64356646
v -0.38447171 1.02792552 0.61108342
v -0.82213236 1.05958432 0.27070043
v 0.87417565 1.14351957 -0.15278435
v 0.87417565 1.14059118 -0.14765972
v 0.87467421 1.13928315 -0.14553551
v 0.87466375 1.13693063 -0.14082694
v 0.87515185 1.13546654 -0.13985084
v 0.87663512 1.08988536 -0.03774256
v 0.87983239 1.09286950 0.12494043
v 0.87842283 1.09980484 0.14445185
v 0.87246751 1.11448010 0.16250120
v 0.24839400 1.02134529 0.63797039
v 0.06199076 1.01048309 0.64951242
v -0.54997443 1.11417769 0.60442409
v -0.56838802 1.11296061 0.62849619
v -0.80121532 1.07973368 0.35798883
v -0.81081306 0.99543271 -0.00206294
v -0.79786301 1.02864315 -0.20467909
v -0.76088571 1.03390295 -0.30166447
v -0.47101525 1.12915510 -0.64080875
v -0.34199112 1.16306608 -0.70347127
v 0.02854595 1.21680459 -0.76977669
v 0.14201278 1.24387179 -0.77250443
v 0.19976305 1.24095842 -0.76395775
v 0.78647838 1.26213628 -0.47139393
v 0.87417565 1.13741873 -0.14229113
v 0.87388357 1.10013859 -0.06383282
v 0.87197941 1.10008239 -0.05126822
v 0.87271156 1.09886213 -0.05053618
v 0.87748850 1.08273260 0.00072554
v 0.87015393 1.09049325 0.07055639
v 0.87223688 1.13215021 0.19668008
v 0.81449666 1.18745673 0.42043715
v 0.73786009 1.15346836 0.52092491
v -0.84849924 1.04571024 0.10538072
v -0.71767615 1.06775606 -0.41534801
v -0.65154009 1.12694972 -0.53636527
v -0.31537954 1.16230559 -0.71036380
v -0.12380014 1.15498836 -0.73761641
v -0.02813572 1.19317387 -0.76042652
v 0.75173533 1.20787535 -0.49119273
v 0.84721347 1.15929010 -0.27409234
v 0.86820451 1.12623122 -0.15052775
v 0.82534116 1.18984597 0.40378476
v 0.63688353 1.19969871 0.63993648
v -0.40974201 1.03475041 0.60685880
v -0.58727260 1.09625088 0.62770301
v -0.67271032 1.07988678 0.54307680
v 0.61494443 1.20592242 -0.60915470
v 0.69880804 1.16154792 -0.52216529
v 0.87160457 1.10592900 -0.07171445
v 0.54832043 1.11280944 0.60704962
v 0.52506684 1.09094266 0.60276974
v 0.50647665 1.08154516 0.61494528
v 0.36646364 1.05840910 0.64608645
v -0.75468010 1.02738118 0.38233272
v -0.22541833 1.16614141 -0.73018305
v 0.50885057 1.20397994 -0.66476216
v 0.87023314 1.09745719 0.11231188
v 0.87075154 1.10984223 0.15035435
v 0.62934158 1.15153346 0.62931078
v -0.10289553 1.01304451 0.64869384
v -0.36658127 1.02471642 0.60824428
v -0.42835210 1.04069584 0.60506734
v -0.51125696 1.06690216 0.61957423
v -0.79000692 0.97184632 0.02405393
v -0.06164203 1.15695440 -0.74219011
v 0.04656821 1.16735975 -0.74843149
v 0.28009085 1.22261448 -0.74418389
v 0.64640329 1.18244649 -0.57694109
v 0.87365751 1.13797963 -0.14498015
v 0.87360961 1.12944489 -0.13003930
v 0.77353157 1.14928857 0.46861093
v -0.26992394 1.00940936 0.61636478
v -0.44294955 1.04532292 0.60683342
v -0.46168457 1.05299791 0.60440905
v -0.55078876 1.06325601 0.62582320
v -0.73716871 1.08400778 0.47471217
v -0.74993404 1.08142153 0.45296566
v -0.79821780 1.01214880 -0.16050387
v -0.45291015 1.09597398 -0.62614803
v -0.17536711 1.13760044 -0.72228976
v -0.16263552 1.11079039 -0.70919370
v 0.10806508 1.18916273 -0.75458706
v 0.47834291 1.19568963 -0.67271397
v 0.81493724 1.19248021 -0.38107458
v 0.69207284 1.14963761 0.57013100
v 0.59708568 1.11609144 0.63149239
v 0.49994955 1.07274793 0.60342571
v 0.48299694 1.06323393 0.60199769
v 0.48348504 1.06323393 0.60199769
v 0.48090518 1.06059866 0.60823419
v 0.45893071 1.05081812 0.60552443
v -0.34720681 1.02104566 0.60854210
v -0.44398472 1.04050090 0.61291154
v -0.82920121 1.01347421 0.05752305
v -0.76269216 1.00066712 -0.23021253
v -0.44599033 1.08931354 -0.62398923
v -0.26838648 1.09934773 -0.68347233
v 0.83110892 1.21544688 -0.36831620
v 0.87069996 1.09548763 -0.03312711
v 0.85687919 1.06447761 0.08625677
v 0.83660402 1.05292625 0.19235020
v 0.80267828 1.12526399 0.39881729
v 0.79871068 1.10533984 0.39115211
v 0.48177690 1.06201368 0.60419393
v 0.25390329 1.00640879 0.61804217
v -0.29883835 1.01297050 0.61158307
v -0.33164009 1.01774681 0.60954933
v -0.79091396 1.04250045 0.33056467
v -0.73053885 1.03459954 -0.35490715
v -0.49358552 1.04175879 -0.56359916
v 0.37446934 1.19381606 -0.70808829
v 0.58419781 1.18862686 -0.61906566
v 0.86295949 1.08819302 0.14272409
v 0.62721435 1.11884364 0.61045106
v 0.61756091 1.13946177 0.63209755
v 0.39259673 1.02749590 0.61301099
v 0.12012032 1.00418461 0.63626645
v -0.11010676 1.00214044 0.63492092
v -0.69665753 1.04531435 0.48780743
v -0.82248789 1.02228069 0.17809367
v -0.78601857 0.97763676 -0.07518043
v -0.53168733 1.11533724 -0.60535980
v 0.15639558 1.15386358 -0.73414258
v 0.77528272 1.17022197 -0.43507270
v 0.87013565 1.08838991 -0.00347340
v 0.40336812 1.03293286 0.60496719
v 0.34457145 1.02001088 0.60969342
v -0.27829819 1.01059189 0.61141781
v -0.44169606 1.03556723 0.61648737
v -0.51453026 1.04035562 0.62381876
v -0.64119131 1.05792252 0.55445042
v -0.80724897 0.99503199 0.15462726
v -0.05891771 1.08577465 -0.70177206
v -0.01624403 1.13757263 -0.73353878
v 0.52234824 1.15104147 -0.63200216
v 0.78626709 1.15301921 -0.40201568
v 0.80655812 1.08133321 -0.28581037
v 0.82186000 1.09311192 0.31863234
v 0.43147455 1.04010985 0.60596325
v -0.22145692 1.00444892 0.61988939
v -0.32788656 1.01530767 0.61328502
v -0.65342459 1.07832454 -0.49641641
v -0.59803017 1.06709085 -0.52670609
v -0.48609377 1.01641517 -0.54177423
v -0.38629448 1.06809984 -0.63157539
v 0.27716866 1.15555092 -0.71463522
v 0.79466755 1.12597186 -0.36317662
v 0.86009767 1.08761825 -0.09918926
v 0.85099297 1.06835857 0.15103189
v 0.82590551 1.08565752 0.29931987
v 0.56919449 1.10549115 0.62806720
v 0.51630476 1.08305377 0.60972821
v 0.46787606 1.04303649 0.61869964
v 0.37697625 1.02557184 0.61052875
v 0.28700735 1.01183013 0.61211678
v -0.16908321 0.99999732 0.61741041
v -0.43738029 1.01211804 0.62593064
v -0.71943689 0.99541143 -0.30600290
v -0.15026842 1.06881436 -0.68212274
v 0.58393781 1.14104906 -0.59286931
v 0.83084435 1.09012386 -0.23240696
v 0.77159418 1.09831681 0.43600484
v 0.32619495 1.01683452 0.61071857
v 0.22743411 1.00513457 0.61489846
v 0.00599213 0.99582465 0.62759864
v 0.02446620 0.99514976 0.62005584
v 0.01031254 0.99514976 0.62029989
v -0.00674287 0.99486071 0.62052307
v -0.45112936 1.03254380 0.61951132
v -0.75103293 0.99868845 0.34267265
v -0.77028254 0.96978549 0.20504858
v -0.76027364 0.95176579 0.15898690
v -0.64259631 1.04439755 -0.46898583
v 0.83265217 1.16461693 -0.32621896
v 0.53933048 1.05920528 0.62538056
v 0.06563361 0.99509319 0.61979520
v 0.04327101 0.99514727 0.61982491
v 0.03009729 0.99086929 0.62555056
v 0.00582016 0.99462955 0.62046803
v -0.05754890 0.99491790 0.61829531
v -0.12477514 0.99702006 0.61864223
v -0.73518502 0.93131258 -0.04216843
v 0.10177678 1.12262023 -0.72146488
v 0.20513961 1.08866023 -0.69020284
v 0.72518299 1.07026086 0.47913990
v 0.69154226 1.13563025 0.56466619
v 0.17843773 1.00083199 0.61806137
v 0.11732407 0.99754016 0.61944106
v -0.51153589 1.03270491 0.62052177
v -0.60945883 1.01476800 0.53849649
v -0.73219927 1.02343343 0.41805202
v -0.78123273 0.96412093 0.10027211
v -0.73278300 0.98155081 -0.24966014
v -0.46110827 1.05705884 -0.59246978
v 0.55927049 1.11838495 -0.59272628
v 0.82249381 1.05986972 -0.19657167
v -0.01925667 0.98986758 0.62598727
v -0.76375549 0.95985246 0.19014780
v 0.33140389 1.11089927 -0.67688741
v 0.44358725 1.14429051 -0.66138791
v 0.61046839 1.12864487 -0.56912945
v 0.83612569 1.04714681 -0.10442658
v 0.57842199 1.08723018 0.62767889
v 0.32763921 1.01656956 0.61202272
v -0.70760647 1.00121547 0.42058764
v -0.71715534 0.92108739 -0.04618176
v -0.74320162 0.95445816 -0.13957342
v -0.66052124 0.99195541 -0.38113464
v -0.59261325 1.00312438 -0.45805338
v -0.31117299 1.08001204 -0.66141870
v 0.37872690 1.10072612 -0.65627494
v 0.66385974 1.13499775 -0.53414830
v 0.85449842 1.05926766 -0.00970111
v 0.80783111 1.03143212 0.25699045
v 0.79372394 1.04745187 0.32580088
v 0.10660286 0.99594903 0.62134855
v -0.46790913 1.01660928 0.62285262
v -0.57319379 1.04724701 -0.52650104
v -0.00805419 1.06141440 -0.68447561
v 0.03164001 1.10809173 -0.71644634
v 0.27453607 1.10489275 -0.68597693
v 0.47654409 1.08044198 -0.60664600
v 0.68151451 1.00851594 0.47237444
v 0.44700062 1.03184200 0.62006017
v -0.15635471 0.98652668 0.63107193
v -0.64653939 0.99340223 0.48335020
v -0.71256698 0.95699782 0.33006407
v -0.73906311 0.96018564 0.28236288
v -0.69966433 0.92316094 -0.12782863
v -0.63363109 0.95294349 -0.33223920
v 0.53760408 1.04798069 0.62222434
v -0.51180783 1.02072039 0.60697623
v -0.56958861 1.03258026 0.58559369
v -0.63749160 0.98547651 -0.39187067
v 0.71686435 1.11262861 -0.46541412
v 0.78586781 1.01417427 -0.20409480
v 0.49412303 1.06059985 0.62261729
v -0.74755756 0.93388543 0.08416016
v -0.69860546 0.90251528 0.04460868
v -0.69749074 0.94919181 -0.22878379
v -0.58389722 0.97607460 -0.42330489
v -0.25467157 1.06552630 -0.66394416
v 0.65439685 1.08506409 -0.50212063
v 0.78855855 1.04358777 -0.25868880
v 0.81401587 1.02528279 -0.13236417
v 0.58147464 1.05143718 0.59470219
v 0.50185510 1.03555845 0.62520701
v -0.06312266 0.98514497 0.63030531
v -0.70113449 0.90925148 0.15869576
v -0.52129413 0.98386427 -0.48128312
v -0.36482556 1.03245439 -0.60654019
v -0.10698126 1.03206906 -0.65619659
v 0.72706245 1.07967871 -0.42016986
v 0.77253090 1.01247340 0.31686700
v 0.76311207 1.03082125 0.37213364
v 0.69885317 1.01438542 0.45271598
v -0.69171098 0.95928701 0.37494600
v -0.41470814 0.99859113 -0.55175520
v 0.13411927 1.07999263 -0.69195829
v 0.40061904 1.06123162 -0.61929649
v 0.63045558 1.02453699 -0.45708076
v 0.81857931 1.02211815 -0.09944734
v 0.81282321 1.00011986 -0.01430099
v 0.46406110 1.01137137 0.62149146
v -0.70215222 0.94095477 0.31030916
v -0.68313007 0.96297411 -0.29077631
v 0.36701891 1.07228859 -0.64059578
v 0.76325619 0.99306035 0.30066919
v 0.62351718 1.03709037 0.55141964
v 0.04230738 0.96490346 0.63857736
v -0.66168564 0.96751844 0.42958036
v 0.55131636 1.07160105 -0.56341927
v 0.76519548 0.97928372 -0.16381129
v 0.38783923 1.00091126 0.62590647
v -0.27181869 0.97562466 0.63110733
v -0.55565385 0.97339340 0.53033480
v -0.58632719 0.97389495 0.50955018
v -0.72624726 0.93641040 0.23186034
v -0.70384322 0.90721090 0.09049148
v 0.01808421 1.01926979 -0.64873617
v 0.63595262 1.04822166 -0.47970659
v 0.70172437 1.03152673 -0.39075080
v 0.72260755 0.98005549 0.36584211
v -0.63832383 0.93712412 -0.28819987
v -0.53057588 0.96786576 -0.45208498
v -0.25031305 1.00556568 -0.61105230
v 0.29788186 1.01822818 -0.61367453
v 0.55310680 1.05210206 -0.54274310
v 0.67290171 0.98062550 -0.34612985
v 0.81519357 0.99937230 0.05340787
v 0.80719749 0.99494657 0.11723230
v 0.66741037 1.06521594 0.54137278
v 0.49795345 1.02519191 0.62027001
v -0.52423401 0.94735237 -0.42333857
v -0.44214201 0.98214370 -0.52045922
v 0.44197572 1.00937006 0.62430674
v -0.69209658 0.92249477 0.27212279
v -0.61395755 0.92405560 -0.28406321
v 0.09462624 1.06150405 -0.68331881
v 0.22410344 1.05357226 -0.65894802
v 0.23014191 1.02551914 -0.63383401
v 0.76324433 1.05133393 -0.33023055
v 0.59967991 0.98244597 0.51314712
v 0.26023235 0.98317650 0.63415094
v -0.09812062 0.96079082 0.63728932
v -0.20603186 0.96539155 0.63259682
v -0.44723234 0.99920893 0.61440096
v -0.56746548 0.93752064 0.47111641
v -0.60435537 0.94360451 0.45205647
v -0.70467913 0.91237389 0.17971021
v -0.58946258 0.93520367 -0.34192455
v 0.76144837 1.00670109 -0.24834763
v 0.40088472 0.99325565 0.62343205
v 0.14400123 0.97032996 0.63656675
v -0.53731441 0.94252214 0.49953428
v -0.67710608 0.89430347 0.14092099
v -0.65735857 0.91055224 -0.17371034
v 0.79502809 0.98870045 0.17730883
v 0.75919034 0.95909949 0.21748950
v -0.47700147 0.96268766 -0.47627022
v -0.25783602 0.95682580 -0.55271278
v -0.16861789 1.00224881 -0.62281265
v -0.10904991 0.99755752 -0.62311386
v 0.76689790 0.96909808 -0.11816681
v 0.72762908 0.96431995 0.31705383
v 0.63777821 0.94735161 0.42793608
v -0.34477554 0.98084450 0.62480460
v -0.50930561 0.89151143 0.43076145
v -0.10775647 0.95780189 0.63574001
v -0.27383609 0.97427213 0.63160444
v -0.42568563 0.93968142 0.54942568
v -0.50228822 0.92948622 0.50122830
v -0.66004406 0.92833678 0.35463969
v -0.66329250 0.88647598 0.15296869
v -0.33057651 0.97127379 -0.55200704
v -0.05067277 1.01075241 -0.64095189
v 0.48566700 1.02494706 -0.55053733
v 0.77699888 0.96475526 -0.03926674
v 0.67174581 0.95427847 0.39734412
v -0.58731480 0.90163038 -0.25104673
v 0.06831826 1.01591821 -0.64526203
v 0.16846164 1.01084266 -0.62955206
v 0.37852044 1.00111188 -0.57053315
v 0.71343706 0.95862784 0.33440602
v 0.51999622 0.95279939 0.52618948
v 0.30969743 0.97863868 0.62972297
v -0.38279763 0.92082401 0.53899886
v -0.64424978 0.89567397 0.27543491
v -0.63935138 0.87886407 -0.04341605
v -0.57176896 0.86984619 -0.14492246
v -0.39662402 0.96000199 -0.51183685
v 0.58099366 0.93285248 0.45622568
v 0.06557842 0.95730493 0.63712936
v -0.63308213 0.87145963 0.08607562
v -0.62157996 0.90614302 -0.22011878
v -0.52922497 0.90310833 -0.32044004
v 0.71412424 1.00788691 -0.33999191
v 0.76767044 0.95115931 0.02416653
v 0.76764391 0.95397344 0.12254152
v -0.56435293 0.89481634 0.39051753
v -0.57984990 0.85220011 0.09539065
v -0.59289916 0.85943874 -0.00255111
v -0.59535160 0.86468671 -0.05411895
v -0.36782501 0.93310522 -0.47934185
v 0.66330189 1.01282223 -0.41014901
v 0.73063850 0.98085532 -0.25524800
v 0.16099782 0.95972563 0.63292250
v -0.28168610 0.93564520 -0.51417143
v 0.01903729 0.97431904 -0.60298454
v 0.10538054 0.98200834 -0.60765519
v 0.21048671 0.96322889 -0.56988870
v 0.71277441 0.95721459 -0.22434472
v 0.73631757 0.93236378 -0.03274867
v 0.33297751 0.96631578 0.61263244
v -0.00642255 0.94836433 0.62773010
v -0.12505347 0.91037307 0.57358689
v -0.22545970 0.92327197 0.57809870
v -0.49241106 0.90672685 0.46908568
v -0.55061298 0.87017649 -0.17960306
v -0.10163993 0.96313263 -0.58433500
v 0.74204945 0.94194840 0.19650386
v 0.54184558 0.92360699 0.46953185
v 0.46435609 0.94795209 0.54745981
v -0.55459950 0.90298417 0.41793854
v -0.44965024 0.88452538 -0.33431908
v -0.18717479 0.91704871 -0.50515124
v 0.70480299 0.91704584 0.21251935
v 0.54107476 0.95132750 0.51426446
v 0.29150018 0.92178702 0.56412653
v -0.57127433 0.87119175 0.30996492
v -0.48882509 0.87431420 -0.26572633
v 0.28725425 0.97241271 -0.56359941
v 0.72412261 0.92431800 0.16553809
v 0.39556687 0.94250143 0.56481801
v -0.28667624 0.90551807 0.54410689
v -0.59282465 0.89803407 0.36771711
v -0.15128342 0.92036838 -0.51932657
v 0.39211295 0.97369323 -0.53186604
v 0.47900751 0.98663193 -0.50978205
v 0.57223318 0.97938416 -0.44075985
v 0.71231035 0.92512570 -0.09849512
v 0.68798492 0.92751734 0.30336902
v 0.63140569 0.91275233 0.35891620
v 0.02085043 0.89483439 0.55704827
v -0.52112500 0.83843291 -0.00439774
v -0.30800542 0.91895391 -0.47716676
v 0.09206890 0.94067199 -0.55463342
v 0.54144365 1.00289786 -0.49763486
v 0.70177672 0.90680985 0.14148308
v 0.47384835 0.90124744 0.47186135
v 0.31929566 0.90622618 0.53644583
v 0.25116901 0.91410659 0.56159105
v 0.09538276 0.90767671 0.57159142
v -0.59893869 0.87017965 0.24767440
v -0.56569157 0.85106681 0.19606583
v -0.54371981 0.85737282 -0.13130505
v -0.01671790 0.94620033 -0.56638003
v 0.61098957 0.95758073 -0.36937896
v 0.68204986 0.93246296 -0.20560561
v 0.70646628 0.93443534 -0.16185581
v 0.72080354 0.91840668 0.01066343
v -0.33110233 0.90521097 -0.44343701
v 0.34236739 0.94745971 -0.51282906
v 0.51874497 0.95193314 -0.43370552
v 0.63754859 0.90838287 -0.20302622
v -0.35204728 0.89951769 0.51597805
v -0.54659450 0.86131546 0.29625688
v -0.53855606 0.85113698 0.25635382
v -0.54065254 0.84023046 0.09872603
v -0.43838472 0.90450905 -0.38973533
v -0.26593066 0.92285652 -0.49898574
v 0.39006294 0.93843848 -0.48094106
v 0.68103391 0.93855000 -0.23043274
v 0.69066849 0.90286406 -0.02836504
v 0.76049478 0.94450795 0.09649687
v 0.16772492 0.92714848 0.59076440
v 0.18318206 0.91785107 -0.50830620
v -0.13825676 0.87713564 0.52556172
v -0.47009367 0.82952909 -0.03444629
v -0.35689710 0.87276562 -0.35515241
v 0.44890576 0.93555211 -0.44590330
v 0.62566794 0.93164030 -0.29408137
v 0.65790340 0.90158237 0.27524192
v 0.13849830 0.88847713 0.54056124
v -0.52799904 0.84075373 0.19484464
v -0.37815620 0.81641592 -0.04905900
v -0.34893493 0.90112064 -0.42827911
v -0.04491232 0.90760490 -0.50813026
v 0.49457573 0.92165858 -0.39302246
v 0.59242076 0.89569979 -0.22714831
v 0.58928174 0.91404437 0.41400199
v -0.46562919 0.85709364 0.37604175
v -0.45089141 0.83365026 -0.10587738
v -0.45131440 0.86910206 -0.28184605
v 0.52651085 0.89345220 0.42207158
v -0.38992519 0.87743133 0.46536050
v -0.49763087 0.87188824 -0.25574050
v 0.17243210 0.94497815 -0.55249985
v 0.37393677 0.91787547 -0.45102172
v -0.30520037 0.87903771 0.49540664
v 0.30101388 0.94239820 -0.51970518
v 0.64446203 0.88319013 0.21301949
v -0.34673594 0.84853784 0.41362524
v -0.45534360 0.82165317 0.08994463
v -0.40332545 0.83568891 -0.17716262
v -0.24266082 0.88209984 -0.42334960
v 0.01844757 0.90318504 -0.49830395
v 0.50412571 0.88608690 -0.29602258
v 0.42213003 0.89674904 0.48913186
v -0.11123780 0.85860203 0.49268295
v -0.37345212 0.84910653 -0.26560612
v -0.18307997 0.87316761 -0.41683613
v 0.10233773 0.91136146 -0.50691695
v 0.59736671 0.88211542 0.31446184
v -0.31528789 0.81306395 -0.10542862
v 0.54905032 0.91650315 -0.33642998
v 0.65373234 0.90105052 -0.14470449
v 0.65004523 0.87888988 0.10245509
v 0.49934497 0.87435663 0.39362560
v 0.25700437 0.88365237 0.51626969
v -0.40661195 0.81400283 0.06342811
v -0.32657779 0.83652751 -0.24005564
v 0.43645875 0.87171370 0.43002311
v 0.12849335 0.87024734 0.51222030
v -0.47606054 0.84631599 0.31856412
v -0.32703290 0.80593422 -0.01614184
v -0.25310196 0.86346836 -0.37488396
v -0.01051720 0.88863083 -0.47014298
v 0.66141343 0.88333099 0.06217675
v -0.10293152 0.84503801 0.46211350
v 0.27097870 0.90253078 -0.45847456
v 0.35557910 0.89141700 -0.40400257
v 0.61952730 0.87301551 -0.05603601
v 0.03044958 0.84285557 0.45926164
v -0.29740076 0.85383825 0.44879343
v -0.44463866 0.82008596 0.13985043
v -0.32403849 0.80583634 -0.01618251
v 0.58026146 0.85034006 0.10544305
v 0.57148279 0.86215682 0.26387578
v 0.05039321 0.85625380 0.48951463
v -0.31687897 0.80329282 0.07546643
v -0.31878317 0.80382456 -0.04170292
v -0.30861048 0.80648592 -0.08500139
v 0.53206680 0.86333588 0.32903882
v -0.29908754 0.79897370 0.10282594
v -0.32116581 0.79598670 0.00631600
v 0.51250355 0.90286076 -0.33906038
v 0.46089153 0.88583096 -0.32655177
v 0.52297434 0.85258516 0.29280601
v 0.35701773 0.86276471 0.44626735
v -0.09930788 0.83289600 0.42767868
v -0.28484759 0.79929885 0.13052246
v -0.31002828 0.79942995 0.07038332
v 0.45843143 0.85104602 0.35688134
v 0.29280492 0.85944644 0.46223112
v 0.07556239 0.83833716 0.44756119
v -0.32324346 0.83129425 0.36347540
v -0.38064629 0.81151125 0.15819656
v -0.32595945 0.77942814 0.01803599
v -0.29096625 0.80628619 -0.12424384
v -0.19267383 0.84421084 -0.32991248
v 0.00877525 0.86852138 -0.42590450
v 0.18532109 0.88809310 -0.45110188
v 0.55796495 0.86803413 -0.15782921
v -0.42919540 0.82546166 0.24720533
v -0.32595945 0.77942814 0.02194048
v -0.32595945 0.77942814 0.01657179
v -0.32595945 0.77942814 0.01388755
v -0.32329663 0.78349658 -0.03497323
v -0.32571551 0.78186822 -0.02930569
v -0.25385902 0.84379020 -0.30805071
v -0.07591490 0.86498804 -0.41459261
v 0.57427600 0.85364216 0.19469769
v -0.39705630 0.82628445 0.29506903
v -0.35332486 0.80825097 0.15535583
v -0.32595945 0.78211249 -0.03369817
v -0.32327522 0.78211249 -0.04785183
v 0.60304445 0.86292804 -0.01840898
v 0.49633991 0.83606554 0.22091778
v 0.25145768 0.83520312 0.40777988
v -0.18597058 0.82273508 0.38068054
v -0.30697180 0.80869604 0.23641647
v -0.31883483 0.77805435 0.05552837
v -0.32614526 0.78144175 -0.02543397
v -0.32620350 0.78333253 -0.03467427
v -0.32423234 0.78346710 -0.04036696
v -0.32327522 0.78211249 -0.04321530
v -0.32327522 0.78211249 -0.04931603
v -0.28855123 0.78379469 -0.13602722
v 0.29340127 0.87723736 -0.39471142
v 0.42616049 0.83019755 0.28658288
v -0.18672338 0.83188913 0.41445946
v -0.26267698 0.79466735 0.15402680
v -0.32651510 0.79367049 -0.04986963
v 0.34120418 0.83561337 0.37123597
v -0.31244269 0.77618624 0.07848981
v -0.32618032 0.78358573 -0.03475276
v -0.27783284 0.81349802 -0.15066994
v 0.10619872 0.85006775 -0.36841301
v -0.25725733 0.80064536 0.18303750
v -0.23308860 0.79752878 0.18852741
v -0.30523858 0.77531366 0.09570529
v -0.31286443 0.78341814 -0.08312709
v -0.07165340 0.84020286 -0.33999201
v 0.52043477 0.84750715 -0.09896803
v 0.51254883 0.83942695 -0.04181532
v 0.54057993 0.84015676 0.04182249
v 0.23284484 0.82422595 0.36978554
v 0.11715988 0.82395117 0.39583401
v -0.29371582 0.77742337 0.11512204
v -0.30376725 0.78363995 -0.10856714
v -0.24323760 0.80928594 -0.18371235
v 0.03548807 0.84602503 -0.36077631
v 0.19288729 0.86666761 -0.39676951
v -0.11791545 0.81289758 0.35526878
v -0.32392441 0.78345767 0.03077922
v -0.42028689 0.78325852 0.07170241
v -0.41999970 0.75913231 0.20744271
v 0.11333788 0.28412152 0.73470254
v 0.25427570 0.16191096 0.75527735
v 0.34184101 -0.36716372 0.85166546
v 0.34918608 -0.35704357 0.83253716
v 0.23914532 -0.48083935 0.91984603
v 0.45124293 -0.85342184 0.89536536
v 0.64650700 -1.28909300 0.70449897
v 0.76963916 -1.55425149 0.39090484
v 0.84263666 -1.54895811 0.28042411
v 0.84254366 -1.60059597 0.15508196
v 0.89040816 -1.58094242 -0.01649033
v 0.95660301 -1.50491624 -0.12421137
v 0.90118003 -1.56132767 -0.21065197
v 0.93891586 -1.31572986 -0.58860537
v 0.89784568 -1.27779790 -0.66322594
v 0.84441570 -1.18934855 -0.76866232
v 0.83158058 -1.16932674 -0.78189662
v 0.79118036 -1.08275668 -0.83194692
v 0.77083414 -1.08795591 -0.84847473
v 0.22432559 -0.46985397 -1.08848670
v -0.42893159 0.78912004 -0.07178857
v -0.32004112 0.78550394 -0.05845638
v -0.20909809 0.81614042 -0.21588590
v -0.14305647 0.81778443 -0.25077306
v -0.08150833 0.82066196 -0.27194456
v 0.44803503 0.85360783 -0.22639115
v -0.17268686 0.79422174 0.22394378
v -0.26822525 0.77693574 0.15366086
v -0.28316566 0.77310631 0.13600533
v -0.31294255 0.78340678 0.07063364
v -0.32828920 0.79122692 0.02163533
v -0.12638238 0.47571910 0.66247987
v -0.11055281 0.35108192 0.72210430
v 0.39542932 -0.26661844 0.83584503
v 0.61044057 -1.14862637 0.77865584
v 0.72785447 -1.34496209 0.61467939
v 0.77304880 -1.41817322 0.52733815
v 0.76348103 -1.48052919 0.48076695
v 0.84576869 -1.50300346 0.35176850
v 0.87680837 -1.54122285 0.22094903
v 0.95521634 -1.50063259 0.03461088
v 0.88115348 -1.25818229 -0.69097522
v 0.78664154 -1.01164923 -0.85908842
v -0.16916821 0.56166798 -0.74555374
v -0.29116498 0.72736145 -0.51536246
v 0.00716182 0.82313247 -0.28371697
v 0.49242209 0.83018840 0.15121595
v 0.01960229 0.82003987 0.39045854
v -0.24912170 0.80690750 0.26057266
v -0.18447035 0.78812307 0.21734536
v -0.19958552 0.57037423 0.58991221
v -0.18024213 0.39015586 0.69696134
v -0.03292513 0.33605183 0.73467918
v 0.28561637 0.16980882 0.75022217
v 0.30048127 0.01009122 0.78748848
v 0.30228595 -0.56721740 0.91273249
v 0.36531867 -0.73967863 0.91867345
v 0.46879440 -0.81531284 0.88660500
v 0.61301255 -0.96637325 0.80975973
v 0.71999020 -1.19868206 0.68783832
v 0.95003973 -1.50885123 -0.17008217
v 0.92964167 -1.30905691 -0.60179443
v 0.92530904 -1.30592103 -0.61683138
v 0.86105149 -1.21704841 -0.74446526
v 0.82970457 -1.17535658 -0.77589336
v 0.76953283 -0.97709668 -0.86183507
v 0.77307874 -1.00368848 -0.85105265
v 0.58107546 -1.07130014 -0.98501102
v 0.08466461 -0.00336806 -1.00198049
v -0.41523535 0.77606806 -0.28445009
v -0.33542337 0.79532355 -0.05834410
v -0.31905308 0.79388264 -0.07718808
v 0.40261265 0.84803127 -0.24394666
v -0.25460711 0.77568002 0.16820669
v -0.30419361 0.78652659 0.10900080
v -0.28989880 0.73956393 0.33360014
v -0.32231590 0.69550723 0.41442306
v 0.02793802 0.30291484 0.70907069
v 0.05827217 0.29584868 0.70159312
v 0.34145950 -0.39108818 0.88049782
v 0.92751967 -1.51269410 0.13802451
v 0.92725197 -1.49876370 -0.34623835
v 0.81902767 -1.13174727 -0.80772465
v 0.80641477 -1.10024283 -0.82351833
v 0.76285949 -0.92256178 -0.87537895
v 0.76436265 -0.95659494 -0.86071282
v 0.76436265 -0.96001144 -0.86071282
v 0.76436265 -0.96001144 -0.86168892
v 0.77494904 -0.95238472 -0.87243598
v -0.04997466 0.27936396 -0.90563990
v -0.18679554 0.63358492 -0.67765128
v -0.26946776 0.78557434 -0.16184422
v 0.22222157 0.84874062 -0.33801945
v 0.32346267 0.87165754 -0.37173717
v 0.43578253 0.84027187 -0.17598449
v -0.28524571 0.78377947 0.13796671
v -0.34343840 0.73212554 0.32958020
v -0.24495843 0.61700371 0.53751606
v -0.10143137 0.31290243 0.73033208
v 0.09685662 0.28920335 0.70128995
v 0.18526710 0.26139143 0.70775431
v 0.41961334 -0.05579688 0.78638165
v 0.28542429 -0.45932438 0.90760357
v 0.33001714 -0.41954463 0.89151890
v 0.54739772 -0.85718950 0.85254805
v 0.71228263 -0.99394373 0.73967108
v 0.60509810 -1.04688300 0.80442434
v 0.80030606 -1.34943596 0.55198994
v 1.02953985 -1.35997361 -0.34730341
v 0.96245829 -1.34200819 -0.53740563
v 0.96340238 -1.33257095 -0.53738591
v 0.89668019 -1.26762406 -0.68430426
v 0.75726265 -0.89173017 -0.87597036
v 0.76604470 -0.96268882 -0.86240857
v 0.50046472 -0.93106507 -1.04118540
v 0.23060402 -0.32573324 -1.05977075
v 0.01795944 0.20217437 -0.93566333
v -0.15714346 0.52716306 -0.77268584
v -0.35132014 0.74783277 -0.43759335
v -0.45601002 0.78435426 -0.15282923
v -0.44261056 0.78841567 -0.09167458
v -0.40148042 0.79224121 -0.07297417
v -0.00684272 0.81341916 -0.27122153
v 0.43792576 0.83312872 -0.12026016
v 0.44690843 0.82014762 0.11337411
v 0.44683350 0.82269086 0.19224963
v -0.23671338 0.77038573 0.18687575
v -0.41005030 0.77598080 0.13581818
v -0.27298223 0.65847947 0.48301879
v 0.15180787 0.27583322 0.70815273
v 0.23571207 0.22861679 0.73946738
v 0.42406041 -0.14973697 0.80635635
v 0.41521789 -0.21105131 0.81812798
v 0.39392632 -0.28185449 0.80478590
v 0.38295609 -0.30531963 0.81248606
v 0.36838236 -0.32968435 0.82261250
v 0.44395790 -0.74859687 0.89210881
v 0.78730163 -1.26997804 0.60823635
v 0.82373404 -1.44184819 0.45388986
v 0.98425203 -1.46984118 -0.08618104
v 1.00390023 -1.35622457 -0.42981278
v 0.80688868 -1.08720181 -0.83046500
v 0.77279402 -1.00789604 -0.86025364
v 0.75059308 -1.00044272 -0.87700872
v 0.66105619 -1.00282188 -0.94116299
v 0.18305465 -0.22417731 -1.04751431
v -0.04331704 0.35777525 -0.87313656
v -0.10290420 0.50346329 -0.79422681
v -0.13991547 0.63210501 -0.68754085
v 0.40668889 0.81756278 -0.02784872
v 0.38721066 0.81775875 0.23749568
v -0.17903187 0.80940720 0.31453746
v -0.25955860 0.68851565 0.44546591
v 0.16771138 0.26721095 0.70204951
v 0.16795543 0.26721095 0.70204951
v 0.16844353 0.26721095 0.70204951
v 0.16668546 0.26831139 0.70314246
v 0.39392632 -0.28331879 0.80478590
v 0.39392632 -0.28453883 0.80478590
v 0.29857167 -0.43914685 0.90051870
v 0.61328385 -1.11385882 0.78700739
v 0.83204135 -1.48604876 0.39545314
v 0.95148716 -1.50163191 -0.21407226
v 0.99931113 -1.34837667 -0.44530406
v 0.94486354 -1.32078874 -0.57666490
v 0.92283744 -1.29876599 -0.63251775
v 0.87353547 -1.23850767 -0.72192524
v 0.86188028 -1.21281071 -0.74792237
v 0.02381534 0.32302252 -0.88885390
v -0.21440851 0.69378461 -0.59746899
v -0.38256377 0.76807963 -0.35511508
v -0.29098291 0.79581470 -0.13978093
v -0.20849700 0.78735541 -0.21497648
v 0.49237104 0.82783016 0.11806017
v 0.00259687 0.80191055 0.29738973
v -0.28793317 0.78516485 0.14370246
v -0.34144193 0.77879841 0.16833178
v -0.23805212 0.72343871 0.38748431
v 0.04901963 0.31625542 0.72778066
v 0.39437539 -0.28268243 0.80519108
v 0.66034795 -1.08227669 0.76210489
v 0.69176048 -1.11308097 0.73282658
v 0.85494916 -1.41460368 0.44235297
v 0.94204895 -1.31214021 -0.60144718
v 0.32195912 -0.44938254 -1.06010273
v -0.30582052 0.79501304 -0.11262445
v -0.25152476 0.78582218 -0.18277023
v -0.22795916 0.78439433 -0.20316630
v 0.15812471 0.82230732 0.38569465
v -0.23867505 0.78290829 0.19150846
v -0.14331807 0.61731251 0.55605009
v 0.10141263 0.29374132 0.71323813
v 0.13453508 0.28074574 0.70427560
v 0.42143591 -0.19730746 0.81293451
v 0.40739171 -0.24576934 0.82447747
v 0.40112662 -0.26752236 0.79985428
v 0.32215610 -0.48148293 0.89830760
v 0.74705651 -1.08599186 0.69959881
v 0.97866545 -1.33977612 -0.49944380
v 0.44152910 -0.74104846 -1.05850731
v 0.35539113 -0.56150823 -1.06877685
v 0.14185378 -0.03471597 -1.00549357
v -0.03122232 0.41739699 -0.84641379
v -0.24771637 0.74674073 -0.48876527
v -0.27279638 0.79678162 -0.16697123
v -0.12490536 0.78642266 -0.25715190
v -0.14180322 0.80058427 0.26075127
v -0.19588420 0.77068088 0.21560850
v -0.09956482 0.56100204 0.60936653
v 0.03432348 0.33722631 0.73377609
v 0.27916418 0.20023503 0.74069672
v 0.34533272 0.12594099 0.75281355
v 0.40842956 -0.24642005 0.79642855
v 0.40492103 -0.25811245 0.79741974
v 0.80012369 -1.22504164 0.61775778
v 0.91512080 -1.44992054 0.31143345
v 0.90001062 -1.49545579 0.26408672
v 0.76418005 -0.94865852 -0.86550498
v 0.73756801 -0.95622158 -0.89042773
v 0.58214254 -0.95298105 -0.99576456
v -0.10824098 0.79306006 -0.25797655
v -0.05307990 0.80989805 -0.26760323
v 0.39962324 0.82111815 -0.07410617
v 0.32877222 0.81842291 0.29888389
v 0.24718271 0.81211620 0.30368937
v -0.32133420 0.76342501 0.25263259
v -0.13719236 0.72775003 0.40043780
v 0.42341305 -0.20161039 0.78586381
v 0.43702307 -0.57238258 0.87320018
v 1.01519948 -1.42012001 0.04391909
v 1.03149687 -1.40421484 -0.12766940
v 1.00880889 -1.35078383 -0.41240268
v 0.98922892 -1.34595235 -0.47410207
v 0.96414817 -1.32710051 -0.55858013
v 0.85234890 -1.19579839 -0.76290958
v 0.91669023 -1.09241044 -0.75435151
v 0.74755660 -0.92990069 -0.88499941
v 0.07638490 0.22199432 -0.92562249
v -0.08012020 0.55338625 -0.76379503
v -0.16159535 0.60254047 -0.71513825
v -0.22699428 0.65946154 -0.64283203
v -0.32893833 0.78837742 -0.29352389
v -0.26398852 0.79618707 -0.17606196
v 0.14652060 0.81915109 -0.24836819
v 0.32709021 0.81656484 -0.11890722
v 0.27344489 0.80885816 0.26055163
v -0.10926816 0.79467867 0.25041654
v -0.16814855 0.77012031 0.22841992
v -0.25905310 0.73768127 0.34956281
v -0.20854666 0.70441858 0.43143761
v 0.06952509 0.30649630 0.72217463
v 0.30930739 0.16893739 0.74645385
v 0.41142502 -0.23953238 0.79061556
v 0.51824326 -0.66799336 0.85100627
v 0.61660541 -0.88510258 0.81170833
v 0.71083310 -1.15651045 0.70823981
v 0.92707313 -1.34026830 0.42806517
v 0.86273281 -1.46914246 0.37115752
v 0.96227658 -1.32857996 -0.55274191
v 0.82815341 -1.08220129 -0.81809673
v 0.87636844 -0.96817151 -0.81407863
v 0.79906070 -0.82253359 -0.86860339
v 0.75360202 -0.96703573 -0.87764342
v 0.36736516 -0.39784844 -1.03648254
v -0.24355745 0.79747329 -0.19645394
v -0.20150518 0.77908404 0.21602204
v 0.06678341 0.34571344 0.72814801
v 0.15307101 0.29119760 0.72824277
v 0.39455551 0.03531710 0.76845313
v 0.41898020 -0.21533727 0.78222919
v 0.36293183 -0.37263827 0.87153237
v 0.58452157 -0.85142730 0.83072907
v 0.84071612 -1.19706859 0.59315947
v 0.92248918 -1.48522040 0.23188620
v 1.03477041 -1.35742520 -0.32092612
v 1.00382347 -1.34997153 -0.43584474
v 0.97140259 -1.33683964 -0.51860772
v 0.81571064 -1.00380559 -0.84406038
v 0.30678076 -0.29749883 -1.03679533
v 0.28627855 -0.12835426 -1.00352185
v 0.16022084 0.07100057 -0.96944588
v -0.14233835 0.72188445 -0.56649736
v -0.26923057 0.77041311 -0.41384586
v -0.26073487 0.78196804 -0.36978199
v -0.17573419 0.78762860 -0.23628075
v 0.32378198 0.80828605 -0.03761787
v -0.32727512 0.74616863 0.30424902
v -0.16402770 0.65085417 0.51707787
v 0.25154520 0.22191571 0.70749726
v 0.40790365 -0.25289145 0.79703301
v 0.86234633 -1.23975390 0.55957802
v 0.94611071 -1.42656019 0.28342621
v 0.92101805 -1.53409085 0.08282200
v 1.04004873 -1.36353167 -0.27953371
v 0.92160032 -1.28348782 -0.65342882
v 0.91143184 -1.20477738 -0.70852517
v 0.83678817 -1.16889481 -0.78472383
v 0.75812581 -0.92047108 -0.87537856
v 0.56755092 -0.85769646 -1.00475015
v -0.12128627 0.67717418 -0.63879051
v -0.14853122 0.79029533 -0.24464260
v 0.02114429 0.80808494 -0.27031402
v 0.19550082 0.81798963 -0.22509116
v 0.02184161 0.79688942 0.26853404
v -0.05935597 0.62239693 0.55922563
v 0.01563495 0.40314055 0.70453796
v 0.42522595 -0.17877157 0.77056862
v 0.39546212 -0.31480599 0.84616530
v 0.64207054 -0.79442389 0.79363766
v 0.75865797 -0.91395232 0.71199722
v 0.78931119 -1.18212856 0.64372984
v 0.93282735 -1.39480711 0.35631405
v 0.96238200 -1.44693356 0.20276756
v 1.01156125 -1.34893931 -0.42910896
v 0.93340515 -1.24493580 -0.66442986
v 0.75451173 -0.88292238 -0.87825065
v 0.38054326 -0.39180013 -1.03086751
v 0.12377050 0.12183392 -0.95766193
v 0.06937699 0.41109622 -0.84690707
v -0.06634188 0.69195770 -0.62401199
v -0.15009861 0.75700255 -0.48883516
v -0.17842494 0.79865467 -0.24133249
v -0.14166924 0.79133774 -0.24875631
v -0.12225381 0.79804425 -0.26250346
v 0.38129884 0.81095753 0.13465930
v 0.10732401 0.80408354 0.30094764
v -0.17878087 0.77715200 0.24985496
v -0.13184198 0.77628861 0.26451736
v -0.11483374 0.68540132 0.47921351
v -0.04259693 0.58347546 0.59462120
v 0.28151600 0.19785022 0.70922070
v 0.42724341 -0.08508006 0.78414912
v 0.44843657 -0.18495848 0.80428571
v 0.55698748 -0.79918142 0.84432377
v 0.77217076 -1.01527584 0.69232432
v 0.77653953 -1.02644537 0.68582688
v 0.80659758 -1.12327901 0.64185038
v 0.85669937 -1.22450167 0.56557751
v 0.90023558 -1.32315031 0.47292373
v 0.98975495 -1.46322548 -0.02138095
v 1.02924786 -1.40823734 -0.08381420
v 1.00222119 -1.43301146 -0.22980809
v 1.02777884 -1.38308673 -0.28759537
v 1.04385334 -1.35660816 -0.25845887
v 1.01807014 -1.35360071 -0.38890430
v 0.75244067 -0.84656164 -0.87651152
v 0.51041365 -0.77707257 -1.03072441
v 0.47525172 -0.52628224 -1.01612653
v 0.35760364 -0.32099506 -1.02581836
v 0.20031717 -0.08740567 -1.01223673
v -0.04797350 0.61714476 -0.71295246
v -0.26148917 0.79252696 -0.30566304
v -0.31441433 0.79685488 -0.19668073
v -0.22218670 0.79817232 -0.21443464
v -0.01464043 0.78927183 -0.27413798
v -0.07876254 0.77085092 0.25756956
v -0.14674005 0.76840170 0.23837189
v 0.38084729 -0.36280177 0.86794737
v 0.39450567 -0.40605481 0.86493073
v 0.71489631 -0.86533924 0.74566185
v 0.77117356 -0.96875033 0.70282486
v 0.82131757 -1.15923605 0.61992384
v 0.82479015 -1.16859279 0.60844845
v 0.88612068 -1.26505841 0.52348563
v 1.04811781 -1.35793301 -0.24133860
v 1.04548409 -1.35631479 -0.24063482
v 1.04524004 -1.35631479 -0.24600351
v 0.99043161 -1.34112383 -0.49215808
v 0.96856483 -1.32335724 -0.55708659
v 0.98676633 -1.23566697 -0.60928174
v 0.86963982 -0.93086762 -0.82368350
v 0.74973380 -0.78907484 -0.87972707
v 0.00913256 0.47865886 -0.81367992
v -0.07641574 0.79596347 -0.26414203
v -0.03931935 0.78894103 -0.27422298
v 0.31862453 0.80251845 0.06350457
v 0.30925417 0.80087363 0.07574089
v 0.19708080 0.79725253 0.21365544
v -0.09240022 0.74192494 0.37516458
v 0.09570350 0.32488387 0.73506696
v 0.31967937 0.16901380 0.73385577
v 0.37356750 0.08636096 0.72313039
v 0.46248475 -0.65973069 0.87506114
v 0.75118498 -0.84019321 0.71010255
v 0.75118498 -0.83091992 0.71010255
v 0.75118498 -0.83628861 0.71010255
v 0.75118498 -0.84678194 0.71010255
v 1.04670435 -1.35729078 -0.23990277
v 1.02200478 -1.35474243 -0.37142404
v 0.51569060 -0.64116914 -1.01384621
v 0.42291808 -0.46640723 -1.02820708
v -0.03699181 0.66033148 -0.66652625
v -0.10322384 0.79954466 -0.27117879
v 0.29554139 0.81037311 -0.11846620
v -0.07108783 0.77186549 0.25590891
v -0.11869926 0.77047925 0.24660756
v -0.14084055 0.76857698 0.29723902
v -0.02414253 0.47028616 0.67172530
v 0.22662261 0.24225081 0.71634687
v 0.26896750 0.20787990 0.70820021
v 0.34951496 0.12602826 0.71933602
v 0.36888653 0.10412109 0.73913872
v 0.75118498 -0.84287734 0.71010255
v 0.75904536 -0.91744208 0.70255833
v 0.77518010 -1.01241122 0.68367267
v 0.78008272 -1.02821474 0.68369336
v 0.82925620 -1.17668010 0.60375077
v 0.84711776 -1.20928373 0.58118684
v 0.87789650 -1.25359101 0.53129892
v 0.89012905 -1.26863556 0.50845576
v 0.90950486 -1.29052107 0.48046518
v 0.92423573 -1.30544104 0.45481358
v 0.90316704 -1.35994195 0.43639159
v 0.96566037 -1.40990194 0.26883084
v 0.99896837 -1.42330572 0.12610617
v 0.99483966 -1.21493871 -0.61637342
v 0.75965912 -0.78425391 -0.88698735
v 0.65311731 -0.86959696 -0.95248541
v 0.59382548 -0.71597439 -0.97961139
v 0.25094385 -0.13829455 -1.01470146
v 0.23212704 0.01573755 -0.97477087
v 0.16154679 0.14860522 -0.94327598
v -0.07993433 0.79568109 -0.27114624
v 0.04557211 0.81451872 -0.26793958
v 0.09783247 0.81622855 -0.26145921
v -0.14876830 0.77775635 0.24127193
v 0.14342966 0.43769834 0.67901926
v 0.15191957 0.34744163 0.71822304
v 0.39410337 0.04406676 0.73080141
v 0.42695899 -0.08311777 0.74991400
v 0.40122028 -0.28435009 0.82265123
v 0.76184343 -0.93345221 0.70237107
v 0.76409249 -0.95317842 0.69702637
v 0.77187782 -0.99627572 0.68830024
v 0.91093200 -1.29088396 0.47086619
v 1.01349840 -1.36123479 0.23708048
v 0.79843389 -0.67232767 -0.85834371
v 0.74652334 -0.81243795 -0.88582263
v 0.66099735 -0.78582398 -0.94328311
v 0.36618499 -0.15342062 -0.98630666
v 0.04861803 0.79039593 -0.27241907
v 0.09303848 0.78845716 -0.26381761
v 0.09572282 0.78723691 -0.26430566
v 0.09401468 0.78723691 -0.26454971
v -0.04796909 0.72181950 0.42257449
v -0.06041759 0.53511862 0.63248813
v 0.24769503 0.25652251 0.73725330
v 0.40065859 0.03233802 0.73664976
v 0.41494018 -0.01737941 0.74058081
v 0.42004827 -0.29188082 0.84050284
v 0.56197596 -0.70248080 0.83387131
v 0.74850063 -0.69231150 0.70497791
v 0.74801253 -0.69304365 0.70595411
v 0.74825658 -0.68913905 0.70473386
v 0.74874045 -0.68037284 0.70628658
v 0.74898873 -0.70085242 0.70693010
v 0.75405729 -0.85370548 0.71445268
v 0.75526863 -0.88288106 0.70819350
v 0.81105234 -1.13589210 0.62988769
v 0.86303068 -1.23389959 0.55309485
v 1.05597742 -1.35631479 -0.10129424
v 1.05765927 -1.35913257 -0.14859201
v 1.04519026 -1.35348818 -0.30977894
v 1.01541211 -1.34079385 -0.44112885
v 0.92902053 -1.11676986 -0.73661138
v 0.84307006 -0.76042337 -0.84251212
v 0.42657197 -0.34939356 -1.00608646
v -0.00021328 0.55479577 -0.76553031
v 0.02937478 0.60397021 -0.72515373
v -0.10042887 0.73656848 -0.54586613
v -0.16374617 0.77857598 -0.42070217
v -0.05203913 0.79922759 -0.27826478
v 0.08417974 0.79305963 -0.26622314
v 0.09854128 0.78875762 -0.26231862
v 0.14848880 0.78971436 -0.24486096
v 0.12977784 0.79252253 0.24073016
v 0.02776874 0.78904468 0.26039867
v 0.01141748 0.77396570 0.26269186
v -0.03754362 0.76974842 0.26159755
v 0.40851781 -0.32097820 0.85136490
v 0.68269399 -0.71004935 0.76088724
v 0.75089913 -0.70883179 0.71477918
v 0.74825658 -0.67474134 0.70351382
v 0.76997435 -0.98474039 0.69110545
v 0.79554026 -1.08757051 0.65783961
v 0.90211867 -1.28194056 0.49424177
v 1.05107926 -1.35807662 0.05738941
v 1.05597742 -1.35631479 -0.11081137
v 1.05597742 -1.35631479 -0.13106576
v 1.05597742 -1.35631479 -0.14155898
v 1.05279440 -1.35928017 -0.20362784
v 1.05318352 -1.35765729 -0.18634098
v 1.04050097 -1.35766414 -0.28705924
v 0.91065450 -0.98118106 -0.77822095
v 0.74839564 -0.70927599 -0.87470216
v 0.49524741 -0.41608561 -0.98808858
v 0.22871493 0.05691111 -0.96222772
v -0.12400455 0.79436772 -0.34398014
v 0.06804222 0.78848729 -0.26910725
v 0.11094238 0.79286716 -0.25591794
v 0.23721823 0.81544135 -0.19441239
v 0.27918613 0.79978666 0.14340060
v 0.14973854 0.31182409 0.73491552
v 0.20463840 0.29258869 0.73513243
v 0.38373172 0.06910286 0.72980564
v 0.42757342 -0.03667669 0.75780679
v 0.43049944 -0.12477940 0.76166970
v 0.74522199 -0.71764698 0.71667413
v 0.74805206 -0.69747952 0.70709306
v 0.84916467 -1.20107271 0.59308463
v 0.93719406 -1.31425092 0.42241371
v 0.95697297 -1.32923246 0.39126512
v 0.99553832 -1.35291353 0.29090558
v 1.05696517 -1.36007861 -0.00060331
v 1.03964472 -1.28265849 -0.47160565
v 0.95374040 -1.15875418 -0.69608872
v 0.86031232 -0.86658528 -0.83421025
v 0.75992716 -0.67394725 -0.87827344
v 0.05606395 0.52607524 -0.78362911
v 0.01601282 0.66446950 -0.66166368
v 0.03744331 0.69599462 -0.61975455
v -0.06610117 0.77202321 -0.46113509
v 0.27008532 0.81005314 -0.15541918
v 0.26053185 0.79020949 0.15383408
v 0.59756788 -0.57224443 0.79678488
v 0.61667993 -0.69590989 0.80169744
v 0.74859067 -0.65120155 0.69961826
v 0.77269538 -0.93431507 0.71053543
v 0.82750583 -1.15610452 0.62654317
v 0.87324785 -1.23732537 0.55741746
v 0.91605862 -1.29599172 0.46647977
v 0.94683785 -1.32188633 0.40787907
v 0.95627306 -1.32750315 0.38168851
v 0.97203617 -1.33632982 0.35576887
v 1.01535349 -1.25605296 -0.55436532
v 0.89798692 -1.03711497 -0.78557809
v 0.59715519 -0.75495692 -0.98184538
v 0.40110949 -0.24900070 -0.99595891
v -0.03651847 0.79789827 -0.27888228
v 0.12753974 0.78699810 -0.25645104
v 0.17993706 0.78671048 -0.23295605
v 0.25301383 0.79898683 0.17180396
v 0.08204166 0.76914174 0.25432852
v 0.09921540 0.50851347 0.64482260
v 0.07975037 0.47608110 0.66500022
v 0.41894038 -0.03411454 0.74364481
v 0.44881554 -0.07263494 0.77743657
v 0.51365110 -0.52650696 0.83317158
v 0.72398560 -0.70468879 0.73140753
v 0.75075208 -0.63832634 0.70311575
v 0.98104704 -1.34230665 0.33272006
v 0.99038285 -1.34565721 0.30597900
v 0.99545818 -1.34582146 0.28842027
v 1.00221107 -1.35029202 0.27452213
v 0.98302677 -1.19049437 -0.64830623
v 0.91877926 -1.08134892 -0.75621234
v 0.73596546 -0.77487656 -0.89125418
v 0.71836049 -0.70196628 -0.89904822
v 0.19346656 0.26313516 -0.89561936
v 0.12235059 0.32071609 -0.88380373
v 0.05415444 0.64953923 -0.67872408
v 0.00008110 0.71198697 -0.59444131
v 0.04059816 0.72681230 -0.56759706
v 0.09917930 0.78951987 -0.26440572
v 0.32083529 0.80465527 -0.02549617
v 0.16872722 0.78520806 0.22194065
v -0.04777947 0.77654935 0.26673626
v 0.00037863 0.70327158 0.45879804
v -0.05343463 0.66545596 0.51188771
v 0.05413443 0.62555515 0.55672077
v 0.18321033 0.47627512 0.65296912
v 0.40336010 0.04582302 0.74668043
v 0.40918489 0.01442682 0.74606664
v 0.66028653 -0.61431741 0.76427658
v 0.74789930 -0.65203057 0.70791891
v 0.76022533 -0.62440644 0.70545022
v 0.75379695 -0.68212475 0.71181260
v 0.76101915 -0.73608666 0.71850486
v 0.80392059 -1.06948144 0.67156625
v 0.92748729 -1.29794693 0.46712082
v 0.99545818 -1.34582146 0.29134867
v 0.99545818 -1.34582146 0.28695607
v 1.04012065 -1.35924426 0.13076362
v 0.85207769 -0.79644266 -0.83914694
v 0.76052939 -0.55270047 -0.85386460
v 0.31230280 0.80571290 -0.06669956
v 0.29436354 0.80003722 0.11248615
v 0.26997574 0.79464413 0.14612660
v 0.25638328 0.26414390 0.73635568
v 0.28645076 0.22197445 0.73798434
v 0.44454920 -0.23058419 0.82038393
v 0.44545693 -0.24896987 0.82473724
v 0.75704278 -0.55604313 0.68562358
v 0.76477969 -0.86765533 0.71894367
v 0.78511410 -1.04852619 0.67692602
v 0.82927638 -1.14592180 0.63159149
v 0.88548445 -1.25097941 0.54214661
v 0.89820459 -1.27780053 0.50597243
v 0.95056269 -1.32389954 0.39812314
v 1.02149614 -1.35460246 0.20954802
v 1.02693795 -1.35387449 0.18080341
v 1.02693795 -1.35387449 0.18251165
v 1.02693795 -1.35387449 0.17933921
v 1.04300975 -1.35655086 0.10647349
v 1.03838571 -1.35007423 -0.34792056
v 0.75169671 -0.63209187 -0.86663793
v 0.74863001 -0.65332207 -0.86415180
v 0.58904211 -0.62763871 -0.97229139
v 0.31211766 0.03155590 -0.94953107
v 0.17813014 0.24826946 -0.90541813
v 0.18479525 0.43516273 -0.82064944
v 0.13080851 0.58842565 -0.72979822
v -0.08668027 0.79415841 -0.36251201
v 0.11921449 0.79839246 -0.26260008
v 0.41478703 0.00356631 0.75579144
v 0.45797185 -0.20197820 0.81050107
v 0.76248903 -0.51281547 0.67513173
v 0.75420548 -0.79669733 0.72134817
v 0.79634169 -1.05786038 0.67647427
v 0.80845138 -1.09970513 0.65827758
v 0.84294752 -1.17132668 0.61372147
v 0.93404620 -1.31204954 0.43757529
v 0.96334065 -1.33210355 0.37146858
v 1.02157900 -1.22484535 -0.57245364
v 0.85707841 -0.57447001 -0.81197863
v -0.01387562 0.79689813 -0.33239184
v 0.13921751 0.79030733 -0.25212532
v 0.31986762 0.79947507 0.01246796
v 0.17576441 0.76893481 0.22424059
v 0.04274524 0.77181617 0.26156328
v 0.36704271 0.15646380 0.74649306
v 0.45958223 -0.15200350 0.79827076
v 0.75308827 -0.59446329 0.69277081
v 1.03314062 -1.35656055 0.16373443
v 1.05740529 -1.35702988 0.03545409
v 1.05747516 -1.35920882 -0.01416986
v 1.06411765 -1.35430956 0.01465374
v 0.97353828 -1.12907478 -0.68187458
v 0.84844520 -0.68984187 -0.83399769
v 0.57575848 -0.49884010 -0.96061551
v 0.47396367 -0.27894002 -0.97120231
v 0.41114422 -0.19975840 -0.98095176
v 0.33684151 -0.05611301 -0.96981417
v 0.27954284 0.12661764 -0.92659703
v 0.30193391 0.21458296 -0.89002864
v 0.25988216 0.27070942 -0.87887999
v 0.07072423 0.61820988 -0.70943776
v 0.05294538 0.79915952 -0.27713857
v 0.27491650 0.79306531 -0.14999477
v 0.17893664 0.76893481 0.22424059
v 0.17722850 0.76893481 0.22424059
v 0.17242094 0.77047410 0.22497927
v 0.10228966 0.76779757 0.25101545
v 0.04072329 0.56194863 0.61343492
v 0.29737852 0.25256770 0.73027095
v 0.40008933 0.08770433 0.75307880
v 0.43028668 0.00707594 0.76281280
v 0.46162356 -0.32610720 0.82566580
v 0.54630234 -0.35386649 0.78771883
v 0.76188542 -0.65436578 0.71074808
v 0.78452546 -0.99223333 0.69749243
v 0.79569904 -1.04240923 0.68249881
v 0.94286321 -1.31777089 0.42002074
v 0.99685592 -1.34402656 0.31241777
v 1.01056708 -1.35209301 0.24646251
v 1.04923133 -1.35578610 0.11524838
v 1.05274372 -1.35532417 0.10670317
v 1.05743549 -1.24640727 -0.48396653
v 0.94255511 -0.74476617 -0.74483722
v 0.75303206 -0.59513270 -0.85618876
v 0.74817058 -0.64525972 -0.87089486
v 0.73135434 -0.66602594 -0.88587936
v 0.66904891 -0.63583511 -0.92464362
v 0.57243774 -0.59575573 -0.97784948
v 0.40948641 -0.02658308 -0.93461419
v 0.19268889 0.37822603 -0.84809279
v 0.12421697 0.67368780 -0.64196589
v 0.00992286 0.74238478 -0.53858504
v 0.14173669 0.79798701 -0.29664363
v 0.23784324 0.78986861 -0.18973641
v 0.31330868 0.78169675 -0.07949557
v 0.32532491 0.78022107 0.02186607
v 0.29552637 0.78829828 0.10733582
v 0.08915574 0.73953432 0.38279712
v 0.35935007 0.15620480 0.74772976
v 0.38290699 0.11235980 0.75062225
v 0.45939791 -0.08817968 0.78478015
v 0.45706373 -0.32350632 0.82848538
v 0.76436265 -0.49464792 0.66544532
v 0.76436265 -0.49342767 0.66544532
v 1.06021886 -1.35919029 -0.08197852
v 1.06251560 -1.35263713 -0.21847869
v 1.05710039 -1.35149643 -0.25373905
v 1.06301413 -1.28864827 -0.40430340
v 0.38356924 0.01578105 -0.93186947
v 0.12510514 0.48495273 -0.80249197
v -0.00251737 0.77917083 -0.44020551
v 0.23593797 0.79658734 -0.20231248
v 0.28903600 0.78623538 -0.13495092
v 0.32087812 0.77752399 0.04534209
v 0.14837138 0.76799600 0.23737678
v 0.09618343 0.69397496 0.46923634
v 0.16908559 0.52811205 0.62417858
v 0.21754761 0.40810094 0.68117910
v 0.49528770 -0.23354850 0.79426519
v 0.64789700 -0.53371178 0.76181759
v 0.75305295 -0.57232320 0.69378011
v 0.76436265 -0.49171953 0.66544532
v 0.76689837 -0.57579039 0.69704687
v 0.85808994 -1.20802836 0.58680355
v 1.02979173 -1.35690766 0.18782006
v 0.76265198 -0.53228785 -0.85093001
v 0.77535088 -0.50151190 -0.84259728
v 0.51344973 -0.33006493 -0.96347356
v 0.42613034 -0.09222955 -0.94692879
v 0.35126316 0.08710302 -0.91978676
v 0.18839765 0.59887409 -0.71170589
v 0.08861306 0.74850737 -0.52140366
v 0.04631412 0.79012749 -0.38342624
v 0.25696064 0.78955848 -0.17352410
v 0.31978905 0.78184658 -0.05919829
v 0.24093364 0.77066939 0.18274972
v -0.01344077 0.77382250 0.29095004
v 0.10205400 0.57092835 0.60257574
v 0.27591993 0.42590763 0.66148978
v 0.55206568 -0.40599526 0.79409342
v 0.78047488 -0.47589110 0.67058994
v 0.81640962 -1.11165942 0.65207842
v 1.02466722 -1.35185798 0.22861929
v 1.05969706 -1.17401539 -0.53809625
v 0.93200713 -0.80072050 -0.76018703
v 0.76813785 -0.48183771 -0.83113495
v 0.57097002 -0.45610496 -0.95674228
v 0.21867525 0.48035853 -0.78865708
v 0.11000216 0.54831816 -0.76442154
v 0.17926182 0.65195949 -0.65907014
v 0.26627736 0.79600018 -0.17249351
v 0.31573932 0.77977453 0.05794549
v 0.09809954 0.77578422 0.25601680
v 0.04095803 0.75932496 0.33538356
v 0.13608430 0.76570842 0.30177420
v 0.06749630 0.68576641 0.48223820
v 0.05280883 0.65776228 0.52185274
v 0.13758812 0.61376211 0.56066284
v 0.75908785 -0.52576901 0.68177610
v 0.76718923 -0.48891720 0.66965651
v 0.84638679 -0.85521866 0.67767759
v 0.90842817 -1.26550481 0.51235500
v 0.94282488 -1.27305948 0.46968511
v 1.07710596 -1.25397473 -0.42538289
v 1.05826466 -1.23235984 -0.49894042
v 1.03658779 -1.11382967 -0.60487693
v 1.00109900 -0.99943527 -0.68033798
v 0.30520424 0.78439829 -0.10347909
v 0.32392639 0.78584748 -0.03743811
v 0.30712404 0.78567278 0.09898015
v 0.28662493 0.77353584 0.13177274
v 0.26090385 0.77801893 0.15769284
v 0.11284759 0.65939429 0.51329062
v 0.22170940 0.55251102 0.59712289
v 0.40978233 0.08826749 0.75521169
v 0.43714446 0.02143608 0.76433593
v 0.84609185 -0.66737162 0.66928771
v 1.00432076 -0.94332986 -0.68153804
v 0.95341505 -0.73495053 -0.73225112
v 0.75271997 -0.57669921 -0.85836540
v 0.23696119 0.48379105 -0.78300111
v 0.14871910 0.79864193 -0.25311549
v 0.21119250 0.78962394 -0.21549176
v 0.30301014 0.78113234 0.09145797
v 0.23422730 0.77245462 0.18543987
v 0.20570830 0.77148589 0.20838924
v 0.18618422 0.77713756 0.22082828
v 0.13414720 0.77741150 0.25287136
v 0.46787864 -0.15228531 0.79565144
v 0.73299681 -0.53437586 0.70396144
v 0.76955363 -0.46293414 0.65755124
v 0.77583990 -0.44010491 0.65176616
v 0.90375374 -1.08794362 0.60125662
v 0.95081625 -1.30068631 0.43773030
v 1.06107788 -1.15249957 -0.54977202
v 0.95307822 -0.89057160 -0.73976065
v 0.85770782 -0.60205962 -0.81517977
v 0.75584992 -0.56800380 -0.85067965
v 0.63543896 -0.41965184 -0.91126782
v 0.47930656 -0.02705771 -0.90440082
v 0.22774721 0.61566828 -0.68720203
v 0.32056383 0.78821616 0.06357774
v 0.27654780 0.78101317 0.14868009
v 0.32980583 0.36643555 0.67360619
v 0.32888264 0.20031084 0.74183953
v 0.42362868 0.07031405 0.75548801
v 0.67268758 -0.44194158 0.72911196
v 0.98650632 -1.25209307 0.43341837
v 1.06904902 -1.26007051 0.28048463
v 1.09888009 -1.26880749 -0.31648544
v 1.09032067 -1.17553358 -0.47725267
v 1.05156581 -1.05796265 -0.60441087
v 0.76310799 -0.50807512 -0.83763941
v 0.74857887 -0.55449923 -0.85923620
v 0.72992616 -0.54402198 -0.87110537
v 0.37561665 0.28517179 -0.83857367
v 0.16835832 0.53129857 -0.76763776
v 0.13637244 0.74954426 -0.51119801
v 0.06708371 0.78247671 -0.42527608
v 0.19019192 0.79834942 -0.23414459
v 0.13818527 0.77474917 0.24324689
v 0.56555354 -0.27729319 0.76387974
v 0.76955425 -0.47208775 0.66161082
v 0.78714956 -0.44265259 0.65915437
v 0.86786235 -0.93097330 0.66001050
v 0.88366540 -1.04182556 0.62920572
v 1.02091134 -0.98392623 -0.65767153
v 0.77545622 -0.44592016 -0.82177948
v 0.44938297 0.03041592 -0.89965366
v 0.32649625 0.31362518 -0.84296902
v 0.29443753 0.42018009 -0.80357718
v 0.11177568 0.70477253 -0.60040583
v 0.17976135 0.72143527 -0.55912835
v 0.31143097 0.79550843 -0.10030128
v 0.20443438 0.75302080 0.32853139
v 0.36644750 0.41139691 0.64195193
v 0.36141496 0.31037598 0.68780634
v 0.55874260 -0.21010698 0.75550284
v 0.64112560 -0.27697224 0.71788032
v 0.77093866 -0.45331500 0.66065561
v 0.78412938 -0.50556842 0.67677215
v 0.99818046 -1.20623929 0.45527005
v 1.01116214 -1.29868870 0.34751739
v 1.02064020 -1.30754663 0.31710431
v 1.09933014 -1.23235865 -0.39387782
v 0.18343932 0.77885547 -0.41327853
v 0.26267800 0.79852138 -0.19480112
v 0.19046226 0.65577369 0.50570252
v 0.77473334 -0.43792661 0.65382158
v 0.87596235 -0.97254534 0.64907097
v 0.97853074 -0.56014322 -0.68120464
v 0.82136943 -0.49395919 -0.81432567
v 0.77486971 -0.43880497 -0.81237648
v 0.16261751 0.79376606 -0.33595604
v 0.33062090 0.79338832 -0.03125049
v 0.26400396 0.78259659 0.16556823
v 0.24432419 0.53080834 0.60823835
v 0.45175713 -0.01961191 0.77038183
v 0.61620303 -0.20973345 0.71980079
v 0.78196970 -0.41386403 0.64073199
v 0.78767752 -0.39490474 0.63672904
v 0.82554074 -0.78265477 0.68994258
v 0.99973440 -1.12975268 0.49052777
v 0.97351689 -1.31544728 0.39334719
v 1.10578930 -1.29467978 -0.12290777
v 1.10119910 -1.09062017 -0.51177225
v 1.02729438 -0.82768220 -0.65873406
v 0.78230016 -0.40595393 -0.80038432
v 0.76585615 -0.48115619 -0.83280766
v 0.54988388 -0.23435373 -0.92414747
v 0.22281512 0.77970221 0.20196842
v 0.24076597 0.73894574 0.35066565
v 0.24477466 0.59361466 0.55957590
v 0.37638983 0.35023168 0.66643157
v 0.78158765 -0.40543341 0.64373275
v 0.80044855 -0.39640640 0.64081502
v 1.09974330 -1.30332314 0.00559780
v 0.89001865 -0.50488510 -0.76634992
v 0.76974469 -0.45712800 -0.82607854
v 0.68705670 -0.50461253 -0.89444501
v 0.63639738 -0.34864189 -0.89704593
v 0.49331691 -0.16096451 -0.93519066
v 0.38975910 0.11428348 -0.89647319
v 0.29830447 0.63784838 -0.64409018
v 0.21610525 0.67005512 -0.62858580
v 0.29871168 0.78163904 0.17616721
v 0.32147758 0.41364028 0.65501342
v 0.41552922 0.35080325 0.65379843
v 0.76404377 -0.43482596 0.66434615
v 0.79661271 -0.36385705 0.62426564
v 0.85986407 -0.54500778 0.64176262
v 0.96063765 -1.16447966 0.52331421
v 1.09705107 -1.27020040 0.17448893
v 1.12738430 -1.18093763 -0.37117114
v 1.04907443 -0.73315267 -0.62559336
v 0.97484088 -0.67556886 -0.70314839
v 0.87086562 -0.48839745 -0.78428310
v 0.79935462 -0.40887431 -0.80789547
v 0.79843323 -0.35779364 -0.78484359
v 0.70912472 -0.43091669 -0.86528449
v 0.64553947 -0.28183483 -0.87620930
v 0.63257380 -0.23580327 -0.87354305
v 0.60069618 -0.20464030 -0.88613876
v 0.34057109 0.36745819 -0.81445800
v 0.17613538 0.79349768 -0.33973528
v 0.19828784 0.77360490 0.25893413
v 0.23284042 0.71895587 0.39825453
v 0.23689324 0.69049306 0.44739718
v 0.31342175 0.50930505 0.60477353
v 0.45239838 0.05383990 0.74703660
v 0.51746527 -0.00269521 0.72945958
v 0.79540518 -0.35872866 0.61531950
v 0.80144258 -0.34152570 0.60945548
v 1.08073475 -1.25788739 0.25021649
v 0.79696549 -0.38945662 -0.80214644
v 0.41010110 0.15051054 -0.87565038
v 0.20797230 0.75804167 -0.47341085
v 0.29005142 0.78159681 -0.35628788
v 0.28887315 0.51544134 0.61007544
v 0.51572496 0.14777471 0.68474845
v 0.51734096 0.07272767 0.70723500
v 0.81345847 -0.37219129 0.62554415
v 0.85923263 -0.47786180 0.62624772
v 0.85105030 -0.77335495 0.67532860
v 1.14930695 -1.21670551 -0.05728390
v 1.12210530 -1.25399211 -0.22728468
v 1.14833010 -1.18339482 -0.26793693
v 0.84246394 -0.41891718 -0.78183156
v 0.78936539 -0.38057564 -0.79038031
v 0.75988014 -0.46548095 -0.83550169
v 0.30085382 0.79381956 -0.25235612
v 0.37266948 0.79469010 -0.15596898
v 0.29654683 0.74173694 0.32498478
v 0.88834517 -0.99831227 0.63541807
v 0.91620173 -1.08051763 0.59572120
v 1.12282983 -1.07167583 -0.47772791
v 1.07810409 -0.81206472 -0.59618544
v 0.77858682 -0.42410813 -0.80729537
v 0.78488852 -0.38764265 -0.80084082
v 0.68663284 -0.22063291 -0.83346989
v 0.57815015 -0.18679705 -0.89583867
v 0.28283323 0.51596615 -0.75151834
v 0.24191424 0.75802277 0.30056850
v 0.34165958 0.74576499 0.29757045
v 0.35480896 0.47104210 0.61501471
v 0.42666709 0.16138581 0.72134762
v 0.78932491 -0.33403193 0.62295053
v 0.82164802 -0.28702152 0.57887574
v 0.89364715 -1.02425448 0.62703002
v 1.10993231 -1.25737348 0.13842536
v 1.14435444 -1.22177439 -0.01026497
v 1.13955928 -1.22725414 -0.16821411
v 0.89930312 -0.37007909 -0.72811233
v 0.53994570 -0.09615655 -0.89440338
v 0.48400321 0.05929714 -0.87479028
v 0.28835711 0.75976598 -0.43730873
v 0.28581556 0.79901744 -0.14972047
v 0.33735703 0.59448700 0.53150938
v 0.69235127 -0.26687117 0.68036498
v 0.79151108 -0.37808739 0.62826188
v 0.81569799 -0.32430761 0.60714799
v 0.86701826 -0.55583364 0.63633448
v 0.93736709 -0.99307573 0.58525281
v 1.03899226 -1.23244352 0.37487489
v 1.13118688 -1.12691672 -0.41863491
v 1.09908162 -0.99848102 -0.55383507
v 0.80905275 -0.34395631 -0.78065840
v 0.73345621 -0.35918607 -0.83358588
v 0.29049916 0.67895734 -0.59637383
v 0.26992848 0.73107282 -0.51431114
v 0.35604598 0.78895383 0.06502908
v 0.33612047 0.76822163 0.22111237
v 0.27829856 0.64924384 0.49379058
v 0.38525592 0.52513174 0.57170187
v 0.41882963 0.49983732 0.57573979
v 0.47903383 0.27823855 0.65595015
v 0.82462039 -0.27642527 0.57720497
v 0.81383333 -0.30490336 0.58760318
v 0.86361695 -0.86328435 0.66618352
v 0.88526144 -0.93305378 0.64290991
v 1.16074883 -0.99711738 -0.42798124
v 1.09837594 -0.94821209 -0.56077185
v 0.80187858 -0.41004179 -0.80688862
v 0.82484644 -0.32966880 -0.76771863
v 0.45437682 0.22031478 -0.83009988
v 0.34879509 0.59060395 -0.67265719
v 0.29247800 0.68994582 0.43083707
v 0.56348754 -0.00860843 0.70590254
v 0.64383146 -0.15451154 0.68920947
v 0.80864695 -0.32218225 0.60291704
v 0.83013571 -0.27130914 0.56996158
v 1.07559203 -0.70721726 -0.58862575
v 0.73615974 -0.31490878 -0.82098027
v 0.54663395 -0.04219459 -0.87399432
v 0.49643799 0.09929512 -0.85361620
v 0.32716447 0.72686783 -0.49818091
v 0.37952127 0.78259560 0.10882428
v 0.34105087 0.72978542 0.33722497
v 0.44109091 0.42563581 0.60748890
v 0.45503870 0.33847637 0.64227285
v 0.99098015 -1.01023578 0.52659726
v 1.14304347 -1.21841230 -0.17767195
v 1.15884984 -1.18578775 -0.15763793
v 1.06950658 -0.91122481 -0.60713275
v 0.88945144 -0.41644995 -0.75126746
v 0.81985375 -0.28952886 -0.74086270
v 0.79948742 -0.34811270 -0.77557142
v 0.56205938 0.06630932 -0.82919494
v 0.39286371 0.43283412 -0.76265639
v 0.35415504 0.78231837 -0.30854527
v 1.02791900 -1.18087550 0.42701670
v 1.11666849 -0.81540736 -0.54183441
v 0.60962978 -0.03682356 -0.83372504
v 0.27932490 0.77960851 -0.37697055
v 0.84922753 -0.30296991 0.57758976
v 0.96547866 -1.08824352 0.53966383
v 1.16177612 -1.12124721 -0.31819783
v 1.16682222 -1.08904597 -0.34106874
v 1.15550527 -1.09509767 -0.37270600
v 1.03312740 -0.64103205 -0.63226492
v 0.85559599 -0.29576164 -0.73421450
v 0.81082029 -0.31742889 -0.76277836
v 0.70142537 -0.11824576 -0.79380198
v 0.43307286 0.45172238 -0.73519156
v 0.37764412 0.63463240 -0.61744950
v 0.41250689 0.79094574 -0.04514034
v 0.45371580 0.77288772 0.10603558
v 0.37762757 0.69642591 0.38707101
v 0.74272760 -0.30924219 0.65324826
v 0.84422915 -0.23750325 0.54107033
v 0.96004217 -0.42833658 -0.67446220
v 0.80685491 -0.31560972 -0.76664742
v 0.79990716 -0.33625352 -0.77728007
v 0.58596779 0.03702571 -0.82411737
v 0.32783834 0.52968630 -0.73025296
v 0.35770839 0.75757773 -0.40518765
v 0.37553279 0.78718041 -0.25678664
v 0.39546478 0.78069755 0.11736552
v 0.38800311 0.63990187 0.46600223
v 0.55968678 0.24593009 0.62783464
v 0.57174399 0.08956353 0.67287256
v 0.84955315 -0.22172054 0.53762438
v 0.85297544 -0.22505502 0.53432570
v 0.85177226 -0.23847086 0.54805175
v 0.84134289 -0.26483762 0.56863743
v 0.86239403 -0.34529221 0.58285832
v 0.93338084 -0.82248511 0.59526734
v 1.15637743 -1.16334751 0.11650672
v 1.15725597 -0.96035537 -0.44969003
v 1.11554149 -0.94261435 -0.53684426
v 1.10852797 -0.80006128 -0.55183707
v 0.96971135 -0.36754013 -0.64690817
v 0.62451937 0.04663504 -0.79483466
v 0.50886987 0.18378621 -0.81605535
v 0.33537414 0.70039477 -0.54389950
v 0.44693801 0.78645706 -0.10687153
v 0.39439549 0.59870641 0.50655844
v 0.83430505 -0.25919883 0.56019531
v 1.14945961 -1.20297520 0.04579490
v 1.14369503 -0.95480409 -0.48290778
v 1.02795103 -0.45268936 -0.59677359
v 0.83721697 -0.25222583 -0.71752880
v 0.67480721 -0.17703744 -0.83095347
v 0.34648304 0.54566331 -0.71274160
v 0.41287979 0.75930247 0.20766289
v 0.35863976 0.67339305 0.43197200
v 0.60879515 -0.07486753 0.69484506
v 0.99982178 -0.89955823 0.52797017
v 1.08535952 -1.21078883 0.29910720
v 1.17111805 -1.13922231 -0.21659123
v 0.82143015 -0.27136575 -0.74250298
v 0.46403100 0.32592923 -0.78280192
v 1.03201158 -1.05549345 0.46926868
v 1.07088447 -1.15593032 0.37344305
v 1.10079917 -0.67935831 -0.54731353
v 0.95374509 -0.32403887 -0.65423923
v 0.40872612 0.41673637 -0.76623026
v 0.37245241 0.48469056 -0.74244317
v 0.37488581 0.73881940 -0.44809138
v 0.41122310 0.69666589 0.36813028
v 0.48560089 0.38100545 0.61043868
v 0.77340230 -0.17252337 0.59396689
v 0.85627549 -0.21485246 0.51941990
v 0.90988579 -0.35678601 0.55363759
v 0.93680433 -0.52487121 0.55762182
v 1.14573381 -0.89203699 -0.48977023
v 1.08671977 -0.63432327 -0.55978802
v 0.83300452 -0.26480767 -0.72999393
v 0.43632169 0.59433931 -0.63133896
v 0.44904136 0.72565323 -0.42857080
v 0.37308983 0.77111022 -0.34899538
v 0.54988988 0.38603163 0.57304508
v 0.61296009 0.08663194 0.64761891
v 0.74034759 -0.18663244 0.62529916
v 0.86410933 -0.20316551 0.51127448
v 0.90037381 -0.38964785 0.57240917
v 0.96887065 -0.74507575 0.55395920
v 1.02068281 -0.92176464 0.50331370
v 1.17225176 -0.87814233 -0.43409994
v 0.84056284 -0.24443560 -0.70739328
v 0.82714282 -0.26899036 -0.73551566
v 0.42273266 0.56657568 0.52398426
v 0.50780418 0.46866351 0.55306617
v 1.13043770 -1.16317928 0.22955376
v 1.17415722 -1.09402756 0.15093862
v 1.18172942 -1.12697314 -0.01500494
v 1.17124240 -1.01486274 -0.38873904
v 1.13159680 -0.86279709 -0.51775532
v 0.92283489 -0.33026613 -0.69420637
v 0.84896106 -0.23346167 -0.70579307
v 0.84023243 -0.24105643 -0.71550467
v 0.58823926 0.14808720 -0.78240367
v 0.42252073 0.56442648 -0.66433208
v 0.47115137 0.77687872 -0.19336696
v 0.43976977 0.78625176 -0.16327441
v 0.47733827 0.78079729 -0.09737450
v 0.48582279 0.77650497 0.00781916
v 0.45332086 0.67242208 0.38637998
v 0.49024797 0.53723907 0.51402936
v 0.87029954 -0.20486810 0.51795591
v 1.18639529 -1.06770230 -0.26278166
v 1.17336930 -1.04045948 -0.36424624
v 1.07363996 -0.56969329 -0.56447107
v 1.04380195 -0.34609218 -0.53918017
v 0.85662194 -0.21656481 -0.68540586
v 0.38091170 0.67282111 -0.56703437
v 0.39176604 0.70213347 -0.51276946
v 0.54275853 0.75536625 0.02538378
v 0.50244725 0.76460904 0.06680764
v 0.47826719 0.75932287 0.14167303
v 0.46998058 0.72833400 0.25840464
v 0.58611930 0.30822979 0.58732691
v 0.87392554 -0.18755984 0.49585655
v 1.06568560 -0.97550351 0.44233092
v 1.14970558 -1.14104406 0.18777543
v 1.18364682 -0.92720533 -0.39212417
v 1.14942163 -0.80891314 -0.48326010
v 1.03838494 -0.53550653 -0.60597083
v 0.87197164 -0.19751553 -0.67077097
v 0.41722866 0.75946072 -0.35766258
v 0.62383212 0.16375680 0.61550228
v 0.80328894 -0.14333495 0.55769721
v 0.96375268 -0.52019706 0.52872744
v 1.12938506 -1.23460934 0.11071561
v 1.18889043 -1.09834957 -0.15760944
v 0.94909804 -0.28130889 -0.64734127
v 0.85782143 -0.23149980 -0.70570281
v 0.84919386 -0.22500043 -0.70091380
v 0.47877128 0.48679821 -0.69262341
v 0.43181243 0.77217259 -0.28720016
v 0.46301039 0.65630844 0.40310828
v 0.58374810 0.39562182 0.54698388
v 0.87394264 -0.18308484 0.49768894
v 0.88223264 -0.17529773 0.47883163
v 0.88090542 -0.20690884 0.51444368
v 0.92729759 -0.30834752 0.51882130
v 0.98867139 -0.41236992 0.47334094
v 0.95742982 -0.64821779 0.55633028
v 1.16064845 -1.07314477 0.22780737
v 1.12853495 -0.73434822 -0.51435000
v 1.14382143 -0.68903639 -0.47729763
v 1.11321072 -0.59985192 -0.50901726
v 0.84561152 -0.22851615 -0.70710767
v 0.53655813 0.35995498 -0.72757551
v 0.53257033 0.40979275 -0.70503734
v 0.49396500 0.74777252 0.16898640
v 0.44323790 0.73809508 0.25592092
v 0.73647222 0.00051893 0.57689933
v 1.18878565 -1.10895432 -0.04792432
v 1.19980359 -0.94882765 -0.31938413
v 0.69353100 -0.03585824 -0.77198532
v 0.56220822 0.18546094 -0.78623458
v 0.48505939 0.75302370 -0.30751534
v 0.51159627 0.59365410 0.44997633
v 0.88399958 -0.16980571 0.48037046
v 0.89184886 -0.17938995 0.48694547
v 1.11558516 -1.08823287 0.33035932
v 1.17742576 -0.83867399 -0.42184711
v 1.17412836 -0.79613993 -0.42902925
v 0.87668887 -0.18857778 -0.65856240
v 0.80413951 -0.22216338 -0.74309902
v 0.75423095 -0.04751798 -0.72453360
v 0.44937269 0.70565009 -0.47079321
v 0.47676810 0.73231959 -0.38581098
v 0.52214450 0.76044943 -0.19220550
v 0.59660719 0.43255219 0.51826413
v 0.88741003 -0.16598495 0.47487264
v 0.89239730 -0.16381879 0.46642489
v 0.93245250 -0.23647804 0.47624563
v 1.03107847 -0.72744436 0.48591621
v 1.19099524 -1.06155549 0.09983317
v 1.15461709 -0.74357607 -0.46524056
v 1.08054589 -0.47941190 -0.52925333
v 0.97938217 -0.32713007 -0.62324446
v 0.96291801 -0.25606198 -0.61941466
v 0.88972386 -0.17916579 -0.64998314
v 0.81689099 -0.18075528 -0.71699806
v 0.80621850 -0.13390403 -0.70961154
v 0.61729630 0.22921713 -0.72905060
v 0.55180687 0.52861652 -0.61840474
v 0.48231191 0.60326705 -0.59603530
v 0.53248745 0.74470604 0.12751783
v 0.48300733 0.61411333 0.44618402
v 0.53224798 0.53024952 0.49676906
v 0.66537838 0.06926826 0.61646091
v 0.83273554 -0.09620896 0.51116795
v 0.90591953 -0.15917367 0.45960570
v 1.03136083 -0.54688274 0.45394069
v 1.06082499 -0.89579371 0.45821451
v 1.20035146 -0.90827608 -0.33510937
v 0.88394633 -0.20475240 -0.67048736
v 0.48470421 0.64843949 -0.53932493
v 0.91926609 -0.13944920 0.42939096
v 1.05159546 -0.82111995 0.46838054
v 1.10071782 -0.99998898 0.38987003
v 1.14308328 -1.07484833 0.27503192
v 1.16638890 -0.73749618 -0.43648109
v 0.97333652 -0.24950270 -0.60402279
v 0.86438492 -0.19917855 -0.67702872
v 0.75597513 0.02002088 -0.69552646
v 0.51964649 0.46318454 -0.68295614
v 0.58995979 0.43540789 -0.65250942
v 0.47952110 0.72485504 0.26643279
v 0.61112249 0.28837224 0.57900639
v 0.72623005 0.07554605 0.56139824
v 0.90856931 -0.16082932 0.45952045
v 0.95599892 -0.26794160 0.47310171
v 1.20800706 -1.00554364 -0.20765752
v 0.92197021 -0.18794484 -0.62440828
v 0.87487345 -0.18321441 -0.65863128
v 0.67798118 0.08846169 -0.73858792
v 0.52237871 0.67306036 -0.47120068
v 0.61372764 0.46438796 0.48448353
v 0.89230287 -0.15909433 0.46589638
v 0.91530066 -0.13699948 0.41851327
v 1.01807303 -0.34052697 0.41276969
v 1.14135818 -0.99269544 0.32159479
v 1.21087702 -1.01799882 -0.10871445
v 0.89928359 -0.16386065 -0.63043945
v 0.55992916 0.60268575 -0.54044731
v 0.55069522 0.58484631 0.43202907
v 0.65642410 0.26220911 0.55387658
v 0.79767043 0.09271872 0.47873710
v 0.90138247 -0.15168275 0.44666970
v 0.92466959 -0.14073578 0.42765079
v 0.97034017 -0.25750165 0.44937951
v 1.10943464 -0.91009869 0.39347100
v 0.88098964 -0.17897034 -0.64396651
v 0.68426997 0.14170806 -0.71154147
v 0.59665568 0.47993705 -0.61950512
v 1.07544379 -0.60083092 0.41001172
v 1.08851407 -0.75279381 0.41739328
v 1.16862525 -0.96911855 0.27137733
v 1.18018339 -0.71726233 -0.39331151
v 1.07992375 -0.34532862 -0.47024198
v 0.99363738 -0.22493004 -0.56272537
v 0.91195763 -0.14032799 -0.59369682
v 0.61266137 0.32561608 -0.69074718
v 0.52204739 0.73484033 -0.32286029
v 0.59275514 0.70388398 -0.31182708
v 0.54809514 0.75816731 -0.12345074
v 0.56121012 0.75264772 -0.03208542
v 0.68628951 0.17152259 0.56453039
v 0.89915511 -0.14944429 0.45412916
v 1.20771799 -1.03541753 -0.04771472
v 1.19850325 -0.83588084 -0.35856793
v 0.92223146 -0.13345953 -0.57992797
v 0.89161549 -0.16501724 -0.63009014
v 0.87954128 -0.16799681 -0.64805195
v 0.51779672 0.69507292 0.29618448
v 0.59534792 0.47730115 0.49149377
v 0.67692307 0.37509676 0.48402033
v 0.93359458 -0.11948059 0.38717593
v 1.02424010 -0.40200722 0.42465234
v 1.03317460 -0.47904144 0.43574716
v 1.17290812 -0.99088358 0.24498967
v 1.21087267 -0.99714120 0.05213730
v 1.18818207 -1.09566822 0.05543128
v 0.96601460 -0.19703141 -0.57630202
v 0.90129377 -0.14477371 -0.61445778
v 0.62020721 0.26165207 -0.71527151
v 0.63360061 0.71196914 -0.05415502
v 0.54350083 0.64620360 0.35968933
v 0.56581927 0.61185649 0.38885115
v 0.97868369 -0.22490143 0.41984141
v 1.12891783 -0.88299136 0.36495335
v 1.18371345 -1.02314911 0.18985057
v 1.08318491 -0.39635392 -0.49209228
v 0.90303480 -0.15190069 -0.61064606
v 0.64054266 0.46770443 -0.58961605
v 0.57078525 0.62756916 -0.49650347
v 0.57387569 0.72787038 0.11378323
v 0.92811393 -0.12016618 0.40027576
v 0.92440855 -0.12699745 0.40289818
v 1.16476081 -0.89062266 0.29971676
v 1.14509001 -0.57536644 -0.43830728
v 0.80505781 0.03301743 -0.63677615
v 0.75006232 0.18260039 -0.62859137
v 0.63280156 0.34635661 -0.66526779
v 0.53590054 0.71554802 -0.36349650
v 0.57446861 0.68379155 0.25456935
v 0.53721642 0.65095978 0.36026141
v 0.71675823 0.36041557 0.45036270
v 0.95075622 -0.10462977 0.35130425
v 0.95080074 -0.10590950 0.34235068
v 0.95330797 -0.10984817 0.36503421
v 0.93788545 -0.13382798 0.40805493
v 0.99734657 -0.22108933 0.39348256
v 1.20235679 -0.99405797 0.12831712
v 1.22029662 -0.96559544 -0.09428904
v 1.16347641 -0.69339419 -0.43564111
v 1.11339186 -0.49153714 -0.47299538
v 1.05192575 -0.24679562 -0.47032336
v 0.89558761 -0.15461827 -0.62428716
v 0.77055065 0.08753846 -0.65070802
v 0.52945553 0.74917334 -0.25350994
v 0.62205115 0.58189235 0.37152148
v 0.66107684 0.34318021 0.51462093
v 0.82294957 0.00276154 0.48335314
v 0.94982475 -0.10639761 0.34893951
v 0.95202100 -0.10468947 0.34161863
v 0.95768882 -0.10065350 0.33285707
v 1.12564952 -0.76700056 0.36675077
v 1.19549917 -0.76492433 -0.36006103
v 1.15978134 -0.64260677 -0.42627047
v 1.09979769 -0.37779718 -0.44721182
v 0.56161190 0.69063074 -0.39236622
v 0.57005566 0.74161893 -0.18330605
v 0.71535518 0.28231966 0.49079197
v 0.71871008 0.20992819 0.51832314
v 0.94292175 -0.11134311 0.36512863
v 1.05637948 -0.44763386 0.39427328
v 1.18681947 -0.68064969 -0.35769194
v 0.96917080 -0.16388308 -0.54801699
v 0.58061771 0.55324788 -0.57413402
v 0.59548290 0.66532549 0.26871954
v 0.59558974 0.52144525 0.45899470
v 0.88162313 0.06645970 0.36891866
v 1.04673351 -0.32036120 0.35947258
v 1.07953722 -0.42447163 0.34967288
v 1.07457581 -0.47138757 0.37368856
v 1.09084070 -0.59803747 0.38542815
v 1.21678404 -0.93979898 -0.22646361
v 1.01617989 -0.20503840 -0.51324396
v 0.92055829 -0.13311129 -0.57239855
v 0.59393881 0.58750065 -0.52652195
v 0.57660194 0.65968193 -0.44452409
v 0.59037280 0.68322780 -0.37000832
v 0.62994152 0.69701509 0.10210054
v 0.71909079 0.25654770 0.49795876
v 0.96553925 -0.09526493 0.31687677
v 0.96910305 -0.09297588 0.30159784
v 0.96910305 -0.09273205 0.29988959
v 0.97056714 -0.09297588 0.29891349
v 0.95268948 -0.12005113 0.37708975
v 1.13135784 -0.46420923 -0.41685767
v 0.93400080 -0.12271414 -0.56100106
v 0.91902454 -0.12944245 -0.57912734
v 0.58254425 0.69963410 0.20296195
v 0.60709648 0.56442641 0.40707664
v 0.65978248 0.45861168 0.44854379
v 0.84034752 0.05313534 0.43861941
v 1.21068689 -0.81688320 -0.29969925
v 1.13914341 -0.50146361 -0.41888739
v 0.94455370 -0.11293968 -0.53418447
v 0.70830437 0.24657831 -0.64247951
v 0.71249486 0.29361513 -0.61560212
v 0.69113383 0.36840921 -0.60213428
v 0.66987022 0.41550319 -0.59465529
v 0.61678059 0.71850601 -0.15684103
v 0.94693181 -0.10450282 0.36141502
v 1.20412601 -0.92403650 0.16998120
v 1.21627192 -0.89643812 0.12132951
v 1.22381913 -0.93146937 -0.01313721
v 1.22328557 -0.91619958 -0.15836956
v 1.08033958 -0.29437885 -0.43803995
v 0.86995971 -0.05168264 -0.60124918
v 0.58999119 0.72705949 0.07732274
v 0.64410874 0.68635209 0.10358184
v 0.76833238 0.11824931 0.50296763
v 0.97476112 -0.08946143 0.29883471
v 0.99829688 -0.17247273 0.35107078
v 1.15333291 -0.79739483 0.32007063
v 1.19035229 -0.88701683 0.23845117
v 1.12206268 -0.37413435 -0.38252652
v 0.95133208 -0.10542533 -0.51459403
v 0.92602827 -0.12756706 -0.56239091
v 0.92198235 -0.11154910 -0.56562131
v 0.61537958 0.55228231 -0.54276338
v 0.59931859 0.63546376 0.32193975
v 0.97592986 -0.09881745 0.32147681
v 1.03531254 -0.20035834 0.31155521
v 1.11202940 -0.34557422 0.23237875
v 1.01442107 -0.17468203 -0.48681052
v 0.60163405 0.64662249 -0.43242908
v 0.97712891 -0.11267506 0.33461512
v 1.12127364 -0.68043586 0.35876137
v 1.22442009 -0.87213309 -0.19616572
v 0.65670739 0.53851209 -0.51206575
v 0.63301556 0.67862619 0.16839975
v 0.69219824 0.48312237 0.39344691
v 1.10959444 -0.49574760 0.32526173
v 1.20231837 -0.90921051 0.18747443
v 1.22134802 -0.92450767 0.05324364
v 0.73853987 0.28190420 -0.59082068
v 0.91655831 -0.12939037 0.42189521
v 0.98912713 -0.07861163 0.25277084
v 1.21961978 -0.88027917 0.09793588
v 0.66068516 0.68507745 -0.17466167
v 0.64701357 0.62670629 0.27718206
v 0.98119693 -0.08588500 0.27705202
v 1.00128660 -0.08000847 0.24428938
v 1.10598853 -0.39972062 0.28508624
v 1.22846523 -0.86158630 -0.10067806
v 1.22079832 -0.84739544 -0.23959143
v 1.19916014 -0.67585629 -0.29701030
v 1.03620631 -0.16792652 -0.43621133
v 0.97158109 -0.09873508 -0.48776001
v 0.71144470 0.41357685 -0.55026869
v 0.66688178 0.62552349 -0.37340650
v 0.62811842 0.69372446 -0.26347861
v 0.66393899 0.68760034 -0.12482351
v 0.65145226 0.69252713 0.03925332
v 0.67241501 0.58507902 0.30463338
v 0.72409104 0.46543654 0.36658264
v 0.96755340 -0.08923467 0.31235285
v 1.02416376 -0.20009682 0.33598012
v 1.05661982 -0.18178223 0.24279322
v 1.16471529 -0.77239603 0.29573876
v 1.20972274 -0.86997831 0.16539556
v 1.22779553 -0.87966290 -0.00259329
v 1.21764269 -0.73676920 -0.21180534
v 1.21437377 -0.75515598 -0.24968597
v 1.17980267 -0.60664794 -0.34325734
v 0.97816086 -0.09488924 -0.47375027
v 0.93709459 -0.11710236 -0.54100651
v 0.82318172 0.09222290 -0.58680626
v 0.81938830 0.17270570 -0.54038306
v 0.66104378 0.49234392 -0.55114719
v 0.64679859 0.60139515 -0.44682501
v 0.66791477 0.65176216 -0.29949747
v 0.68568530 0.66858485 0.00866333
v 0.67279268 0.55347359 0.34672987
v 0.91188111 0.01659847 0.34466395
v 1.11331570 -0.27410072 0.15949459
v 1.12105741 -0.30015952 0.16380844
v 1.13760692 -0.37428989 0.16991000
v 1.12923404 -0.33977950 0.16739443
v 1.17955237 -0.78644563 0.26331011
v 1.11476250 -0.32159076 -0.36290802
v 0.97630508 -0.08926418 -0.44930475
v 0.96519845 -0.09688048 -0.47368265
v 0.96397841 -0.09810052 -0.47441475
v 0.96495440 -0.09834457 -0.48124753
v 0.66249850 0.65211164 0.17976910
v 0.65794073 0.50236152 0.41847636
v 1.00371864 -0.07486166 0.20706968
v 1.04253100 -0.18205867 0.27716504
v 1.10679496 -0.25524683 0.15282738
v 1.11854930 -0.29133108 0.15701234
v 1.12975217 -0.35688434 0.17522610
v 1.09869744 -0.36378562 0.28170654
v 1.13760969 -0.60211129 0.30826705
v 1.22867209 -0.87788776 -0.03327479
v 1.17822685 -0.57331044 -0.32641116
v 1.05898881 -0.16571545 -0.37309188
v 1.04950179 -0.18124255 -0.42314074
v 0.69750453 0.65370889 0.05220427
v 0.93109943 0.01141926 0.31081581
v 1.04707899 -0.18034598 0.26360251
v 1.08033961 -0.20258615 0.18501582
v 1.11062971 -0.29633074 0.18390236
v 1.12800365 -0.32084798 0.17666863
v 1.13456931 -0.57182363 0.30663355
v 1.07536894 -0.16879651 -0.31872163
v 0.97046761 -0.09354688 -0.46204636
v 0.95864924 -0.10095613 -0.49287678
v 0.78127380 0.22615859 -0.56510509
v 0.67603292 0.55272239 -0.47217695
v 0.65570015 0.68104471 -0.22744945
v 0.82861032 0.18457151 0.38642298
v 1.17224950 -0.70066760 0.26040516
v 0.96284571 -0.09644904 -0.48506585
v 0.93594598 -0.10481347 -0.54097185
v 0.69205273 0.66567522 -0.12527136
v 0.70025757 0.51574589 0.35284417
v 0.76912134 0.27360591 0.42948322
v 1.01076367 -0.07127594 0.18179966
v 1.01724064 -0.07014139 0.15219253
v 1.00904639 -0.07986713 0.22933101
v 1.01077257 -0.08882544 0.23980580
v 1.21001515 -0.83521389 0.16447125
v 1.21218102 -0.66852629 -0.16440135
v 0.98856775 -0.08835225 -0.44343550
v 0.97715587 -0.09004770 -0.44025064
v 0.97617988 -0.09053559 -0.44708347
v 0.76583150 0.31545776 -0.53669431
v 0.71805982 0.64376043 -0.03150912
v 0.99266311 -0.07957548 0.24292255
v 1.07676187 -0.21836259 0.21609994
v 1.13327825 -0.42293637 0.22751235
v 1.15807417 -0.64129915 0.27633159
v 1.22327718 -0.82345577 0.08109468
v 0.97837613 -0.08907150 -0.43976259
v 0.71244002 0.54929161 0.29182432
v 0.74392145 0.41750044 0.37691701
v 0.76172653 0.39089926 0.36656685
v 1.15977618 -0.45583226 0.16861877
v 1.15325086 -0.43109786 0.17200020
v 1.14526512 -0.40376866 0.17239129
v 1.22637482 -0.80723050 0.02440276
v 1.17021561 -0.50717524 -0.30730675
v 1.04105314 -0.11506509 -0.34639555
v 0.99801779 -0.08623202 -0.42485722
v 0.69471288 0.56520485 -0.42860857
v 0.72997515 0.58585007 -0.32583701
v 0.72558741 0.62558319 0.05995353
v 0.67746905 0.61870735 0.23566205
v 0.95238607 -0.00086965 0.27269623
v 1.13907211 -0.36155444 0.22578836
v 1.14176199 -0.49830931 0.25221257
v 1.18393273 -0.69606405 0.22691240
v 1.21846850 -0.81463166 0.11500881
v 1.22871428 -0.80653993 -0.05024972
v 1.09452892 -0.22296237 -0.31256314
v 1.00009920 -0.07926267 -0.39769413
v 0.74060354 0.44786682 -0.48259123
v 0.71586336 0.62686587 -0.23910888
v 0.72937282 0.58328146 0.19519330
v 0.95514485 0.03649589 0.22921579
v 1.15610390 -0.43536443 0.22137872
v 1.01507804 -0.07348499 -0.35270508
v 0.98889611 -0.08299284 -0.41451003
v 0.81212459 0.28769507 -0.47927928
v 0.70865745 0.56590437 -0.40661260
v 0.72493042 0.63355333 -0.14029950
v 0.78086545 0.57574405 -0.03649609
v 1.08934865 -0.18568011 0.12195170
v 1.09153407 -0.20823043 0.14396750
v 1.13222225 -0.32626449 0.24046025
v 1.20212052 -0.79667498 0.19762824
v 1.21648017 -0.78447474 0.12587956
v 0.99023384 -0.08304789 -0.40762518
v 0.98386618 -0.08512861 -0.42887261
v 0.95990582 -0.08908562 -0.48844423
v 0.88003309 0.07654313 -0.50754589
v 0.74031421 0.41132208 -0.51286256
v 0.71476819 0.49422651 -0.48110797
v 1.04193114 -0.17806044 0.27572992
v 1.10520558 -0.23115214 0.15518202
v 1.15547537 -0.42869119 0.24109666
v 1.15306172 -0.45009566 0.17445482
v 1.22712655 -0.77534705 -0.06500601
v 1.10947658 -0.23891492 -0.24651626
v 0.83042799 0.26782126 0.32905398
v 0.87668531 0.17722062 0.29944401
v 1.08774355 -0.15466101 0.19813171
v 1.22409654 -0.74277740 0.02517966
v 1.21625987 -0.67738798 -0.08560129
v 1.12308351 -0.30656569 -0.29763182
v 1.04920305 -0.06601198 -0.19518177
v 1.03873276 -0.06501535 -0.24883352
v 0.77276004 0.40773856 -0.46362163
v 0.74850063 0.50562758 -0.40950297
v 0.72526880 0.57400038 -0.35498732
v 0.76120692 0.59879727 -0.08919939
v 0.81114017 0.34093664 0.31246129
v 1.01686658 -0.05187481 0.13027999
v 1.02791419 -0.06996373 0.14673254
v 1.15657929 -0.51940876 0.22278516
v 1.00067975 -0.07795347 -0.37198193
v 1.09157405 -0.18064996 0.12897395
v 1.09933347 -0.21073756 0.14528865
v 1.18525452 -0.67570126 0.21766818
v 1.22358322 -0.76750469 0.03825616
v 1.14243174 -0.37379720 -0.29194367
v 0.71891806 0.62948460 0.08534992
v 0.74544432 0.59230545 0.11686435
v 0.75401338 0.57555227 0.13344884
v 0.75234918 0.54786143 0.20627121
v 0.79147537 0.38696220 0.31725245
v 1.02649662 -0.07143359 0.16458761
v 1.14968017 -0.38363468 0.28043824
v 1.16807741 -0.48999352 0.16422319
v 1.17357162 -0.48181319 -0.23560522
v 0.92843009 0.05427504 -0.42885515
v 0.81019386 0.37667762 0.28484781
v 0.80224563 0.29463242 0.36671205
v 0.93539997 0.14343514 0.15547098
v 0.92507446 0.16524320 0.15601269
v 1.03006148 -0.06538653 0.08458909
v 1.06510055 -0.11529864 0.09769556
v 1.17385615 -0.45867980 0.32919827
v 1.08951418 -0.17130663 -0.22563614
v 0.84135348 0.22359300 -0.46898984
v 0.74462047 0.59560838 -0.24209138
v 0.76730684 0.58183350 0.04520080
v 0.90319053 0.20772813 0.17841421
v 0.94377149 0.12063286 0.09705471
v 0.96663649 0.08350936 0.11316263
v 1.09538753 -0.14331372 0.25535599
v 1.17401714 -0.55744171 0.18194127
v 1.19616382 -0.66143289 0.16306579
v 1.19832998 -0.58092867 -0.17526216
v 1.15890821 -0.39783486 -0.18868097
v 1.01415684 -0.07200522 -0.32082616
v 1.01127873 -0.07439503 -0.32789799
v 1.00015676 -0.07340606 -0.37815827
v 0.75467014 0.52527861 0.24163502
v 0.88187950 0.20211463 0.26403052
v 0.96836489 0.15326011 0.12315848
v 1.07273783 -0.11133634 0.14940299
v 1.17209793 -0.50427870 0.20681366
v 1.01766488 -0.07174539 -0.30237421
v 1.01644462 -0.07174539 -0.30310631
v 1.01571247 -0.07223350 -0.31311148
v 0.91133336 0.18657752 0.18597771
v 1.06041386 -0.10450204 0.08039438
v 1.07627979 -0.14489636 0.11118972
v 1.10239371 -0.21282703 0.21056726
v 1.17398753 -0.51347687 0.22729998
v 1.17565660 -0.52874512 0.15863116
v 1.19982395 -0.57828581 -0.01194925
v 1.07268590 -0.10996337 -0.13244673
v 1.02413816 -0.06959145 -0.27303577
v 0.75099339 0.49384711 -0.42176697
v 0.76024065 0.50721288 0.25853466
v 0.78433170 0.47717191 0.24038765
v 0.93814145 0.12301204 0.08700735
v 1.03825455 -0.06566890 -0.16968213
v 1.02425360 -0.06906105 -0.26381761
v 1.02400955 -0.06930510 -0.26967429
v 0.98953784 -0.07701657 -0.41232391
v 0.86114644 0.18936544 -0.45735977
v 0.76561285 0.58508055 -0.17879145
v 0.79220876 0.54739420 0.06256955
v 1.03186595 -0.05029422 0.03055608
v 1.04267147 -0.06296308 -0.13281691
v 1.02547364 -0.06930510 -0.26308551
v 1.02238431 -0.06845397 -0.31047102
v 0.81641717 0.34285540 -0.42794216
v 0.80636029 0.38434269 -0.41428854
v 0.79050394 0.48677726 -0.34220231
v 0.76017255 0.55533580 -0.30308690
v 0.78674157 0.56439591 -0.10982052
v 0.92315982 0.14242198 0.11765043
v 0.95694728 0.11145211 0.08512304
v 1.02401201 -0.06812756 -0.28268845
v 0.95676833 0.02577265 -0.38759282
v 0.90087498 0.18226580 0.15728397
v 0.89625937 0.19765346 0.16541000
v 1.04241921 -0.06364949 -0.03880646
v 1.02752525 -0.06698669 -0.25970119
v 0.87461012 0.27195047 0.20848638
v 0.88838916 0.22227496 0.17701675
v 0.97472463 0.19878898 0.16713605
v 1.04092313 -0.06578182 0.04478723
v 1.03541604 -0.06855858 0.12179883
v 0.88784121 0.21596478 0.17421468
v 0.88784121 0.21450069 0.17421468
v 1.25540684 -0.80968485 0.36725460
v 1.20360233 -0.62333362 0.31449349
v 1.17496225 -0.50921683 0.16690602
v 1.18322824 -0.54452187 0.15406547
v 1.18943055 -0.52785947 -0.14499919
v 1.04802634 -0.06647430 0.04007490
v 1.07301144 -0.13011015 0.10304450
v 0.97609202 0.08254685 0.04479028
v 1.03828471 -0.06545581 0.01159850
v 0.87695086 0.26569529 0.19094587
v 0.88731849 0.23538012 0.18307339
v 0.88784121 0.21718504 0.17421468
v 1.12320827 -0.21727772 0.30172366
v 1.19889600 -0.49703869 0.39146937
v 1.24035121 -0.73127070 0.39163105
v 1.17990713 -0.52788919 0.16398824
v 1.18591632 -0.55754711 0.14802306
v 1.20533085 -0.64910804 0.09323190
v 1.04790178 -0.02877063 0.13116358
v 0.98946723 0.12726426 0.08570276
v 0.96527093 0.04003730 -0.34548270
v 0.82130426 0.39121122 -0.37178407
v 0.83776945 0.38090570 -0.33506179
v 0.78165197 0.54657424 -0.24435054
v 0.82025522 0.49072218 0.08485450
v 1.07798553 -0.05908068 0.25431610
v 1.18233755 -0.57125870 0.15317109
v 1.21324473 -0.66705454 0.02457786
v 1.12624728 -0.26406171 -0.11469457
v 1.05431127 -0.06640774 -0.10062268
v 0.97143293 0.09452717 0.00937690
v 1.01808186 -0.00292958 -0.12496500
v 0.79969947 0.53958680 -0.15371043
v 0.82587626 0.44100423 0.16246661
v 0.86624123 0.30589330 0.20097341
v 0.87849437 0.25403542 0.18733498
v 0.99540758 0.14469752 0.12613084
v 1.20969514 -0.66328912 0.28146685
v 1.16982575 -0.43415549 -0.12267625
v 1.01419250 0.09821413 0.14351749
v 0.83057839 0.43375136 0.14312974
v 0.87417565 0.25842598 0.18739224
v 0.87319966 0.26086627 0.18739224
v 0.87563974 0.25769382 0.18714819
v 1.05074244 -0.00707340 0.19622038
v 1.23500427 -0.61852235 0.43797035
v 1.18158960 -0.55667698 0.15563173
v 1.14662903 -0.34774738 -0.19749226
v 1.10767641 -0.20574343 0.00347323
v 0.94292947 0.11353459 0.06710303
v 1.03819204 -0.06403953 -0.19474902
v 0.92517878 0.09682850 -0.39685218
v 0.88091533 0.22750873 -0.37657201
v 0.81077194 0.52578539 -0.13248815
v 0.87197941 0.26184226 0.18739224
v 0.87520827 0.26237804 0.18737224
v 0.98952666 0.18020918 0.15656795
v 1.06662060 -0.09106632 0.07643665
v 0.96519845 0.09639061 -0.00539074
v 0.96666276 0.09639061 -0.00612290
v 0.96861495 0.09639061 -0.00709899
v 1.01400559 -0.06751103 -0.32598607
v 0.83626988 0.40354723 0.16164884
v 0.83244660 0.39068972 0.16372135
v 1.24678668 -0.57584604 0.47063856
v 1.18846106 -0.56088337 0.10477577
v 1.00148160 0.03628831 -0.03899711
v 0.82830168 0.41080370 0.15023032
v 0.83244660 0.38946969 0.16372135
v 0.83244660 0.38800538 0.16372135
v 0.83997651 0.37926777 0.16891570
v 0.84293993 0.35701371 0.17958326
v 0.84293993 0.35530557 0.17958326
v 0.84293993 0.35359743 0.17958326
v 0.84500017 0.37702869 0.18281833
v 0.86855085 0.28018779 0.19007631
v 1.28039190 -0.82252622 0.45843230
v 1.13750047 -0.30605492 -0.11907053
v 1.05426118 -0.06785448 -0.01919274
v 0.97291560 0.10491510 -0.06055022
v 0.82314317 0.48909118 0.05423437
v 0.99456275 0.18323280 0.16671509
v 1.12180998 -0.13162681 0.33162980
v 1.24778190 -0.70121970 0.43646961
v 1.24309987 -0.78462666 0.31941628
v 1.18579255 -0.51581954 0.03674213
v 1.16132323 -0.39878101 0.02688003
v 1.06264670 -0.09822769 0.07354689
v 1.00940263 0.08709561 0.08037969
v 0.96824913 0.09837636 -0.02955644
v 0.96075952 0.08070299 -0.30541383
v 0.95216010 0.11957423 -0.27321492
v 0.81779804 0.43742967 0.12257587
v 0.83290767 0.39017610 0.16279077
v 1.00397424 0.16420377 0.17199057
v 1.17568758 -0.45814113 -0.04680263
v 1.14420504 -0.33073921 -0.06776873
v 1.06772625 -0.09584079 -0.00183434
v 1.06195648 -0.09116981 0.03849367
v 1.00894504 0.09712395 -0.02326377
v 0.95267035 0.09737571 0.02379937
v 0.80402383 0.47335403 -0.31806235
v 0.83913060 0.47049798 -0.11096324
v 0.83168348 0.39538225 0.16003351
v 0.83916566 0.37414661 0.16967263
v 1.28083321 -0.86224871 0.42689445
v 1.19542104 -0.59930374 0.19452460
v 1.18523183 -0.53335613 0.10128344
v 0.94484885 0.10713092 0.04688264
v 0.81547667 0.46941516 -0.28370314
v 0.82540170 0.49486401 -0.02735336
v 0.82388205 0.49660241 0.01580763
v 0.82461096 0.41613854 0.14394279
v 0.84451327 0.35737448 0.17875799
v 1.13568300 -0.23615423 0.32727767
v 1.18655502 -0.54437223 0.12108681
v 1.06527849 -0.09507858 0.01008351
v 1.06850836 -0.08755449 0.02061585
v 0.99829708 0.11593517 0.07344873
v 0.92533799 0.18178415 -0.28601641
v 0.84105312 0.46176159 -0.12206597
v 0.82037239 0.47965755 0.06160472
v 0.82476141 0.45986026 0.10747819
v 1.29194246 -0.81893544 0.49272966
v 1.16693241 -0.41837953 0.03872397
v 1.11289768 -0.22043487 0.00206831
v 1.10430531 -0.20341233 0.02615913
v 1.06567552 -0.08748500 0.06390340
v 1.04312477 -0.01297664 0.03513602
v 1.03241474 -0.05846375 -0.21645377
v 0.98206902 0.05711367 -0.24617825
v 0.87405795 0.29851390 -0.31560637
v 0.83211215 0.48443945 -0.07350545
v 0.85373965 0.32919884 0.18719012
v 1.19317708 -0.55750692 0.11492631
v 1.18528487 -0.52019585 0.08171723
v 1.15329669 -0.36760909 0.02815215
v 1.13591191 -0.30042087 0.01903027
v 1.11030738 -0.20547303 0.00743640
v 1.09533565 -0.17141642 0.00029711
v 1.09557664 -0.17711608 0.04094382
v 1.09564093 -0.16950376 0.01133585
v 0.94912720 0.10478691 -0.02396172
v 0.95159385 0.10401750 -0.05427954
v 0.86011984 0.40821096 -0.17864715
v 0.84593560 0.45779432 -0.15131767
v 0.81141359 0.48397800 0.01036457
v 0.81818634 0.47016778 0.07289129
v 0.81480811 0.45302612 0.10212089
v 0.85530943 0.33425750 0.18507044
v 0.87860703 0.31305679 0.18897252
v 1.05563278 0.06081910 0.25557954
v 1.30032310 -0.81733826 0.51061661
v 1.29428653 -0.89963041 0.43498733
v 1.17759493 -0.46680637 0.05385348
v 1.12103791 -0.24817675 0.00556943
v 1.09721289 -0.18094438 0.02684669
v 0.99511505 0.11186209 0.04787129
v 0.93538335 0.17687782 -0.24651613
v 0.90581310 0.24527572 0.18305860
v 1.17063922 -0.29712485 0.38544025
v 1.29575196 -0.93175435 0.38995731
v 1.30818148 -0.96659915 0.37428289
v 1.11583516 -0.23405408 0.00019334
v 0.81097696 0.47235943 0.06123297
v 1.22420175 -0.70050882 0.17955938
v 1.19034260 -0.52059841 0.07652066
v 1.16885869 -0.43427342 0.04969731
v 1.15603473 -0.38263954 0.02218661
v 1.14101055 -0.32076332 0.02491365
v 1.08129655 -0.12581268 0.00116964
v 0.95261242 0.11818198 -0.08396758
v 0.87008164 0.37324405 -0.19186001
v 0.81896268 0.46027220 -0.09867367
v 0.81308782 0.47829812 -0.05218404
v 1.17830826 -0.45460670 0.04718148
v 1.15469034 -0.37134783 0.03549090
v 1.14708572 -0.34355203 0.02971129
v 1.14487929 -0.33947019 0.01879879
v 1.10361809 -0.18531919 0.00652595
v 1.07104228 -0.08354609 0.00111654
v 1.07729298 -0.07178695 -0.05337719
v 0.96368267 0.13201472 -0.11935784
v 0.92210356 0.22615684 -0.20848312
v 0.85697796 0.37591962 -0.27032119
v 0.99638487 0.24331610 0.20115221
v 1.01134029 0.20550400 0.21424842
v 1.20336529 -0.59187634 0.10907244
v 1.13409861 -0.28633484 0.01641447
v 1.05632306 -0.04209084 0.00542244
v 1.00628100 0.09369244 0.01683377
v 0.94521707 0.16998556 -0.15674041
v 0.87813995 0.34937099 -0.20893867
v 0.81063608 0.48261801 -0.02413870
v 0.98554373 0.23740338 0.18762758
v 1.26946251 -0.87279211 0.29124585
v 1.17770168 -0.48121707 0.07424785
v 1.12915355 -0.27734784 0.01602818
v 1.12109432 -0.23024910 -0.00362118
v 0.95976935 0.14034700 -0.12964411
v 0.95080701 0.16266584 -0.15344600
v 0.81122924 0.47879481 0.04019505
v 0.82350740 0.45622893 0.09667319
v 0.98406088 0.27134874 0.19566341
v 1.00381435 0.26147940 0.21876204
v 1.29541590 -0.70784384 0.53298585
v 1.24917848 -0.80793479 0.22733695
v 1.15883957 -0.38410823 0.02770758
v 1.14950158 -0.33434631 0.01552778
v 0.84501977 0.44407390 -0.13998114
v 0.95445817 0.36311856 0.18010683
v 0.95978256 0.31651900 0.19088980
v 1.32501584 -0.84945303 0.54709229
v 0.99618265 0.10662188 0.00279386
v 0.82737764 0.43838365 -0.13089939
v 0.82646876 0.44796641 -0.11692218
v 1.09670515 0.03372278 0.32089595
v 1.21205672 -0.39892297 0.43862732
v 1.32781934 -0.92353899 0.51883626
v 1.33631456 -0.94901417 0.51991727
v 1.34065013 -1.01112051 0.46444648
v 1.23725580 -0.75142017 0.18789637
v 1.13654058 -0.26229511 -0.02567565
v 0.91421285 0.23567563 -0.18937427
v 0.81476424 0.46917969 -0.08056902
v 1.13612387 -0.07089634 0.36130623
v 1.28464454 -0.91314365 0.28101253
v 1.21764072 -0.61438730 0.07689691
v 1.19775622 -0.52366291 0.04758812
v 1.16803881 -0.40538754 0.02628455
v 1.07690437 -0.09615715 -0.00766185
v 0.93301581 0.19501054 -0.17363201
v 0.92905002 0.21028677 -0.18398636
v 0.88530980 0.32099606 -0.20047108
v 0.88803154 0.45761472 0.09824794
v 0.99058952 0.36230995 0.21454810
v 0.98844322 0.31808491 0.20883469
v 1.31477641 -0.76681778 0.55150871
v 1.09213957 -0.15200377 0.00191173
v 0.86821860 0.34629825 -0.19005149
v 0.85381202 0.36945691 -0.18160110
v 0.84902216 0.39181978 -0.17144931
v 1.29826332 -0.92430732 0.19883331
v 1.05290786 0.01058199 -0.07868558
v 1.01461527 0.09394014 -0.05624108
v 0.93365530 0.15634724 -0.13720550
v 0.89540614 0.25647379 -0.19353719
v 0.89750724 0.29013441 -0.20338590
v 0.87710405 0.31138029 -0.19622154
v 0.86929506 0.33163457 -0.19353719
v 0.86929506 0.33017048 -0.19353719
v 0.86929506 0.33407508 -0.19353719
v 0.86929506 0.33578322 -0.19353719
v 0.84081266 0.42082373 -0.14986393
v 0.91913770 0.44197276 0.12159736
v 0.97325772 0.35983763 0.19471942
v 1.02204524 0.25929223 0.24442630
v 1.21976238 -0.29953676 0.45315787
v 1.30907149 -0.65644394 0.55215698
v 1.34449025 -0.73911103 0.58934134
v 1.34841693 -0.83011990 0.58704915
v 0.97177753 0.11163523 -0.03164575
v 0.89711450 0.25549758 -0.19378125
v 0.89516209 0.25793788 -0.19329325
v 0.89371855 0.26260246 -0.19334805
v 0.89216278 0.28703229 -0.19888267
v 0.87832408 0.31040408 -0.19597749
v 0.87637189 0.31699303 -0.19646559
v 0.90957085 0.45581218 -0.10657311
v 0.89948872 0.48196706 0.03034507
v 1.25516296 -0.46899553 0.49174192
v 1.37993778 -1.08614058 0.47278318
v 1.33989062 -1.03707569 0.38020095
v 1.30813045 -0.95240626 0.21901924
v 1.16012704 -0.32227065 -0.03784802
v 1.00685565 0.11301477 -0.06887653
v 0.92519131 0.17403648 -0.15470318
v 0.90589947 0.22377376 -0.18328803
v 0.89150176 0.27379968 -0.19646559
v 0.89028150 0.27453183 -0.19622154
v 0.88897390 0.27922985 -0.19613467
v 0.87286692 0.33064749 -0.19419117
v 0.90962857 0.46858437 -0.08286913
v 0.93731425 0.44733123 0.13164985
v 1.06049616 0.14496494 0.28294702
v 1.11760167 0.06774266 0.34451508
v 1.36485847 -0.88201466 0.59705177
v 1.36609159 -1.03876055 0.50303822
v 1.36769252 -1.05753574 0.47942008
v 0.94741940 0.14022055 -0.10620427
v 0.90589947 0.22230967 -0.18304397
v 0.88979362 0.27648402 -0.19597749
v 0.91664490 0.47661529 0.06993251
v 0.92978500 0.45633188 0.11485341
v 1.15396522 -0.05413675 0.38145103
v 1.32055811 -1.00109577 0.32197754
v 1.04408569 0.07919498 -0.13631823
v 0.91672329 0.19471972 -0.16866508
v 0.90917998 0.21587121 -0.18000225
v 0.90916768 0.22145053 -0.18304242
v 0.90760761 0.22182157 -0.18279992
v 0.90607574 0.22552821 -0.18319652
v 0.89848152 0.24981916 -0.19153725
v 0.95129660 0.43875613 0.15265091
v 0.94289202 0.40995501 0.15650989
v 1.29865186 -0.56983656 0.54192447
v 1.24478647 -0.70402894 0.08277369
v 1.01044035 0.13131915 -0.11210468
v 1.00160293 0.15966008 -0.13631488
v 1.39049130 -1.06331174 0.52604479
v 1.23888705 -0.64190088 0.03470406
v 1.16109380 -0.31566753 -0.04728768
v 0.97826685 0.11307952 -0.04983919
v 0.91369714 0.22180881 -0.18097255
v 0.95872556 0.23392824 -0.18309775
v 0.92130214 0.49932837 0.00058424
v 1.33081800 -0.65077341 0.57519073
v 1.37541676 -1.01687154 0.54912072
v 1.26464702 -0.77760225 0.09832599
v 1.20892095 -0.48704726 -0.02407864
v 1.11541668 -0.13749128 -0.10022486
v 0.89850999 0.26675299 -0.19490227
v 0.88383509 0.29589656 -0.19644534
v 0.93520585 0.36845209 -0.18162309
v 0.84158707 0.40882931 -0.15386184
v 1.21633373 -0.18005867 0.44348111
v 1.37084381 -1.09707656 0.34099811
v 1.33903566 -1.02842706 0.26216627
v 1.11592103 -0.16282698 -0.07401575
v 0.98381242 0.21658858 -0.17662589
v 0.92422868 0.49832931 0.03506991
v 1.37831465 -0.95000446 0.59041735
v 1.23522058 -0.54639369 -0.03807465
v 1.18584525 -0.35199737 -0.07838298
v 0.92987567 0.45312698 -0.12207271
v 0.94949487 0.51118914 0.07874631
v 0.99152690 0.40589878 0.20742857
v 1.26756777 -0.33767963 0.49831614
v 1.35219905 -1.02908383 0.18558699
v 1.32131305 -0.91415388 0.09854537
v 1.29018175 -0.87641357 0.14330005
v 1.05890973 0.26554039 0.28363370
v 1.39667113 -0.97923790 0.60100991
v 1.34221732 -1.00623533 0.18204341
v 1.08651474 -0.03645609 -0.12372971
v 0.90689475 0.48579911 -0.02855704
v 0.95445979 0.53295550 -0.01013727
v 0.91237741 0.49083001 0.01602876
v 0.96401875 0.50540055 0.11486426
v 0.97743253 0.43749060 0.18443869
v 1.01264729 0.33135902 0.23949284
v 0.91093949 0.47614167 -0.06885640
v 1.17030569 0.01214042 0.39053850
v 1.27446492 -0.29823494 0.49890050
v 1.37619896 -0.75282250 0.62011016
v 1.22507673 -0.45459622 -0.08414942
v 0.97236888 0.28650438 -0.19622755
v 0.95662293 0.34688706 -0.18993432
v 0.95001081 0.43967808 -0.15434815
v 0.99328702 0.49243866 0.15618191
v 1.12011250 0.12349183 0.34291926
v 1.36238172 -0.67592020 0.60570262
v 1.40718872 -0.90447260 0.63417598
v 1.38031621 -1.10480336 0.41672369
v 0.95986977 0.37421823 -0.18451731
v 0.92801111 0.42311421 -0.14711925
v 0.95075853 0.52855578 0.03602401
v 1.29488877 -0.36188053 0.52180793
v 1.39937237 -0.80851901 0.63919955
v 1.28800130 -0.75211550 0.01112462
v 1.06389900 0.04613801 -0.14812075
v 1.01396460 0.40354103 0.22757877
v 1.26857205 -0.21099175 0.48341996
v 1.35005606 -0.52629395 0.58017755
v 1.23465457 -0.42608963 -0.11868358
v 1.19898403 -0.31725102 -0.13120795
v 0.99670473 0.18357457 -0.15790024
v 0.98814767 0.29079937 -0.19983687
v 0.95314434 0.50919441 -0.09061718
v 1.39758711 -1.11826444 0.45178480
v 1.33924455 -0.96156110 0.11552828
v 1.00945881 0.18061472 -0.16335599
v 0.96680240 0.52972394 -0.06491304
v 1.41824660 -1.12078748 0.48836609
v 1.39156489 -1.09982399 0.21220670
v 1.36217185 -1.00816579 0.12290686
v 1.00008477 0.25974018 -0.19996905
v 1.45122300 -0.88071195 0.66905817
v 1.40391941 -1.04951383 0.56220560
v 1.41322528 -1.12300553 0.19516574
v 1.31256419 -0.87912013 0.07636605
v 1.32656391 -0.85078276 0.01562354
v 1.27811423 -0.61596539 -0.06980152
v 1.14255309 -0.12044437 -0.16407524
v 0.99819648 0.22665186 -0.18553196
v 1.00346910 0.55006729 0.01087802
v 0.97206214 0.53186633 0.06887063
v 1.28223436 -0.19767417 0.48803263
v 1.42678079 -0.97362900 0.62778337
v 1.43417501 -1.14830454 0.46113522
v 1.32548855 -0.78318580 -0.03422399
v 1.00142569 0.46402547 0.18714467
v 1.04753285 0.34135070 0.26523609
v 1.47142413 -0.89356439 0.67333702
v 1.44526404 -1.07587296 0.57057894
v 1.41990747 -1.10568699 0.51842185
v 1.41445328 -1.15269884 0.30866341
v 1.37811360 -1.10927407 0.31142283
v 1.28871558 -0.74542760 0.00153144
v 0.98964490 0.31257953 -0.20473595
v 0.99252352 0.45029307 -0.18464828
v 0.97587205 0.51977973 0.10449594
v 1.11930973 0.24335842 0.32298963
v 1.43141797 -1.01268344 0.61259686
v 1.41628889 -1.15933043 0.36494776
v 1.40524650 -1.14478144 0.37045098
v 1.25168187 -0.39949015 -0.15524499
v 1.01845642 0.52856869 0.10135911
v 1.42248116 -0.74208271 0.65222941
v 1.45609631 -0.76353452 0.66912854
v 1.42950028 -1.04482150 0.58869639
v 1.29794807 -0.45448099 -0.17856771
v 1.03343395 0.15513839 -0.17830481
v 0.97607210 0.35970611 -0.19726805
v 0.99486702 0.54157630 -0.05797698
v 1.21854417 0.00520718 0.41961275
v 1.37362035 -0.96963698 0.04766322
v 1.20511588 -0.27450738 -0.16792619
v 0.97918054 0.48929842 -0.14591962
v 1.00197848 0.50858860 -0.13328851
v 0.99178826 0.54179139 0.05477683
v 1.16549705 0.14061152 0.36578471
v 1.37865457 -0.48516517 0.58924539
v 1.40179690 -1.12718056 0.24616325
v 1.40795974 -1.08239575 0.12871784
v 1.18567016 -0.20638779 -0.17567364
v 1.00199865 0.54428848 0.04146293
v 1.00473125 0.54223177 0.05195605
v 1.00473125 0.54174367 0.05464039
v 1.00473125 0.54125556 0.05732474
v 1.17915752 0.09393340 0.38323736
v 1.28085234 0.02366802 0.43342065
v 1.27054492 -0.47912290 -0.13777571
v 1.31842441 -0.20599884 0.50623670
v 1.44645586 -0.69088815 0.65590119
v 1.02431157 0.23098656 -0.21129487
v 0.99626624 0.49050300 -0.15177390
v 1.01169834 0.54079311 0.06381117
v 1.03657901 0.44596463 0.21424518
v 1.09358909 0.41229924 0.23418971
v 1.09615837 0.36589501 0.26927548
v 1.08331914 0.32880227 0.28444782
v 1.43358005 -0.57959189 0.62939221
v 1.32933663 -0.67929257 -0.10289700
v 1.10861771 -0.01015485 -0.18428384
v 1.01529929 0.35307630 -0.22706621
v 1.39952826 -0.38881788 0.57527107
v 1.47215919 -0.67444332 0.66089140
v 1.47826312 -0.74311910 0.67461168
v 1.45628203 -1.11200929 0.53702196
v 1.44644793 -1.13145683 0.50595099
v 1.48108750 -1.20608722 0.32103525
v 1.45498017 -1.18713420 0.27893669
v 1.43742320 -1.16612604 0.25354294
v 1.03111276 0.21612086 -0.21178547
v 1.14065320 0.03394252 -0.23699969
v 1.03149648 0.50143653 -0.14054923
v 1.00874028 0.54120377 -0.04871920
v 1.06144615 0.46528653 0.18976104
v 1.16976375 0.26189440 0.32353621
v 1.48757553 -1.00387089 0.63876442
v 1.44469175 -1.17635929 0.39636091
v 1.43730638 -1.13214837 0.16004761
v 1.30339290 -0.58346540 -0.12339527
v 1.31148526 -0.51746776 -0.16329079
v 1.03926454 0.31179542 -0.24261258
v 1.03514005 0.50546938 0.14305357
v 1.04784263 0.48478704 0.17305361
v 1.54530331 -1.02057437 0.62605195
v 1.34978334 -0.78450564 -0.06654984
v 1.06779073 0.25430444 -0.25064071
v 1.02598420 0.52027494 0.12224912
v 1.07693340 0.44159757 0.21112728
v 1.11545782 0.37642109 0.25691630
v 1.33335206 -0.09081376 0.47622177
v 1.35345304 -0.24240004 0.52462955
v 1.46987866 -1.16951219 0.17854901
v 1.04579919 0.49846325 0.15827771
v 1.06508880 0.46108941 0.19612287
v 1.08466445 0.42859799 0.22113232
v 1.12381733 0.36222062 0.26502610
v 1.15238133 0.31133103 0.29284435
v 1.13965908 0.31988280 0.29262738
v 1.22095153 0.15555877 0.37358135
v 1.47904601 -0.94333737 0.66402468
v 1.48339649 -1.11659593 0.53773087
v 1.42309379 -1.05502736 0.06439178
v 1.21195608 0.19994407 0.34878656
v 1.26617813 0.08503815 0.40387926
v 1.47975042 -0.66656022 0.66156944
v 1.49906874 -0.84869430 0.68585583
v 1.37457758 -0.60996880 -0.17619389
v 1.06409990 0.20840306 -0.23861495
v 1.01564628 0.52867457 -0.08967206
v 1.04789320 0.53955340 -0.06501803
v 1.30997486 -0.41103218 -0.20510762
v 1.01725442 0.37608369 -0.22753502
v 1.05588116 0.44861293 -0.19456835
v 1.04126123 0.48510541 -0.15829490
v 1.02985507 0.50391162 -0.13407046
v 1.10415998 0.39538558 0.24478965
v 1.45109667 -0.35086292 0.57342714
v 1.48474390 -1.15639409 0.48402705
v 1.48471889 -1.17796051 0.44044688
v 1.47172054 -1.18404769 0.41690724
v 1.39519289 -0.70059385 -0.15479369
v 1.28968605 -0.27263027 -0.23853646
v 1.11462255 0.14793671 -0.25408326
v 1.11529825 0.19740638 -0.26349234
v 1.07675016 0.42147075 -0.20913962
v 1.01580464 0.55237781 0.00024248
v 1.10882519 0.44429199 0.20675005
v 1.49879190 -0.76791983 0.68300707
v 1.48889179 -1.05966106 0.59950569
v 1.54713887 -1.06894900 0.57550685
v 1.53101257 -1.10635436 0.54355717
v 1.27500254 -0.34061599 -0.20595873
v 1.22667553 -0.19691734 -0.22079214
v 1.02641046 0.41079925 -0.21919444
v 1.03148034 0.44864629 -0.19720345
v 1.05209805 0.46628468 -0.17699893
v 1.04033193 0.51430183 0.13554707
v 1.17005857 0.27962303 0.30961749
v 1.19063573 0.24170129 0.32904443
v 1.19942884 0.23539199 0.33365503
v 1.23021585 0.16602775 0.36387079
v 1.24052508 0.14523548 0.37473849
v 1.29491604 0.04428069 0.41855185
v 1.32270661 -0.01552311 0.44485608
v 1.52098837 -0.90398233 0.68215283
v 1.48567753 -1.20426822 0.34935392
v 1.44798681 -1.09576570 0.08212383
v 1.38699160 -0.92257827 -0.01783979
v 1.02553757 0.51692286 -0.11754698
v 1.13644210 0.34304557 0.27694269
v 1.22269076 0.18464337 0.35649113
v 1.26684756 0.09768160 0.39462182
v 1.30734310 0.01995706 0.42862750
v 1.52682115 -1.14350086 0.49578265
v 1.47104347 -1.18397991 0.21007468
v 1.43495151 -1.03033471 0.01963810
v 1.39946938 -0.77385194 -0.12299759
v 1.04324018 0.38280325 -0.23306056
v 1.04707314 0.54615814 0.03568292
v 1.07458248 0.53289482 0.08095872
v 1.50883108 -0.57219024 0.64135769
v 1.49748127 -0.80088674 0.68718430
v 1.48507503 -1.13951941 0.10564065
v 1.41667949 -0.91157792 -0.05894809
v 1.08714973 0.51791328 0.10670218
v 1.06990035 0.45725219 0.20115007
v 1.25305089 0.12478061 0.38352537
v 1.27621012 0.08092043 0.40276741
v 1.28433108 0.06470171 0.40880925
v 1.29266196 0.07301642 0.40835665
v 1.39793641 -0.17544309 0.50735405
v 1.53382538 -0.92631428 0.67746151
v 1.53707604 -1.10127969 0.54393816
v 1.53328494 -1.11742013 0.52732544
v 1.50564214 -1.19231532 0.19119284
v 1.41529450 -0.75688854 -0.14241725
v 1.36492329 -0.51084090 -0.20728117
v 1.21418987 -0.06717484 -0.25349909
v 1.06231813 0.48668158 0.17485521
v 1.11465971 0.38789027 0.25183566
v 1.53961383 -0.87821246 0.68998198
v 1.53007642 -1.12942303 0.51308916
v 1.52961335 -1.21529999 0.32314567
v 1.47332420 -1.15041006 0.13573074
v 1.21372507 -0.12060932 -0.23773542
v 1.12709175 0.32497473 -0.24816127
v 1.09047532 0.39092554 -0.22614945
v 1.06617451 0.44169934 -0.19564637
v 1.05711949 0.47923212 -0.17092346
v 1.34867908 -0.06587237 0.46284012
v 1.36283475 -0.09543165 0.47516792
v 1.57647401 -0.94947724 0.66756085
v 1.55606685 -1.04363931 0.59708329
v 1.52534686 -1.15571044 0.47874498
v 1.51883884 -1.18305930 0.43640055
v 1.49785409 -1.10453043 0.04380969
v 1.46683508 -1.02873957 -0.01226873
v 1.40533534 -0.83919356 -0.09360377
v 1.44588214 -0.85324023 -0.11592908
v 1.08581329 0.43887479 -0.19763623
v 1.07159843 0.54409831 -0.02785206
v 1.08816785 0.53321300 0.04882684
v 1.34409512 -0.05167986 0.45915282
v 1.35646975 -0.06551812 0.46657284
v 1.41941885 -0.22244692 0.52298988
v 1.50568624 -0.44762515 0.59990834
v 1.51667695 -0.47838443 0.61071761
v 1.54760805 -1.10744678 0.53813750
v 1.52327378 -1.16770531 0.46090301
v 1.08805560 0.40429281 -0.21712186
v 1.37714584 -0.12623042 0.48762758
v 1.42843418 -0.24463313 0.53131930
v 1.43832552 -0.27443587 0.54352709
v 1.48151345 -0.38733240 0.58250403
v 1.55970511 -1.04284363 0.59783851
v 1.44764458 -0.90216716 -0.09109471
v 1.37793558 -0.48156229 -0.22319789
v 1.32958127 -0.34187380 -0.23982781
v 1.09911328 0.38243633 -0.22595777
v 1.05679153 0.52156844 -0.11300881
v 1.19232596 0.35165274 0.25578888
v 1.41015284 -0.20053323 0.51505752
v 1.40882850 -0.21630681 0.52539904
v 1.46597358 -0.33579458 0.56327442
v 1.49508640 -0.40658208 0.58763684
v 1.56595519 -0.64422086 0.65889515
v 1.52834496 -0.70946999 0.67767586
v 1.56380112 -0.83868941 0.69238123
v 1.40307328 -0.60979718 -0.19363645
v 1.11454499 0.35574249 -0.23582466
v 1.13143830 0.47932786 0.14656533
v 1.48807587 -0.39625675 0.58173828
v 1.51359760 -0.46334751 0.60494814
v 1.58912823 -0.76238282 0.68530227
v 1.59566567 -0.93482400 0.66370047
v 1.57406788 -0.99637725 0.63130622
v 1.54915150 -1.07982913 0.56845475
v 1.53285633 -1.20908245 0.36153485
v 1.47955099 -0.96528744 -0.07324500
v 1.32099394 -0.29424408 -0.24966065
v 1.25036891 -0.03821680 -0.27468832
v 1.14213637 0.38400301 0.24945882
v 1.40443609 -0.15965575 0.50281554
v 1.51035950 -0.45657943 0.59980145
v 1.51035950 -0.45535917 0.59980145
v 1.51035950 -0.45804352 0.59980145
v 1.57087874 -0.63935719 0.65226765
v 1.57039064 -0.63984529 0.65373185
v 1.60514094 -0.81082102 0.68564417
v 1.56767113 -0.97213007 0.65443632
v 1.56835294 -1.02714310 0.60972718
v 1.52616334 -1.19634338 0.39954985
v 1.53357719 -1.21119857 0.34410684
v 1.54164966 -1.21587499 0.27049813
v 1.45613950 -0.79541549 -0.14969586
v 1.17977531 0.05314995 -0.26474044
v 1.11261396 0.23889469 -0.26462838
v 1.12387338 0.35437846 -0.23972068
v 1.19811213 0.28742996 0.30370878
v 1.45267731 -0.30544888 0.55234026
v 1.47498102 -0.36208232 0.57085541
v 1.49815889 -0.42442829 0.59134892
v 1.50829170 -0.45208819 0.59934441
v 1.52835151 -0.51023443 0.61806161
v 1.57112280 -0.63789288 0.65177966
v 1.57505112 -0.65029407 0.65650771
v 1.58364243 -0.97227652 0.64613682
v 1.52615283 -1.20366870 0.38026068
v 1.54696159 -1.06729902 -0.01945913
v 1.44033316 -0.64653530 -0.19898212
v 1.11181926 0.27779364 -0.26290442
v 1.17932380 0.23676782 -0.26443085
v 1.32901163 -0.02148220 0.44702323
v 1.38873237 -0.12431703 0.49203924
v 1.39060771 -0.15427518 0.49884388
v 1.41835531 -0.20816411 0.52015759
v 1.54503099 -0.55619939 0.63136319
v 1.56289278 -0.61238453 0.64712720
v 1.53217988 -1.17769575 0.44787435
v 1.54604953 -1.21148482 0.23586695
v 1.51225370 -1.02092702 -0.04785540
v 1.43042541 -0.47784219 -0.24389052
v 1.32237428 -0.16501070 -0.27540355
v 1.25273060 0.21688915 0.33529271
v 1.44145763 -0.27221048 0.54149892
v 1.55231041 -0.58033634 0.63830350
v 1.58157595 -0.67224073 0.66265557
v 1.60665304 -0.88410620 0.67730309
v 1.52799154 -1.16167112 0.47238102
v 1.50666313 -1.00618794 -0.05536379
v 1.18504795 0.22867782 -0.26269474
v 1.17069753 0.25523735 -0.25806220
v 1.15940280 0.27451776 -0.25568449
v 1.14919450 0.29454765 -0.25117283
v 1.13169990 0.32672790 -0.24404927
v 1.15221010 0.42598992 -0.18008649
v 1.22727221 0.28761642 0.29268607
v 1.53631255 -0.53491133 0.62605412
v 1.57103384 -0.62795403 0.65289159
v 1.57895154 -0.98677847 0.63852957
v 1.51013498 -0.98009248 -0.07608272
v 1.19693709 0.11744182 -0.27638780
v 1.45294761 -0.27257876 0.54399542
v 1.58318466 -0.70143172 0.67288335
v 1.59718245 -0.73420573 0.67586912
v 1.55337894 -1.19955505 0.39345000
v 1.43839721 -0.54420561 -0.22827027
v 1.56172477 -0.59311021 0.64331733
v 1.59522597 -0.70461104 0.67077059
v 1.60351410 -0.76055296 0.67892767
v 1.61432196 -0.81384133 0.68250359
v 1.56867782 -1.01354581 0.62039692
v 1.58942284 -1.13673420 0.48323694
v 1.58701082 -1.20999275 0.32490272
v 1.58178737 -1.21155385 0.27232577
v 1.24604372 0.10716303 -0.27799802
v 1.21848413 0.16790519 -0.27012565
v 1.15641385 0.35384910 -0.22838782
v 1.11530071 0.41453183 -0.20770097
v 1.19931399 0.37869588 -0.18808955
v 1.11522185 0.52527139 0.01376231
v 1.13909748 0.49465567 0.10412750
v 1.28491560 0.22225077 0.31637870
v 1.55437013 -0.55774492 0.63315841
v 1.56513200 -1.19757523 0.18934688
v 1.58832221 -1.13649202 0.06526814
v 1.47998626 -0.74399117 -0.18012921
v 1.12441934 0.48593254 -0.12412639
v 1.35378995 0.01134355 0.42978450
v 1.62157088 -0.83804177 0.68134211
v 1.61599551 -1.02527529 0.59153156
v 1.54429356 -1.18022233 0.13501155
v 1.53085553 -0.85822073 -0.14961092
v 1.27540630 0.06154435 -0.27809475
v 1.19771920 0.20227289 -0.26711826
v 1.13704433 0.49550930 -0.08518177
v 1.27695604 0.27842038 0.27163501
v 1.40874942 0.01120508 0.41183095
v 1.53735416 -0.51569481 0.62149592
v 1.61787446 -0.92759638 0.65850506
v 1.59664700 -0.95061491 0.65675060
v 1.62385213 -1.12024029 0.48234818
v 1.60962992 -1.20469310 0.27692564
v 1.57106081 -1.20417276 0.20219313
v 1.58146836 -1.15447426 0.09015535
v 1.48023253 -0.61872153 -0.22016979
v 1.36126093 -0.26928072 -0.26984041
v 1.24929322 0.11011603 -0.27482073
v 1.23675108 0.13413527 -0.27265710
v 1.22942179 0.18593990 -0.26830589
v 1.19587422 0.46566446 -0.01607704
v 1.50831664 -0.34972715 0.56595679
v 1.57059582 -0.57466232 0.63668042
v 1.58324681 -1.17715652 0.13522874
v 1.25679481 0.00437748 -0.28093886
v 1.31464812 -0.02562386 -0.28236381
v 1.22956259 0.15411366 -0.27245882
v 1.20310712 0.19776059 -0.26684928
v 1.21879722 0.31062108 -0.22360432
v 1.18695234 0.42975516 0.16931313
v 1.30822618 0.16244373 0.35276260
v 1.66151985 -0.86569051 0.65701713
v 1.64612269 -0.89999513 0.65359930
v 1.57428860 -1.18444876 0.15555211
v 1.54498542 -1.08492216 0.00084713
v 1.54755916 -0.99455985 -0.07659968
v 1.32001681 -0.03636124 -0.28236381
v 1.31733247 -0.03099255 -0.28236381
v 1.25029004 0.32562960 0.24274896
v 1.45418057 -0.11449566 0.46837304
v 1.55714450 -1.21307591 0.24627242
v 1.56416856 -1.17039868 0.11555970
v 1.35127423 -0.25180714 -0.26990603
v 1.28538711 0.05152082 -0.27986837
v 1.25124834 0.11244430 -0.27562803
v 1.19507487 0.40121795 -0.16584448
v 1.50751666 -0.23079084 0.51057317
v 1.60794031 -0.77059989 0.68044698
v 1.61296390 -0.89825025 0.67399715
v 1.60010162 -1.11856003 0.04578784
v 1.53958004 -0.98087203 -0.08492160
v 1.49733302 -0.65835597 -0.21146479
v 1.34905604 -0.07940949 -0.28156492
v 1.32778478 -0.04302759 -0.28164060
v 1.28999929 0.03395783 -0.27944918
v 1.36827077 0.08595955 0.37855427
v 1.46114900 -0.14626650 0.48311438
v 1.64610250 -0.94588325 0.63342584
v 1.58195360 -1.16790088 0.12089140
v 1.59325599 -1.14248191 0.07976198
v 1.37922930 -0.15118322 -0.27946176
v 1.38175631 -0.15593542 -0.27748322
v 1.19209206 0.43043114 -0.13294313
v 1.52481365 -0.92986163 -0.11474582
v 1.50644030 -0.54174447 -0.24090602
v 1.41514238 -0.23086510 -0.27742288
v 1.38175631 -0.15447133 -0.27748322
v 1.38175631 -0.15300724 -0.27748322
v 1.37508390 -0.13922945 -0.27974497
v 1.36158400 -0.13351545 -0.28423243
v 1.36071334 -0.10853163 -0.28028806
v 1.34184148 -0.07050821 -0.28071310
v 1.31330988 -0.01115748 -0.28031520
v 1.17834436 0.46928436 0.09636944
v 1.40620780 0.04597379 0.38727765
v 1.54763956 -0.31161065 0.53691088
v 1.56945486 -0.44257078 0.58724820
v 1.59275000 -0.64065142 0.65439287
v 1.65124750 -0.79718926 0.66496940
v 1.62826035 -1.16766273 0.40190625
v 1.61504808 -1.04786179 -0.02686539
v 1.61553619 -1.04615365 -0.02784149
v 1.61505989 -1.05138399 -0.02634052
v 1.39664279 -0.18909838 -0.27845534
v 1.38495607 -0.15668473 -0.28045859
v 1.30250943 0.01047219 -0.28041839
v 1.26487508 0.08344812 -0.27721183
v 1.20598117 0.46061527 0.00917620
v 1.18022188 0.42199717 0.19134097
v 1.50744212 -0.21398195 0.50357969
v 1.65349945 -1.01649399 0.57342725
v 1.63293059 -1.07283903 0.53470224
v 1.61529213 -1.04517767 -0.02954963
v 1.58410548 -1.00784739 -0.06922292
v 1.55268859 -0.80685993 -0.17096585
v 1.52990437 -0.76217890 -0.18528080
v 1.46045563 -0.45274279 -0.25469677
v 1.43327329 -0.28471170 -0.27529406
v 1.29376387 0.08106716 -0.27583341
v 1.14181921 0.50304006 -0.06352332
v 1.67082394 -0.74438995 0.64860831
v 1.63709701 -1.19127798 0.22117596
v 1.61057916 -1.07087453 -0.00863203
v 1.47753791 -0.38776949 -0.26369071
v 1.35849100 0.22713145 0.25264510
v 1.41807752 0.10607236 0.32585502
v 1.57000967 -0.30288557 0.52093572
v 1.69785700 -1.03631596 0.50822434
v 1.60965835 -1.10895928 0.03376686
v 1.60730077 -1.09459721 0.01742634
v 1.61596111 -1.04335018 -0.03135169
v 1.50050840 -0.44854076 -0.25387278
v 1.47931564 -0.39924510 -0.26207288
v 1.37688907 -0.08378224 -0.28102617
v 1.20210631 0.45212517 -0.06174123
v 1.24092693 0.41362169 0.10699217
v 1.52269625 -0.09323598 0.41368700
v 1.63845392 -0.65297871 0.64070887
v 1.65123897 -1.18799970 0.28449250
v 1.61850144 -1.03312145 -0.04173752
v 1.60609045 -0.84770908 -0.15470852
v 1.56150347 -0.64199285 -0.21801037
v 1.48058809 -0.39874453 -0.26040122
v 1.48156408 -0.39776833 -0.25893702
v 1.48156408 -0.39483993 -0.25918107
v 1.45260916 -0.32188496 -0.26935942
v 1.32896273 -0.03296581 -0.28197581
v 1.36949177 0.15658220 0.31941574
v 1.46995570 0.00039636 0.37877890
v 1.45945686 -0.05552875 0.43024285
v 1.55043640 -0.21758978 0.48217582
v 1.59129589 -0.42693424 0.57250048
v 1.60610236 -0.93997987 -0.11548633
v 1.54180784 -0.72919736 -0.19766223
v 1.27208065 0.37495787 0.13415817
v 1.29075604 0.35672007 0.13891277
v 1.35986948 0.21663201 0.26104881
v 1.38020858 0.15435846 0.31062293
v 1.67758805 -0.96606949 0.59388856
v 1.65143057 -1.18146152 0.32886021
v 1.62835877 -1.15861934 0.11499657
v 1.59611685 -1.15243547 0.09207359
v 1.39209553 -0.17541750 -0.27936270
v 1.31914996 0.18659386 -0.22989927
v 1.28536769 0.25328981 -0.21371703
v 1.26483361 0.33611444 -0.16238669
v 1.64568907 -0.54213856 0.59626296
v 1.68000842 -1.10728057 0.43991036
v 1.60030301 -0.79339719 -0.17322595
v 1.55638854 -0.61600759 -0.22140848
v 1.51531114 -0.49070613 -0.24643496
v 1.48691472 -0.41007211 -0.25907429
v 1.27705726 0.19051399 -0.25169355
v 1.30052651 0.25031261 -0.20342183
v 1.28757543 0.28989825 -0.18286597
v 1.26469573 0.35980391 -0.13328681
v 1.43617503 0.07806658 0.33570534
v 1.67799891 -0.68483887 0.62753185
v 1.69062852 -0.76937614 0.63620283
v 1.70066231 -0.81904635 0.62869931
v 1.64639381 -1.17654389 0.17643615
v 1.61896325 -1.06283667 -0.01576496
v 1.54090216 -0.56488686 -0.23280640
v 1.53558244 -0.55073616 -0.23591719
v 1.46949938 -0.36364787 -0.26508181
v 1.42481210 -0.25334448 -0.27509052
v 1.31530809 0.34358664 -0.05209409
v 1.66020306 -0.63201954 0.62409687
v 1.69079999 -0.89475070 0.62197011
v 1.60504286 -0.79602387 -0.16718207
v 1.59789803 -0.76161608 -0.18151137
v 1.54720898 -0.58669905 -0.22795708
v 1.50761910 -0.45007068 -0.25630849
v 1.30552381 0.33677238 -0.09531584
v 1.28616057 0.38135383 0.05386706
v 1.40485848 0.16762835 0.26717778
v 1.69267931 -1.15738271 0.30362319
v 1.62383037 -0.95087095 -0.09949413
v 1.62049588 -0.90014813 -0.12810564
v 1.60528691 -0.79822012 -0.16693801
v 1.60455475 -0.79529172 -0.16840221
v 1.57578533 -0.68079444 -0.20557391
v 1.56610939 -0.64604441 -0.21419133
v 1.52273889 -0.49778422 -0.24735985
v 1.52773030 -0.52531933 -0.24072794
v 1.28707615 0.31976882 -0.15335643
v 1.72558315 -0.94800482 0.55219654
v 1.68449787 -1.13093168 0.39426778
v 1.68723535 -1.16274992 0.21673634
v 1.65349375 -1.11429361 0.06036863
v 1.62284517 -0.98011571 -0.08283329
v 1.58386761 -0.70697021 -0.19706272
v 1.29984280 0.36643864 -0.01253443
v 1.31357938 0.31313618 0.18572008
v 1.74968165 -1.05107616 0.40458029
v 1.61786623 -0.87227203 -0.13906409
v 1.61079250 -0.82636915 -0.15866116
v 1.60547817 -0.79819336 -0.16732156
v 1.58746188 -0.71343820 -0.19715227
v 1.57402074 -0.66480768 -0.21072333
v 1.35064624 0.08797818 -0.25594029
v 1.34846404 0.30604741 0.11151161
v 1.69818158 -0.62603551 0.59268946
v 1.71447361 -0.92796468 0.57832138
v 1.66804115 -1.06255023 0.00306520
v 1.60067986 -0.75362542 -0.18522699
v 1.58040415 -0.60885119 -0.22309465
v 1.32672746 0.23857594 -0.18863897
v 1.61284797 -0.36960967 0.53124717
v 1.72596729 -0.86086123 0.59461722
v 1.72766720 -1.00553134 0.49889248
v 1.71395360 -1.09789921 0.40070563
v 1.62415097 -1.00818437 -0.06278742
v 1.63478848 -0.95240554 -0.09951705
v 1.60725795 -0.78537518 -0.17577512
v 1.51959075 -0.37524131 -0.25911466
v 1.43374797 -0.08656855 -0.26382504
v 1.52341575 -0.03469382 0.35840394
v 1.74417413 -1.10907576 0.28768005
v 1.68620529 -1.14309473 0.14378222
v 1.34122380 0.26681091 -0.14026564
v 1.40385848 0.22348564 -0.08836522
v 1.36511000 0.26241907 0.18690344
v 1.53714027 -0.06404268 0.37181004
v 1.54951908 -0.13179631 0.42257480
v 1.63496702 -0.34006781 0.49816775
v 1.72118274 -0.80333428 0.60891817
v 1.73208597 -1.12789453 0.26494139
v 1.71183565 -1.07768503 0.05747213
v 1.58928898 -0.72846088 -0.19255791
v 1.44265733 -0.28719356 -0.27587584
v 1.45006386 0.13405875 0.24672793
v 1.70600088 -1.13665113 0.16182239
v 1.61606420 -0.83559413 -0.15572014
v 1.50895835 -0.39638244 -0.26140063
v 1.39986599 0.12478427 -0.20153202
v 1.32847302 0.33325652 0.09355672
v 1.75932939 -0.89195815 0.53239384
v 1.75825032 -1.00429001 0.44528975
v 1.74569444 -1.10693893 0.18210023
v 1.45184300 -0.15185573 -0.26814927
v 1.44201334 -0.06381738 -0.25554271
v 1.39836288 0.15361801 -0.18097153
v 1.40912083 0.21343296 0.18450980
v 1.60320354 -0.20218934 0.42603760
v 1.60242224 -0.67696690 -0.20400231
v 1.52946798 0.00319997 0.30521336
v 1.60727495 -0.24507230 0.45648460
v 1.67673288 -0.40542974 0.49791289
v 1.67958476 -0.90242009 -0.10695193
v 1.49355284 -0.13117935 -0.24737487
v 1.45108012 0.01389536 -0.22235810
v 1.58853131 -0.09748626 0.34089090
v 1.63549554 -0.40628655 0.53809312
v 1.71262755 -0.61809422 0.57524742
v 1.77587697 -0.99001833 0.42065894
v 1.74451937 -1.09329486 0.34114609
v 1.63174216 -0.87869302 -0.13567752
v 1.41657499 0.18899350 -0.11628053
v 1.39402163 0.26454615 0.04453202
v 1.44686208 0.18078556 0.16221045
v 1.76169391 -0.84971361 0.54339271
v 1.74001331 -1.07682477 0.09839682
v 1.44633615 0.19947326 0.07206630
v 1.55047675 0.01062873 0.25359590
v 1.47981468 0.05241762 0.31682394
v 1.69768614 -0.48363149 0.52663144
v 1.72954395 -0.72000829 0.59159354
v 1.75341767 -0.79881369 0.56751690
v 1.79040655 -1.04880434 0.25871809
v 1.64846817 -0.73194665 -0.17817105
v 1.34506895 0.32002205 -0.01068059
v 1.45067348 0.19397802 0.01309019
v 1.79582270 -0.94857357 0.41678621
v 1.80113075 -0.97777403 0.37189327
v 1.70519595 -0.99768827 -0.03329711
v 1.41644638 0.17235029 -0.13923530
v 1.45767183 0.18250436 0.10777531
v 1.50267676 0.08213238 0.23163584
v 1.61656168 -0.15476831 0.36199755
v 1.74351342 -0.62888623 0.54723031
v 1.71010352 -1.11323652 0.11070864
v 1.69815627 -0.90588429 -0.09403858
v 1.47517584 0.14511898 -0.04927913
v 1.64806890 -0.26632454 0.42839488
v 1.67002983 -0.42124141 0.51677824
v 1.73304573 -0.97534215 -0.02812788
v 1.68843396 -0.94456050 -0.07986933
v 1.64145868 -0.64999856 -0.19655086
v 1.59853959 -0.52191097 -0.22875213
v 1.56737948 -0.40705983 -0.24521320
v 1.56686781 -0.36826745 -0.24529836
v 1.46136768 -0.28667594 -0.27728516
v 1.46252131 0.03329850 -0.20078201
v 1.41656380 0.21646489 -0.07162220
v 1.47986927 0.14702272 -0.02007241
v 1.57269055 0.03144668 0.07480139
v 1.54421085 0.03955168 0.21377399
v 1.77186369 -1.06162027 0.32236501
v 1.72992137 -0.89107904 -0.08020457
v 1.71109619 -0.87580427 -0.10024683
v 1.53715317 0.05929410 0.18185733
v 1.70377841 -0.39745011 0.45845007
v 1.77672044 -0.86478730 0.51479609
v 1.57859832 -0.26967996 -0.22797306
v 1.50058211 0.08142988 -0.10276675
v 1.72233908 -0.51492429 0.51398253
v 1.77695512 -1.07324221 0.23645209
v 1.74843712 -1.05437097 0.07540662
v 1.65249130 -0.57923471 -0.20237654
v 1.50041275 0.11017763 0.17555395
v 1.59234002 -0.06272670 0.28243953
v 1.66745903 -0.20738001 0.33064468
v 1.66814944 -0.67525632 -0.18136231
v 1.49704705 0.12556790 -0.01438679
v 1.54712125 0.06008103 0.12723367
v 1.75926221 -0.68871716 0.54333530
v 1.78571305 -0.92997388 0.45884116
v 1.77170549 -1.02876482 0.08200986
v 1.70292576 -0.83241937 -0.12359275
v 1.69901827 -0.76015533 -0.14722207
v 1.64349236 -0.49200374 -0.20983881
v 1.51662656 -0.09882498 -0.22004661
v 1.56305316 0.03575671 0.14129591
v 1.63228093 -0.13789400 0.31142595
v 1.78356676 -1.04483513 0.14022186
v 1.73338946 -0.86748267 -0.08767349
v 1.58522561 -0.34489052 -0.23602443
v 1.77166659 -1.00328039 0.04869146
v 1.74267249 -1.01647076 0.01543235
v 1.74381678 -0.94767387 -0.03608648
v 1.48220702 0.03183099 -0.18237007
v 1.58442107 0.01075339 0.04334375
v 1.76853830 -0.94908877 -0.00735936
v 1.76537153 -0.83946423 -0.07131696
v 1.52891655 0.01332916 -0.13139121
v 1.55273300 0.05045493 0.00091269
v 1.61656928 -0.07879811 0.24939381
v 1.79906372 -0.81001321 0.48184791
v 1.75391707 -0.91055317 -0.04865910
v 1.69669038 -0.32230282 0.40571988
v 1.73304370 -0.42212533 0.43053169
v 1.77916881 -0.74415316 0.52242596
v 1.81004739 -0.97781011 0.34477654
v 1.73100339 -0.39221077 0.40509604
v 1.77973300 -0.57009924 0.45490042
v 1.81330863 -0.85351756 0.43318963
v 1.79315197 -1.05113334 0.22277241
v 1.81310906 -0.97611605 0.11562986
v 1.66386903 -0.40478070 -0.19082299
v 1.55930882 -0.11377202 -0.18847984
v 1.63798511 -0.11527112 0.25728412
v 1.70142794 -0.27195646 0.33923611
v 1.81021119 -1.00037690 0.29720939
v 1.80840821 -1.01186654 0.16842766
v 1.71727275 -0.67717600 -0.15051553
v 1.62368826 -0.07853458 0.23101170
v 1.77603286 -0.68856899 0.51546916
v 1.78233336 -1.03184297 0.10843849
v 1.66478345 -0.46162698 -0.19531978
v 1.75592445 -0.50156377 0.45160280
v 1.82184107 -0.74476019 0.42197817
v 1.83677102 -0.78968765 0.37562629
v 1.73863924 -0.78601739 -0.11158282
v 1.57596247 -0.21480991 -0.21554091
v 1.52999433 -0.00231796 -0.14622481
v 1.54046181 0.02889278 -0.09124810
v 1.61185235 -0.08217662 -0.07742824
v 1.65917541 -0.14766767 0.25691194
v 1.82354586 -0.93267179 0.34702050
v 1.83635422 -0.93294760 0.14780708
v 1.82521909 -0.91440343 0.07333196
v 1.62531361 -0.20810571 -0.16267696
v 1.62264739 -0.04759750 0.13076045
v 1.76509492 -0.61707376 0.50989663
v 1.83586439 -0.93838055 0.27017056
v 1.80181392 -0.95915953 0.05846146
v 1.59753634 -0.11471477 -0.13927209
v 1.62619451 -0.10658233 -0.07815396
v 1.81683200 -0.69522484 0.42477970
v 1.79106628 -0.88407037 -0.01885022
v 1.63660704 -0.07865732 0.16595003
v 1.75185953 -0.41152489 0.38049042
v 1.76532598 -0.46839223 0.40562775
v 1.82865226 -0.88711451 0.36946357
v 1.68081846 -0.45160990 -0.18017142
v 1.62543118 -0.28598700 -0.19669786
v 1.58039392 -0.00313695 -0.03386581
v 1.81899853 -0.92280763 0.06692223
v 1.75354253 -0.72722945 -0.11116289
v 1.66829890 -0.29902215 -0.15296963
v 1.60186346 -0.13289224 -0.14794197
v 1.84043825 -0.92897589 0.21295719
v 1.80544640 -0.91412158 0.02457994
v 1.69453222 -0.56620807 -0.17633160
v 1.60839568 -0.11460815 -0.12128144
v 1.71978463 -0.25166187 0.24168290
v 1.83678027 -0.66622528 0.34352124
v 1.84672742 -0.89411213 0.25599187
v 1.60319928 -0.02968320 -0.00339528
v 1.79879583 -0.54632401 0.38540032
v 1.72103331 -0.62160136 -0.15351415
v 1.66195553 -0.12378620 0.18217874
v 1.83524614 -0.72706279 0.37305605
v 1.75456566 -0.74233131 -0.10977003
v 1.76084773 -0.60718274 -0.11083816
v 1.71444440 -0.50326751 -0.15540298
v 1.84160047 -0.74971291 0.35567041
v 1.65057994 -0.11194210 -0.02141055
v 1.67179513 -0.13603156 0.15643240
v 1.70661364 -0.19625890 0.13855327
v 1.75698551 -0.32854037 0.23513457
v 1.81725444 -0.65364073 0.41527577
v 1.82573338 -0.67406539 0.39492845
v 1.84843317 -0.86104017 0.28893566
v 1.84426578 -0.87008411 0.10208531
v 1.77187893 -0.72106525 -0.09245609
v 1.66233274 -0.22168666 -0.11732424
v 1.66092006 -0.11469057 0.05186331
v 1.67254153 -0.13201701 0.12084244
v 1.73721776 -0.31686716 0.30065783
v 1.78592227 -0.45786375 0.33498402
v 1.85294030 -0.75068394 0.29503942
v 1.85729818 -0.84600283 0.21366251
v 1.67151586 -0.21262162 -0.09028382
v 1.85487610 -0.83471740 0.25840897
v 1.79399819 -0.78244894 -0.05436453
v 1.72790407 -0.46706351 -0.13414999
v 1.70585014 -0.31850846 -0.10707106
v 1.82419127 -0.84088855 0.02055219
v 1.81863599 -0.80269866 -0.00402678
v 1.71003037 -0.22409264 0.22564205
v 1.84927131 -0.81378602 0.31444583
v 1.83696257 -0.83972073 0.05783720
v 1.79702859 -0.72300173 -0.05709051
v 1.84629825 -0.65656959 0.28511131
v 1.84092245 -0.83250154 0.06775274
v 1.69785111 -0.18774916 0.04094554
v 1.81191038 -0.77508868 -0.02420348
v 1.70060872 -0.36922114 -0.13958416
v 1.72160560 -0.37856394 -0.11074092
v 1.69747103 -0.23078982 -0.04750720
v 1.75157811 -0.30200129 0.18797893
v 1.85468059 -0.85749391 0.17026734
v 1.77650822 -0.39287426 0.27406451
v 1.75806285 -0.30989362 0.14633304
v 1.70207624 -0.20177536 0.01814225
v 1.79647303 -0.44929597 0.27720752
v 1.85323319 -0.77430535 0.09668371
v 1.83273613 -0.78718312 0.02217871
v 1.72516520 -0.23998719 0.06634805
v 1.74693445 -0.29294983 0.05592389
v 1.75032549 -0.43526532 -0.08809883
v 1.74398858 -0.27559018 0.15651100
v 1.85637338 -0.71670042 0.25139144
v 1.74147883 -0.35802994 -0.06065816
v 1.86051133 -0.77340076 0.16301814
v 1.84717475 -0.76619636 0.06836601
v 1.78729001 -0.58265450 -0.06935120
v 1.75769563 -0.47591389 -0.09121089
v 1.81813950 -0.51293643 0.27301262
v 1.86206562 -0.76193853 0.19069277
v 1.82857786 -0.71522109 0.00201739
v 1.71184387 -0.28381228 -0.06785846
v 1.74902689 -0.29358746 0.07482256
v 1.80250177 -0.68339503 -0.05370028
v 1.78458477 -0.51831289 -0.05452322
v 1.75756226 -0.43145079 -0.07116853
v 1.73208822 -0.29519175 -0.02232367
v 1.79564022 -0.41645141 0.20485657
v 1.82971209 -0.53989170 0.23844120
v 1.85859496 -0.74670544 0.13724889
v 1.85547942 -0.79575312 0.11401421
v 1.75604157 -0.32358067 0.03592386
v 1.84689577 -0.61550907 0.22413836
v 1.85416452 -0.65890816 0.19185597
v 1.84525246 -0.70254274 0.05644070
v 1.81263441 -0.60218182 -0.01873866
v 1.77482296 -0.44081216 -0.03680495
v 1.77558914 -0.35573456 0.17626758
v 1.84768351 -0.73157431 0.06732424
v 1.81974982 -0.63608326 -0.00839107
v 1.76881080 -0.33635817 0.10866492
v 1.82691334 -0.51876813 0.18677425
v 1.76025837 -0.35713521 -0.00253688
v 1.80823314 -0.44985733 0.17222189
v 1.85184422 -0.64418282 0.14574256
v 1.85642626 -0.69233675 0.14338980
v 1.85284791 -0.69894573 0.10308758
v 1.79783205 -0.52775677 -0.02653303
v 1.76939577 -0.34529909 0.07029874
v 1.79461624 -0.40428737 0.15883836
v 1.77058676 -0.40328778 -0.01802722
v 1.83337489 -0.64258709 0.02995949
v 1.79045478 -0.44163311 0.01493950
v 1.81209670 -0.46362041 0.13277461
v 1.84114527 -0.57763877 0.18300943
v 1.79560340 -0.44073051 0.03948704
v 1.79235294 -0.41245372 0.07282934
v 1.80302242 -0.43799045 0.10128090
v 1.84210523 -0.58427218 0.14196435
v 1.84555246 -0.65736435 0.07591223
v 1.81878955 -0.58217057 0.00694191
v 1.82595670 -0.51209294 0.13089922
v 1.81795676 -0.55072020 0.02407843
v 1.82787964 -0.52832320 0.10831567
v 1.80817478 -0.50965164 0.01700076
v 1.83328697 -0.56504804 0.08853061
v 1.83284873 -0.59045311 0.05589642
v 1.81631149 -0.50068989 0.06639766
v 1.83483685 -0.56738989 0.09437465
f 8623 8679 3
f 8662 8679 8632
f 8679 8623 8622
f 8479 4 8481
f 8479 8481 8506
f 8506 8481 8553
f 8481 5 8553
f 8480 5 8481
f 4 8479 8481
f 8481 8479 8505
f 6 7624 7
f 7574 7 7624
f 8 7529 9
f 4111 15 4178
f 4085 4178 15
f 4014 4031 4068
f 3751 3800 3787
f 3689 3669 3690
f 19 3669 3691
f 3668 3618 3772
f 21 22 20
f 23 22 21
f 20 22 25
f 21 20 26
f 20 25 24
f 23 21 28
f 28 21 26
f 24 27 20
f 27 26 20
f 22 23 3457
f 36 27 24
f 24 25 3516
f 3457 23 28
f 26 27 28
f 34 27 38
f 3516 25 22
f 28 27 34
f 29 27 31
f 27 36 31
f 22 3457 3516
f 27 29 33
f 30 29 31
f 32 3516 3457
f 38 27 33
f 31 36 30
f 3516 36 24
f 28 34 3457
f 35 30 3515
f 30 36 3515
f 3516 32 37
f 32 3457 3474
f 38 33 3620
f 29 30 39
f 39 30 3442
f 30 35 3473
f 3516 37 3500
f 3457 34 3474
f 33 29 39
f 3228 40 3229
f 41 3301 3274
f 44 42 43
f 43 44 3226
f 42 44 43
f 44 43 45
f 47 46 49
f 50 47 48
f 49 48 47
f 3114 47 3148
f 47 50 3115
f 46 47 3114
f 47 3115 3148
f 55 53 54
f 54 53 51
f 52 51 3119
f 3119 51 3120
f 51 53 3120
f 3096 53 55
f 54 51 52
f 3120 53 3095
f 3121 53 3096
f 54 52 3205
f 3206 52 3119
f 55 54 3205
f 59 56 57
f 57 56 2793
f 2793 56 58
f 58 56 59
f 2750 2818 57
f 57 2793 2805
f 2849 57 2818
f 58 59 2898
f 2898 59 2868
f 59 57 2779
f 61 61 62
f 1642 67 66
f 2245 69 2190
f 69 2193 68
f 69 68 1446
f 1446 68 2193
f 70 75 85
f 83 70 82
f 84 82 70
f 72 70 85
f 70 89 73
f 89 70 80
f 83 82 97
f 84 70 73
f 80 70 72
f 83 71 87
f 70 83 75
f 71 83 97
f 97 82 100
f 88 74 71
f 88 71 97
f 73 89 84
f 92 89 80
f 110 80 72
f 94 74 88
f 80 110 93
f 85 75 86
f 77 71 76
f 71 74 76
f 71 77 87
f 77 76 78
f 78 78 79
f 78 76 79
f 76 74 79
f 79 74 99
f 94 88 91
f 86 75 95
f 95 75 83
f 95 83 87
f 77 78 81
f 78 78 81
f 81 78 99
f 78 79 99
f 84 89 103
f 77 96 87
f 96 107 87
f 96 77 99
f 77 81 99
f 82 84 100
f 103 89 92
f 80 93 92
f 115 86 95
f 99 74 90
f 91 88 97
f 100 84 101
f 142 86 115
f 112 90 130
f 119 90 74
f 108 94 91
f 101 84 120
f 84 103 120
f 104 103 92
f 72 85 125
f 99 90 112
f 141 93 110
f 112 96 99
f 119 74 94
f 114 97 100
f 137 104 92
f 92 93 153
f 72 125 232
f 85 86 142
f 102 95 107
f 95 87 107
f 90 113 156
f 119 94 108
f 117 91 97
f 97 114 117
f 100 101 109
f 128 120 103
f 137 92 129
f 125 85 142
f 121 115 95
f 107 98 102
f 106 116 98
f 130 90 118
f 108 91 117
f 101 120 135
f 128 103 104
f 148 110 105
f 102 98 116
f 118 90 156
f 109 101 135
f 129 92 153
f 105 110 72
f 121 95 116
f 95 102 116
f 199 107 96
f 113 90 119
f 127 117 114
f 140 153 93
f 140 93 141
f 141 110 148
f 106 98 107
f 96 112 122
f 113 119 126
f 104 137 147
f 106 107 199
f 199 96 164
f 119 108 117
f 131 117 127
f 100 109 135
f 128 104 147
f 105 72 232
f 195 115 121
f 150 121 116
f 168 113 134
f 134 113 183
f 183 113 126
f 138 129 153
f 148 105 204
f 125 142 144
f 144 142 149
f 195 121 150
f 150 116 111
f 111 116 106
f 96 122 164
f 123 112 130
f 156 113 168
f 143 119 131
f 119 117 131
f 100 135 162
f 135 120 136
f 221 120 128
f 145 149 142
f 142 115 195
f 122 112 164
f 164 112 123
f 130 118 123
f 123 118 156
f 157 114 100
f 176 129 138
f 178 232 125
f 111 106 133
f 165 134 183
f 126 119 160
f 169 119 143
f 161 127 114
f 204 105 163
f 133 106 151
f 106 199 151
f 131 127 143
f 161 127 124
f 124 127 161
f 161 114 157
f 137 129 171
f 129 176 132
f 139 153 140
f 188 141 154
f 163 105 232
f 178 125 144
f 146 150 111
f 143 127 161
f 157 100 220
f 170 135 136
f 221 128 147
f 154 141 148
f 194 148 204
f 111 133 151
f 209 123 156
f 162 135 170
f 147 137 171
f 153 139 172
f 139 140 172
f 140 141 188
f 145 142 195
f 158 195 150
f 146 111 155
f 111 151 155
f 181 123 209
f 183 126 160
f 170 136 120
f 138 153 235
f 226 154 148
f 148 194 226
f 149 145 195
f 164 123 181
f 160 119 169
f 220 100 162
f 170 120 186
f 221 147 203
f 147 251 203
f 152 129 132
f 153 172 236
f 144 149 173
f 173 149 246
f 150 146 180
f 198 151 1220
f 209 156 240
f 161 157 200
f 186 120 167
f 167 120 234
f 120 221 234
f 129 152 171
f 152 132 176
f 179 195 158
f 159 146 155
f 1220 151 199
f 240 156 168
f 174 169 161
f 169 143 161
f 251 147 171
f 152 176 171
f 214 176 235
f 176 138 235
f 235 153 236
f 246 149 195
f 206 195 179
f 218 190 196
f 198 146 159
f 159 155 151
f 200 157 166
f 204 163 232
f 196 190 197
f 190 150 197
f 180 146 198
f 159 151 198
f 168 134 191
f 248 191 134
f 134 165 261
f 183 160 219
f 219 160 249
f 160 169 249
f 174 161 200
f 157 212 211
f 157 220 212
f 220 162 170
f 171 176 187
f 237 172 140
f 237 140 188
f 188 154 189
f 173 205 239
f 158 150 190
f 197 150 180
f 1191 164 181
f 261 248 134
f 165 183 261
f 261 183 262
f 183 182 262
f 166 157 200
f 200 157 211
f 212 202 192
f 220 170 186
f 231 187 176
f 224 176 255
f 176 214 255
f 236 172 177
f 189 154 226
f 232 178 1187
f 178 144 1187
f 144 173 239
f 190 218 233
f 181 209 208
f 175 184 192
f 192 184 185
f 185 184 184
f 184 175 184
f 175 192 184
f 184 192 202
f 167 234 186
f 231 176 224
f 236 177 237
f 177 172 237
f 215 226 194
f 1187 144 239
f 179 158 217
f 207 198 1220
f 210 240 168
f 210 168 191
f 183 219 182
f 192 185 193
f 185 184 193
f 184 202 193
f 251 221 203
f 171 187 231
f 245 194 204
f 205 173 1188
f 206 179 217
f 1220 199 164
f 228 191 248
f 169 174 1205
f 1205 174 200
f 241 211 201
f 212 192 201
f 192 193 201
f 201 193 202
f 243 234 221
f 213 171 231
f 237 188 225
f 245 232 1187
f 246 195 206
f 196 197 207
f 197 180 207
f 180 198 207
f 1220 164 1191
f 209 240 1245
f 262 182 229
f 1224 169 1205
f 241 200 211
f 211 212 201
f 242 220 186
f 1250 231 224
f 1195 235 236
f 188 189 244
f 244 189 226
f 1264 226 215
f 227 194 1346
f 194 245 1346
f 1188 258 205
f 158 190 222
f 222 190 233
f 218 196 207
f 181 208 1191
f 208 209 1245
f 240 210 1192
f 229 182 219
f 249 169 1224
f 1205 200 241
f 223 212 220
f 1194 234 243
f 251 171 213
f 215 216 1264
f 215 194 227
f 206 217 1189
f 1189 217 158
f 254 207 1219
f 1219 207 260
f 260 207 1220
f 241 201 202
f 202 212 223
f 230 186 234
f 243 221 251
f 251 213 231
f 1217 1187 239
f 239 205 258
f 1189 158 1202
f 247 158 1190
f 158 222 1190
f 233 218 254
f 218 207 254
f 1221 1220 1191
f 1206 202 223
f 242 186 230
f 1320 1194 243
f 1338 255 1227
f 1227 255 235
f 255 214 235
f 237 225 244
f 244 226 1264
f 216 215 238
f 204 232 245
f 246 206 1189
f 222 233 254
f 1222 1245 240
f 191 228 210
f 1409 1261 248
f 261 262 1307
f 1206 1205 241
f 241 202 1206
f 220 242 1207
f 1248 242 250
f 1226 251 1250
f 251 231 1250
f 225 188 244
f 1188 173 1189
f 1189 173 246
f 1202 158 1259
f 1260 1190 222
f 1191 208 1245
f 1246 1222 240
f 1246 240 1192
f 210 228 248
f 1330 248 1261
f 1409 248 1236
f 1204 229 249
f 229 219 249
f 223 220 1193
f 1193 220 1207
f 230 234 1194
f 1195 236 252
f 236 237 252
f 237 244 256
f 253 216 257
f 257 216 1244
f 216 238 1244
f 238 215 1244
f 158 247 1259
f 1192 210 1330
f 262 229 1204
f 1227 235 1292
f 1292 235 1195
f 1238 1264 216
f 227 1346 215
f 1221 1191 1234
f 248 261 1236
f 250 242 1194
f 251 1226 243
f 1237 237 256
f 1346 1244 215
f 1346 245 1289
f 1272 245 1187
f 1217 239 258
f 1202 1273 1303
f 1273 1202 1259
f 1203 1190 1260
f 1260 222 1218
f 222 254 1218
f 254 1219 1218
f 210 248 1330
f 1223 1409 1334
f 1205 1206 1225
f 1206 223 1193
f 1207 242 1248
f 1278 1248 250
f 1320 243 1291
f 224 255 1338
f 252 237 1237
f 1237 256 244
f 1308 244 1264
f 216 253 1239
f 272 267 284
f 268 267 266
f 266 267 271
f 269 270 268
f 284 267 280
f 275 268 270
f 268 266 271
f 271 267 272
f 267 268 290
f 290 268 275
f 269 268 273
f 268 276 273
f 276 268 279
f 279 268 271
f 272 284 277
f 280 267 290
f 281 270 269
f 306 269 287
f 281 269 306
f 271 272 288
f 294 288 272
f 275 270 281
f 287 269 273
f 284 280 285
f 290 275 278
f 276 279 297
f 271 288 279
f 289 277 307
f 298 280 286
f 287 273 276
f 287 276 325
f 294 272 277
f 284 307 277
f 298 285 280
f 274 290 278
f 275 281 278
f 281 306 305
f 325 276 293
f 288 294 283
f 294 277 321
f 286 280 290
f 308 281 309
f 291 306 287
f 293 276 297
f 316 279 288
f 318 307 284
f 274 278 292
f 278 281 308
f 317 307 318
f 318 284 295
f 284 285 295
f 324 290 274
f 297 279 316
f 321 277 289
f 287 282 291
f 312 282 338
f 324 286 290
f 291 282 296
f 325 282 287
f 316 288 353
f 282 325 313
f 293 297 316
f 314 294 344
f 341 294 321
f 302 274 303
f 274 292 303
f 305 309 281
f 282 313 338
f 353 288 283
f 321 289 307
f 285 298 322
f 286 323 337
f 324 274 310
f 311 310 274
f 308 309 333
f 296 282 334
f 334 282 312
f 344 294 341
f 298 286 337
f 319 337 323
f 311 274 299
f 300 299 301
f 299 274 301
f 301 274 302
f 292 278 304
f 278 308 304
f 320 305 306
f 325 293 316
f 326 307 317
f 322 295 285
f 299 300 311
f 300 301 311
f 311 301 302
f 309 305 320
f 320 306 291
f 345 338 313
f 307 326 321
f 315 295 322
f 286 324 323
f 304 308 333
f 283 294 314
f 318 295 327
f 311 302 362
f 368 304 347
f 333 309 320
f 334 312 338
f 349 345 313
f 387 283 314
f 327 295 342
f 322 298 337
f 324 310 311
f 292 304 303
f 291 296 364
f 365 325 340
f 325 316 340
f 353 283 387
f 387 314 331
f 327 317 318
f 342 295 336
f 336 295 315
f 332 323 324
f 347 304 333
f 333 320 369
f 330 334 355
f 334 338 355
f 357 349 325
f 349 313 325
f 340 316 358
f 388 341 321
f 337 319 328
f 302 303 304
f 317 351 326
f 336 315 322
f 328 319 361
f 319 323 361
f 324 311 362
f 320 291 364
f 296 334 364
f 388 321 326
f 317 327 351
f 336 322 343
f 361 323 332
f 329 324 362
f 392 302 304
f 316 353 358
f 367 314 350
f 350 314 344
f 342 336 335
f 428 328 379
f 332 324 329
f 390 362 302
f 304 368 392
f 347 333 370
f 333 369 371
f 363 320 364
f 350 344 341
f 388 326 359
f 337 328 428
f 369 320 363
f 357 325 365
f 358 353 366
f 387 331 367
f 331 314 367
f 376 327 342
f 426 342 335
f 343 322 346
f 322 337 428
f 332 329 362
f 364 334 330
f 381 330 355
f 345 355 338
f 326 351 384
f 426 335 413
f 335 336 377
f 346 322 352
f 370 333 371
f 408 369 363
f 364 330 354
f 339 345 348
f 345 349 348
f 410 340 358
f 353 387 366
f 350 341 388
f 403 342 426
f 336 343 346
f 360 413 335
f 336 346 352
f 352 322 428
f 355 345 373
f 365 340 410
f 384 359 326
f 376 342 403
f 377 336 378
f 379 328 361
f 302 392 390
f 368 347 370
f 381 355 419
f 356 355 373
f 339 348 357
f 348 349 357
f 375 336 352
f 405 361 332
f 354 330 381
f 419 355 423
f 423 355 356
f 425 350 412
f 351 327 376
f 405 332 362
f 406 392 368
f 407 371 369
f 407 369 408
f 373 345 339
f 365 410 383
f 410 358 366
f 387 367 415
f 388 359 402
f 384 351 376
f 389 335 436
f 335 377 436
f 427 378 336
f 438 361 429
f 354 381 372
f 382 373 339
f 339 357 386
f 350 374 442
f 350 388 374
f 427 336 375
f 405 362 385
f 385 362 390
f 391 390 392
f 406 368 370
f 408 363 393
f 393 363 418
f 367 420 415
f 420 367 350
f 412 350 442
f 402 359 384
f 375 352 428
f 429 361 405
f 406 370 380
f 441 408 393
f 364 354 363
f 354 372 363
f 363 381 394
f 386 357 397
f 357 365 445
f 427 375 428
f 380 370 407
f 370 371 407
f 363 372 381
f 394 381 451
f 451 381 419
f 365 383 445
f 402 384 396
f 384 376 417
f 448 376 464
f 398 403 426
f 413 360 389
f 455 377 378
f 404 428 379
f 385 390 431
f 392 406 450
f 408 441 409
f 458 382 339
f 410 366 395
f 395 366 387
f 401 387 415
f 421 420 350
f 417 396 384
f 417 376 448
f 464 376 403
f 443 436 377
f 405 385 431
f 391 392 467
f 339 386 397
f 397 357 445
f 395 387 401
f 421 350 425
f 374 388 402
f 435 447 402
f 389 360 335
f 455 378 399
f 427 428 466
f 437 379 449
f 379 361 449
f 449 361 438
f 409 441 400
f 410 445 383
f 411 410 401
f 446 442 402
f 442 374 402
f 435 402 463
f 404 379 437
f 431 390 391
f 467 392 450
f 432 406 407
f 406 380 407
f 440 407 408
f 418 363 433
f 356 452 423
f 373 382 523
f 339 397 470
f 410 395 401
f 416 402 447
f 402 396 417
f 443 377 455
f 399 378 427
f 503 441 418
f 441 393 418
f 419 423 422
f 458 339 470
f 470 397 414
f 402 417 463
f 403 398 464
f 428 404 437
f 493 440 408
f 363 394 451
f 475 419 422
f 523 382 458
f 446 402 416
f 491 426 413
f 444 438 429
f 431 391 467
f 432 407 440
f 493 408 469
f 408 409 400
f 459 410 434
f 411 401 415
f 453 513 420
f 425 412 442
f 413 389 465
f 479 455 399
f 429 405 431
f 469 408 400
f 422 423 495
f 457 373 523
f 497 414 397
f 445 410 459
f 410 411 424
f 459 411 513
f 513 411 415
f 513 415 420
f 453 420 421
f 446 416 447
f 448 464 472
f 478 398 426
f 535 491 413
f 451 419 475
f 462 397 445
f 453 421 425
f 463 417 448
f 465 389 436
f 437 466 428
f 450 406 552
f 406 432 439
f 519 423 456
f 458 470 481
f 497 397 462
f 410 424 434
f 434 424 411
f 478 426 491
f 413 465 535
f 399 427 466
f 483 449 438
f 429 430 444
f 552 406 439
f 433 363 451
f 495 423 519
f 452 356 461
f 356 373 457
f 411 459 434
f 476 425 526
f 526 425 442
f 447 435 463
f 464 398 478
f 465 436 454
f 454 436 473
f 501 399 466
f 430 429 484
f 429 431 467
f 552 439 432
f 432 440 460
f 487 418 433
f 423 452 456
f 470 414 481
f 488 459 513
f 471 446 447
f 473 436 515
f 436 443 515
f 438 444 483
f 506 429 467
f 400 441 509
f 509 441 503
f 458 481 523
f 480 444 606
f 467 450 552
f 552 432 468
f 440 493 460
f 433 451 475
f 519 452 265
f 445 459 462
f 459 488 512
f 453 425 476
f 526 442 489
f 489 442 446
f 447 463 477
f 569 478 491
f 501 466 557
f 483 444 480
f 484 429 506
f 506 467 474
f 468 432 460
f 492 460 565
f 493 469 502
f 503 418 487
f 456 452 519
f 265 452 461
f 461 356 457
f 513 453 476
f 535 465 536
f 465 454 473
f 444 430 484
f 508 460 493
f 566 475 422
f 446 471 489
f 463 448 472
f 472 464 569
f 464 478 569
f 482 465 473
f 443 455 515
f 515 455 537
f 500 455 479
f 466 437 483
f 437 449 483
f 618 483 480
f 444 564 606
f 474 467 507
f 518 467 531
f 467 552 531
f 522 461 457
f 490 471 447
f 463 472 477
f 473 515 482
f 479 399 501
f 550 474 507
f 507 467 518
f 460 492 468
f 494 502 469
f 494 469 400
f 510 503 620
f 620 503 487
f 433 475 566
f 546 462 459
f 525 459 547
f 513 476 499
f 505 526 489
f 447 477 578
f 562 491 535
f 536 465 570
f 537 455 500
f 550 506 474
f 552 468 492
f 494 400 485
f 577 503 510
f 620 487 486
f 487 433 566
f 422 495 553
f 519 265 520
f 511 461 554
f 504 457 523
f 555 481 532
f 496 533 481
f 481 414 497
f 462 546 497
f 525 546 459
f 476 526 548
f 489 471 490
f 465 482 556
f 466 483 557
f 444 484 564
f 530 507 517
f 507 518 517
f 494 485 627
f 627 485 400
f 566 422 553
f 265 461 511
f 523 481 543
f 532 481 533
f 496 481 497
f 524 544 497
f 547 459 512
f 512 488 498
f 490 447 576
f 477 472 561
f 569 491 603
f 570 465 556
f 482 515 556
f 500 479 501
f 571 618 480
f 506 550 484
f 527 507 530
f 552 492 565
f 565 460 508
f 540 487 566
f 542 457 504
f 496 497 612
f 612 497 544
f 497 546 545
f 513 499 498
f 514 476 548
f 632 526 505
f 576 447 578
f 568 477 561
f 561 472 569
f 573 565 508
f 493 502 597
f 494 627 502
f 627 400 509
f 509 503 577
f 486 487 540
f 598 566 553
f 520 265 559
f 461 522 554
f 522 457 542
f 524 497 545
f 488 513 498
f 498 499 587
f 499 476 514
f 556 515 549
f 480 606 625
f 550 507 538
f 538 507 527
f 527 530 551
f 508 493 597
f 540 566 583
f 265 511 554
f 504 523 586
f 543 481 555
f 533 496 532
f 660 546 525
f 534 489 490
f 657 490 576
f 491 562 603
f 537 500 501
f 617 557 483
f 580 480 625
f 527 516 528
f 572 528 516
f 528 516 516
f 516 516 529
f 516 527 529
f 529 527 551
f 530 517 518
f 553 495 541
f 495 519 574
f 519 520 559
f 265 521 559
f 521 265 554
f 512 498 661
f 587 499 560
f 499 514 548
f 560 548 526
f 505 489 534
f 615 561 569
f 590 570 591
f 549 515 593
f 537 501 594
f 571 480 580
f 538 527 572
f 527 528 572
f 572 516 551
f 516 529 551
f 565 518 531
f 531 552 565
f 597 502 610
f 627 509 577
f 620 486 653
f 486 540 539
f 688 522 542
f 586 523 543
f 532 496 612
f 677 525 547
f 567 547 512
f 567 512 629
f 560 499 548
f 616 536 570
f 591 570 556
f 593 515 563
f 515 537 563
f 594 501 557
f 617 483 618
f 564 484 558
f 484 550 595
f 518 565 530
f 653 486 654
f 486 539 654
f 541 495 574
f 554 522 688
f 542 504 586
f 586 543 555
f 629 512 661
f 661 498 599
f 599 498 575
f 560 526 644
f 644 526 602
f 562 535 536
f 604 616 570
f 556 549 593
f 594 557 579
f 558 484 607
f 607 484 595
f 577 510 620
f 539 540 654
f 585 566 598
f 621 519 559
f 524 612 544
f 545 546 660
f 575 498 587
f 526 632 602
f 602 632 736
f 477 568 578
f 568 561 615
f 604 570 590
f 591 556 593
f 579 557 617
f 637 618 571
f 606 564 670
f 619 564 558
f 550 538 581
f 573 508 597
f 654 540 583
f 584 566 585
f 553 541 574
f 574 519 621
f 676 559 521
f 586 555 532
f 660 525 677
f 587 560 644
f 615 569 589
f 593 563 624
f 624 563 537
f 636 537 594
f 605 625 606
f 582 538 572
f 610 502 627
f 566 584 583
f 542 586 643
f 586 532 628
f 612 524 622
f 599 575 613
f 657 576 588
f 589 569 603
f 636 624 537
f 572 551 609
f 609 551 530
f 565 667 530
f 565 573 596
f 553 574 621
f 521 554 688
f 628 532 612
f 588 576 578
f 634 562 616
f 562 536 616
f 591 593 592
f 637 571 580
f 580 625 637
f 558 607 650
f 608 581 538
f 667 565 687
f 734 565 596
f 627 577 611
f 598 553 621
f 689 586 628
f 622 524 545
f 702 567 629
f 613 623 599
f 680 632 505
f 710 578 568
f 568 615 739
f 633 615 589
f 670 564 619
f 652 595 550
f 608 538 641
f 538 582 641
f 641 582 572
f 687 565 734
f 734 596 573
f 642 573 597
f 597 610 753
f 611 577 620
f 698 584 598
f 584 585 598
f 677 547 702
f 547 567 702
f 630 575 600
f 601 600 631
f 600 575 631
f 631 575 662
f 575 587 662
f 668 662 587
f 534 490 657
f 633 589 603
f 603 562 634
f 604 590 727
f 591 592 645
f 592 593 645
f 645 593 624
f 649 619 558
f 607 595 652
f 550 581 608
f 641 572 609
f 753 610 696
f 688 542 643
f 643 586 689
f 628 612 689
f 630 600 601
f 600 601 601
f 601 601 614
f 601 631 614
f 644 602 736
f 680 505 534
f 710 568 739
f 739 615 669
f 669 615 633
f 681 633 603
f 717 603 634
f 682 727 591
f 727 590 591
f 635 591 683
f 591 645 683
f 594 579 684
f 618 637 665
f 625 605 692
f 606 670 605
f 649 558 650
f 651 650 607
f 652 550 641
f 550 608 641
f 734 573 642
f 627 611 696
f 598 621 699
f 612 622 656
f 622 545 656
f 613 575 630
f 601 614 630
f 614 631 630
f 703 587 644
f 736 632 737
f 726 588 578
f 604 727 616
f 636 594 684
f 579 617 760
f 617 618 665
f 670 619 648
f 648 619 672
f 638 619 685
f 723 530 667
f 611 620 653
f 583 584 698
f 688 643 655
f 656 545 660
f 599 623 661
f 623 613 661
f 682 591 635
f 645 624 707
f 707 624 636
f 750 684 579
f 646 665 637
f 619 638 672
f 619 626 685
f 685 626 639
f 639 626 640
f 626 619 640
f 659 619 649
f 649 650 674
f 651 607 652
f 627 696 610
f 675 653 654
f 621 559 676
f 756 702 661
f 702 629 661
f 613 630 709
f 709 630 631
f 668 587 703
f 681 603 717
f 637 625 647
f 647 625 692
f 746 670 648
f 666 672 638
f 685 666 638
f 685 639 686
f 639 640 686
f 640 619 686
f 686 619 659
f 609 530 723
f 642 597 753
f 675 611 653
f 700 521 688
f 655 643 689
f 689 612 701
f 701 612 656
f 709 631 662
f 737 632 714
f 714 632 715
f 785 632 680
f 726 578 710
f 707 636 658
f 658 636 664
f 646 637 691
f 648 672 671
f 673 649 674
f 674 650 722
f 650 651 722
f 651 652 722
f 641 609 723
f 654 583 698
f 747 698 598
f 676 521 772
f 772 521 700
f 701 656 708
f 708 656 660
f 661 613 709
f 679 644 736
f 835 736 737
f 534 657 680
f 669 633 681
f 719 616 663
f 663 616 727
f 635 683 706
f 707 658 664
f 617 665 760
f 637 647 691
f 692 605 670
f 746 648 721
f 659 649 686
f 734 642 761
f 675 654 698
f 709 662 678
f 662 668 678
f 703 644 793
f 644 679 690
f 657 588 726
f 669 681 716
f 717 634 616
f 717 616 719
f 719 663 727
f 707 683 645
f 707 664 749
f 648 671 721
f 649 673 686
f 673 674 722
f 723 667 687
f 797 621 676
f 708 660 804
f 678 668 724
f 644 690 793
f 785 715 632
f 680 657 726
f 682 635 706
f 749 664 636
f 671 672 693
f 761 642 695
f 697 611 675
f 797 676 755
f 700 688 735
f 735 688 655
f 790 655 689
f 660 677 804
f 709 678 724
f 724 668 703
f 680 726 705
f 739 669 774
f 716 681 717
f 694 717 719
f 727 682 706
f 636 684 749
f 749 684 750
f 691 647 692
f 777 692 729
f 692 670 729
f 729 670 731
f 670 713 731
f 732 671 693
f 693 672 666
f 666 685 686
f 723 687 734
f 697 675 698
f 747 598 754
f 754 598 699
f 754 699 621
f 755 676 772
f 846 689 701
f 756 661 709
f 793 690 679
f 835 737 725
f 737 714 748
f 806 726 795
f 774 669 716
f 694 719 718
f 719 727 720
f 750 579 759
f 579 760 759
f 760 665 646
f 646 691 818
f 691 692 777
f 733 666 686
f 686 673 722
f 642 753 695
f 696 611 697
f 804 677 702
f 714 704 748
f 714 738 757
f 795 726 773
f 717 694 718
f 767 707 741
f 777 729 743
f 713 670 746
f 693 666 733
f 697 698 782
f 783 702 756
f 811 756 709
f 724 703 793
f 738 714 715
f 773 726 739
f 773 739 774
f 711 727 706
f 706 683 766
f 766 683 728
f 740 728 707
f 728 683 707
f 741 707 749
f 749 750 742
f 760 646 751
f 721 671 732
f 769 641 723
f 753 696 781
f 696 697 770
f 784 709 724
f 793 679 736
f 726 710 739
f 727 711 775
f 711 706 775
f 691 777 818
f 780 731 713
f 732 693 733
f 733 686 722
f 722 652 769
f 652 641 769
f 695 753 919
f 782 698 747
f 735 655 790
f 701 708 824
f 738 715 763
f 764 715 765
f 794 785 680
f 806 705 726
f 716 717 774
f 718 719 720
f 779 729 730
f 712 713 746
f 746 721 752
f 752 721 732
f 723 734 761
f 754 621 797
f 810 755 772
f 810 700 735
f 846 701 762
f 783 804 702
f 784 724 793
f 757 738 869
f 825 715 785
f 826 680 806
f 680 705 806
f 773 774 879
f 720 727 775
f 766 775 706
f 741 749 767
f 742 750 873
f 743 729 807
f 807 729 768
f 768 729 779
f 779 730 744
f 744 730 745
f 730 729 745
f 745 729 780
f 729 731 780
f 752 732 733
f 919 753 907
f 781 696 770
f 770 697 809
f 771 747 754
f 772 700 810
f 790 689 846
f 709 784 811
f 793 736 835
f 737 748 725
f 748 704 714
f 738 763 869
f 763 715 764
f 765 715 825
f 799 785 794
f 880 774 718
f 774 717 718
f 880 718 800
f 718 720 800
f 800 720 815
f 750 759 873
f 777 743 801
f 802 743 807
f 779 744 780
f 744 745 780
f 713 712 930
f 712 746 930
f 930 746 752
f 722 769 733
f 769 723 761
f 896 761 695
f 809 697 782
f 782 747 771
f 803 797 755
f 835 725 748
f 870 785 799
f 826 794 680
f 806 795 857
f 758 767 749
f 776 749 873
f 749 742 873
f 796 751 646
f 789 743 802
f 907 753 781
f 888 754 797
f 803 755 810
f 791 708 804
f 783 756 811
f 834 784 793
f 714 757 798
f 728 740 859
f 707 767 827
f 767 758 892
f 892 758 749
f 760 751 796
f 780 713 930
f 888 771 754
f 735 866 810
f 845 790 846
f 762 701 824
f 792 804 783
f 783 811 792
f 748 714 798
f 869 763 764
f 836 826 806
f 795 773 858
f 740 707 827
f 767 892 827
f 828 749 776
f 759 760 860
f 830 777 801
f 743 822 801
f 930 752 733
f 733 769 885
f 781 770 844
f 782 771 888
f 824 708 791
f 835 748 798
f 826 836 812
f 855 836 806
f 775 766 837
f 827 956 740
f 873 759 860
f 860 760 796
f 796 646 818
f 818 777 819
f 819 777 829
f 777 830 829
f 822 743 840
f 743 778 840
f 840 778 787
f 787 778 788
f 778 743 788
f 788 743 789
f 768 779 808
f 779 780 808
f 885 769 876
f 876 769 761
f 842 761 896
f 907 781 920
f 809 782 863
f 863 782 888
f 735 790 866
f 846 762 824
f 811 784 805
f 834 793 835
f 764 765 825
f 786 794 826
f 858 773 879
f 880 879 774
f 720 775 881
f 892 749 1002
f 776 873 838
f 840 787 789
f 787 788 789
f 841 789 802
f 808 807 768
f 780 930 808
f 864 797 803
f 816 815 720
f 881 775 904
f 775 872 904
f 766 728 859
f 927 827 892
f 1002 749 828
f 876 761 842
f 888 797 864
f 866 790 823
f 823 790 845
f 824 791 804
f 804 792 832
f 811 805 933
f 805 784 933
f 798 757 869
f 869 764 825
f 825 785 870
f 786 826 794
f 794 826 935
f 814 806 857
f 890 857 795
f 880 800 815
f 740 956 859
f 828 776 838
f 860 796 848
f 840 789 841
f 841 802 807
f 896 695 843
f 843 695 919
f 863 888 922
f 867 845 846
f 824 804 847
f 847 804 832
f 835 798 969
f 935 799 794
f 855 806 814
f 795 858 911
f 720 881 817
f 872 775 837
f 837 766 872
f 872 766 891
f 914 766 859
f 848 796 818
f 884 829 830
f 830 853 820
f 820 853 821
f 830 801 853
f 920 781 844
f 770 809 921
f 921 809 863
f 803 810 923
f 899 866 996
f 792 811 833
f 833 811 933
f 834 835 900
f 969 798 869
f 826 812 935
f 880 815 816
f 720 817 816
f 817 881 816
f 766 914 891
f 1022 827 927
f 1031 818 839
f 818 819 839
f 884 830 852
f 830 820 852
f 852 820 831
f 820 821 831
f 831 821 853
f 930 733 885
f 918 876 842
f 846 824 966
f 933 784 834
f 869 825 870
f 870 799 935
f 855 814 856
f 912 880 816
f 956 827 1022
f 892 1002 882
f 848 818 1031
f 861 829 875
f 829 849 875
f 884 849 829
f 831 853 852
f 801 822 853
f 853 822 840
f 841 807 808
f 864 803 923
f 899 923 810
f 996 866 823
f 924 845 867
f 966 824 868
f 792 833 933
f 933 834 900
f 900 835 960
f 835 969 960
f 812 836 813
f 813 836 855
f 838 873 945
f 883 839 819
f 819 829 861
f 849 884 850
f 850 884 851
f 840 841 808
f 843 919 932
f 947 919 907
f 844 770 920
f 898 864 923
f 899 810 866
f 823 845 996
f 996 845 924
f 867 846 854
f 824 847 889
f 889 847 832
f 832 792 910
f 910 792 933
f 812 813 954
f 856 814 871
f 901 890 795
f 948 911 858
f 878 858 879
f 878 879 263
f 828 838 945
f 981 873 860
f 819 861 906
f 849 850 862
f 850 851 862
f 862 851 884
f 918 842 886
f 886 842 896
f 843 932 896
f 907 920 887
f 920 770 921
f 922 888 908
f 867 854 966
f 854 846 966
f 966 868 889
f 934 969 869
f 813 855 954
f 954 855 871
f 855 856 871
f 814 857 877
f 948 858 939
f 939 858 902
f 902 858 941
f 913 816 881
f 981 860 874
f 848 1031 860
f 883 819 906
f 906 861 929
f 875 849 895
f 862 884 849
f 853 840 953
f 953 808 930
f 921 863 975
f 897 864 865
f 865 864 898
f 868 824 889
f 869 870 934
f 935 812 954
f 901 795 937
f 941 858 942
f 263 879 880
f 913 881 904
f 914 859 956
f 1022 927 972
f 945 873 981
f 928 883 916
f 929 861 875
f 962 875 895
f 849 884 962
f 962 884 852
f 840 808 953
f 876 918 885
f 975 863 922
f 908 888 909
f 888 864 897
f 967 966 889
f 889 832 1015
f 934 870 935
f 871 814 954
f 814 877 954
f 877 857 954
f 942 858 951
f 925 951 878
f 858 878 951
f 915 892 944
f 883 928 839
f 946 883 906
f 946 906 893
f 894 893 894
f 893 906 894
f 852 953 962
f 852 853 953
f 953 930 917
f 930 885 958
f 907 887 982
f 982 887 920
f 899 996 965
f 968 933 900
f 857 890 954
f 937 795 911
f 911 948 938
f 912 816 913
f 952 913 904
f 992 904 872
f 872 891 980
f 891 914 980
f 927 892 915
f 944 892 1023
f 1023 892 882
f 1002 828 993
f 828 945 1010
f 893 894 946
f 946 894 905
f 894 894 905
f 894 906 905
f 917 930 958
f 886 896 918
f 919 947 932
f 947 907 982
f 975 922 976
f 897 865 898
f 977 899 965
f 1046 935 936
f 936 935 954
f 937 911 938
f 926 925 878
f 878 263 955
f 903 263 912
f 263 880 912
f 952 904 1028
f 1075 904 992
f 860 1031 874
f 905 906 946
f 946 906 929
f 895 849 962
f 918 896 1043
f 896 932 1043
f 920 921 975
f 922 908 909
f 923 899 977
f 983 996 924
f 998 889 1015
f 890 901 954
f 926 878 943
f 943 878 955
f 912 913 952
f 1075 1028 904
f 1008 914 956
f 956 1022 1059
f 915 944 927
f 1003 839 928
f 929 875 962
f 897 898 959
f 968 900 960
f 954 901 937
f 937 938 948
f 971 943 955
f 980 914 1008
f 972 927 1009
f 1009 927 944
f 1031 839 961
f 839 1003 961
f 973 916 883
f 958 885 931
f 918 931 885
f 964 975 976
f 888 897 909
f 898 923 977
f 965 996 1014
f 984 966 1044
f 967 889 998
f 832 910 1015
f 910 933 1035
f 1035 933 968
f 969 934 970
f 948 939 985
f 985 939 949
f 939 902 949
f 902 940 949
f 949 940 950
f 940 902 950
f 902 941 950
f 1016 942 951
f 943 990 926
f 903 912 952
f 957 928 916
f 946 929 264
f 264 962 953
f 953 917 264
f 917 958 264
f 976 922 909
f 1044 966 997
f 1037 960 969
f 934 935 1046
f 1046 936 1039
f 936 954 1039
f 985 954 937
f 985 949 941
f 949 950 941
f 1016 951 925
f 992 872 989
f 1059 1008 956
f 993 828 1010
f 1010 945 981
f 1010 874 1031
f 1049 1031 1011
f 1031 961 1011
f 973 883 264
f 264 883 946
f 264 929 962
f 958 931 918
f 963 1043 932
f 932 947 982
f 974 920 995
f 920 975 995
f 976 959 898
f 924 867 966
f 970 934 1045
f 1039 954 985
f 942 1016 941
f 943 971 990
f 955 263 978
f 263 903 987
f 1023 882 1002
f 1003 957 1012
f 1003 928 957
f 957 916 973
f 932 982 1004
f 995 975 964
f 909 897 976
f 897 959 976
f 898 977 1014
f 977 965 1014
f 1033 1051 983
f 997 966 967
f 967 998 997
f 937 948 985
f 987 903 991
f 988 903 979
f 979 903 1017
f 1053 1017 903
f 903 952 1028
f 1001 872 980
f 1041 1002 993
f 981 874 1010
f 1049 1011 1025
f 1087 963 932
f 1078 932 1004
f 982 920 974
f 995 964 976
f 1067 976 898
f 924 966 984
f 1015 910 1035
f 1037 968 960
f 969 970 1045
f 1016 925 986
f 925 926 986
f 926 990 986
f 986 971 955
f 991 903 1000
f 903 988 1000
f 1053 903 1028
f 989 872 1001
f 957 973 1012
f 264 958 1042
f 932 1078 1087
f 982 974 995
f 995 976 1013
f 1013 976 1079
f 1067 898 1014
f 984 1044 983
f 1005 997 998
f 998 1015 1118
f 971 986 990
f 999 955 978
f 1021 1075 992
f 1054 1008 1059
f 1022 972 1009
f 1009 944 1023
f 1012 961 1003
f 1043 994 918
f 1104 1014 996
f 996 983 1051
f 1033 983 1056
f 924 984 983
f 983 1044 1080
f 1035 968 1036
f 1036 968 1037
f 1037 969 1058
f 1058 969 1045
f 1006 978 263
f 263 987 1006
f 1029 1021 992
f 1031 1049 1061
f 958 918 994
f 1004 982 995
f 1056 983 1080
f 1095 1039 985
f 985 941 1016
f 979 1017 1027
f 1001 980 989
f 989 980 1070
f 1070 980 1008
f 1042 958 1026
f 1066 995 1013
f 1079 976 1067
f 1104 996 1051
f 1044 997 1005
f 1005 998 1034
f 1082 1015 1035
f 1045 934 1112
f 934 1046 1112
f 986 955 1040
f 955 999 1040
f 999 978 1006
f 1006 987 991
f 991 1000 988
f 1097 979 1074
f 1074 979 1027
f 1047 1020 1017
f 1023 1002 1041
f 1031 1061 1060
f 1061 1049 1063
f 1032 1049 1025
f 1011 961 1024
f 973 264 1042
f 958 994 1026
f 1026 994 1043
f 1068 1014 1104
f 1034 998 1118
f 1095 985 1016
f 1040 999 1006
f 1097 991 988
f 1017 1007 1018
f 1018 1007 1019
f 1019 1007 1020
f 1007 1017 1020
f 1047 1017 1053
f 1041 993 1055
f 993 1010 1055
f 1055 1010 1031
f 1025 1011 1024
f 961 1012 1024
f 1043 963 1065
f 1044 1005 1034
f 1118 1015 1082
f 1094 1037 1058
f 1016 986 1040
f 988 979 1097
f 1017 1018 1052
f 1018 1019 1052
f 1019 1020 1052
f 1020 1047 1052
f 1053 1075 1083
f 1029 992 989
f 1008 1054 1134
f 1085 1022 1009
f 1009 1023 1105
f 1031 1060 1055
f 1060 1061 1048
f 1012 973 1042
f 1004 995 1066
f 1080 1044 1093
f 1082 1035 1132
f 1072 1035 1073
f 1112 1046 1038
f 1038 1046 1039
f 1090 1040 991
f 1040 1006 991
f 1028 1075 1053
f 1070 1008 1134
f 1030 1054 1059
f 1085 1059 1022
f 1105 1023 1041
f 1055 1060 1077
f 1032 1025 1049
f 1025 1024 1062
f 1026 1043 1065
f 963 1087 1065
f 1088 1004 1066
f 1066 1013 1050
f 1079 1014 1068
f 1051 1033 1116
f 1044 1034 1071
f 1132 1035 1072
f 1073 1035 1057
f 1035 1036 1057
f 1037 1094 1036
f 1095 1016 1040
f 1027 1017 1052
f 1047 1053 1069
f 1075 1021 1029
f 1029 989 1070
f 1153 1009 1105
f 1142 1041 1055
f 1024 1012 1107
f 1012 1042 1107
f 1064 1042 1026
f 1078 1004 1088
f 1013 1089 1110
f 1067 1014 1079
f 1058 1045 1112
f 1038 1039 1095
f 1119 1095 1040
f 1096 1040 1090
f 1074 1027 1052
f 1052 1047 1074
f 1075 1029 1098
f 1041 1142 1086
f 1063 1049 1062
f 1049 1025 1062
f 1050 1013 1110
f 1013 1079 1089
f 1129 1044 1071
f 1094 1058 1125
f 991 1097 1090
f 1098 1029 1076
f 1113 1029 1070
f 1134 1054 1030
f 1084 1030 1059
f 1085 1009 1153
f 1105 1041 1086
f 1092 1055 1128
f 1061 1063 1062
f 1109 1087 1078
f 1104 1051 1116
f 1081 1093 1044
f 1131 1071 1034
f 1074 1047 1069
f 1133 1053 1083
f 1083 1075 1091
f 1059 1085 1084
f 1128 1055 1077
f 1106 1077 1060
f 1060 1048 1106
f 1048 1061 1062
f 1156 1024 1107
f 1107 1042 1146
f 1042 1064 1146
f 1146 1064 1026
f 1079 1068 1104
f 1033 1056 1116
f 1131 1034 1118
f 1057 1036 1094
f 1119 1230 1095
f 1096 1119 1040
f 1120 1029 1113
f 1142 1055 1114
f 1114 1055 1099
f 1099 1055 1100
f 1100 1055 1092
f 1106 1048 1062
f 1026 1065 1101
f 1108 1065 1087
f 1078 1088 1103
f 1066 1050 1110
f 1081 1044 1129
f 1118 1082 1132
f 1073 1057 1072
f 1150 1112 1095
f 1112 1038 1095
f 1140 1074 1069
f 1120 1076 1029
f 1030 1084 1135
f 1062 1024 1156
f 1146 1026 1122
f 1122 1026 1101
f 1088 1066 1103
f 1056 1080 1093
f 1093 1081 1129
f 1165 1129 1131
f 1129 1071 1131
f 1069 1053 1140
f 1091 1075 1098
f 1113 1070 1134
f 1100 1092 1144
f 1147 1065 1102
f 1102 1065 1148
f 1108 1087 1109
f 1124 1109 1078
f 1078 1103 1124
f 1089 1079 1178
f 1104 1116 1115
f 1116 1056 1111
f 1130 1131 1118
f 1253 1072 1057
f 1166 1125 1058
f 1151 1230 1119
f 1097 1074 1139
f 1083 1091 1133
f 1098 1076 1141
f 1152 1134 1127
f 1134 1030 1127
f 1127 1030 1155
f 1155 1030 1121
f 1105 1209 1153
f 1086 1142 1210
f 1110 1089 1136
f 1056 1093 1137
f 1137 1093 1129
f 1112 1150 1126
f 1150 1095 1138
f 1119 1096 1167
f 1090 1097 1139
f 1133 1140 1053
f 1169 1120 1113
f 1114 1099 1143
f 1128 1077 1106
f 1157 1107 1146
f 1122 1065 1147
f 1111 1056 1137
f 1161 1132 1072
f 1057 1094 1253
f 1166 1058 1149
f 1182 1095 1230
f 1096 1090 1167
f 1090 1139 1167
f 1074 1140 1139
f 1091 1098 1141
f 1141 1076 1120
f 1030 1135 1163
f 1084 1085 1153
f 1209 1105 1086
f 1199 1142 1114
f 1099 1100 1143
f 1143 1100 1144
f 1242 1144 1128
f 1144 1092 1128
f 1128 1106 1145
f 1062 1156 1106
f 1101 1065 1122
f 1148 1065 1108
f 1103 1066 1110
f 1079 1104 1115
f 1116 1111 1117
f 1253 1094 1125
f 1058 1112 1126
f 1138 1095 1182
f 1113 1134 1169
f 1121 1030 1170
f 1170 1030 1163
f 1256 1084 1153
f 1108 1109 1123
f 1136 1089 1178
f 1178 1079 1115
f 1179 1115 1116
f 1111 1172 1154
f 1130 1118 1132
f 1151 1119 1167
f 1133 1091 1141
f 1135 1084 1256
f 1199 1114 1143
f 1109 1124 1214
f 1185 1103 1110
f 1136 1177 1110
f 1178 1115 1159
f 1116 1117 1154
f 1117 1111 1154
f 1111 1137 1160
f 1130 1165 1131
f 1058 1126 1149
f 1140 1133 1168
f 1141 1120 1169
f 1210 1142 1199
f 1147 1102 1148
f 1108 1123 1214
f 1123 1109 1214
f 1136 1178 1158
f 1179 1116 1154
f 1137 1129 1165
f 1130 1132 1161
f 1169 1134 1152
f 1155 1121 1231
f 1231 1121 1170
f 1209 1086 1210
f 1242 1128 1284
f 1284 1128 1145
f 1106 1156 1145
f 1156 1107 1157
f 1211 1157 1146
f 1146 1122 1211
f 1158 1178 1186
f 1172 1111 1160
f 1160 1137 1165
f 1229 1161 1072
f 1149 1126 1150
f 1149 1150 1138
f 1133 1141 1168
f 1231 1127 1155
f 1163 1135 1170
f 1143 1144 1242
f 1211 1122 1147
f 1148 1171 1147
f 1110 1177 1185
f 1186 1136 1158
f 1168 1141 1169
f 1169 1152 1231
f 1152 1127 1231
f 1171 1148 1108
f 1214 1124 1185
f 1124 1103 1185
f 1177 1136 1186
f 1179 1154 1172
f 1172 1160 1216
f 1072 1253 1229
f 1230 1151 1167
f 1167 1175 1230
f 1209 1210 1164
f 1156 1157 1211
f 1313 1171 1108
f 1216 1160 1201
f 1232 1160 1173
f 1174 1173 1180
f 1160 1165 1181
f 1130 1161 1229
f 1266 1125 1166
f 1167 1162 1176
f 1176 1162 1139
f 1162 1167 1139
f 1176 1139 1183
f 1254 1139 1140
f 1170 1135 1256
f 1256 1153 1209
f 1156 1211 1296
f 1213 1147 1171
f 1159 1243 1178
f 1159 1115 1179
f 1208 1165 1197
f 1253 1125 1266
f 1149 1138 1361
f 1138 1182 1361
f 1311 1182 1230
f 1175 1167 1176
f 1183 1139 1254
f 1140 1168 1184
f 1168 1169 1184
f 1255 1169 1231
f 2218 1209 1164
f 1145 1156 1296
f 1147 1213 1211
f 1313 1108 1214
f 1271 1177 1186
f 1186 1178 1257
f 1314 1179 1200
f 1179 1172 1200
f 1201 1160 1232
f 1173 1174 1180
f 1180 1173 1196
f 1173 1160 1196
f 1181 1165 1196
f 1165 1208 1196
f 1197 1165 1130
f 1252 1197 1229
f 1197 1130 1229
f 1149 1361 1360
f 1230 1175 1198
f 2282 1256 1209
f 1257 1178 1243
f 1159 1179 1314
f 1200 1172 1216
f 253 257 1244
f 1289 245 1272
f 1327 1217 258
f 1407 1188 1189
f 1259 247 259
f 247 1190 1203
f 1274 260 1329
f 1234 1191 1245
f 1334 1409 1236
f 1204 249 1356
f 1280 250 1194
f 242 230 1194
f 1308 1238 216
f 1339 1239 253
f 1180 1196 1240
f 1228 1240 1208
f 1196 1160 1181
f 2281 1362 1175
f 1255 2243 1169
f 1199 1143 2284
f 1285 1211 1213
f 1185 1177 1271
f 1243 1159 1314
f 1232 1173 1233
f 1233 253 1301
f 1301 253 1244
f 1272 1187 1217
f 1258 1188 1407
f 259 1349 1259
f 259 247 1203
f 1315 1219 260
f 1261 1409 1235
f 1356 249 1276
f 1277 249 1224
f 1224 1205 1263
f 1206 1193 1207
f 1337 1250 224
f 1195 252 1370
f 1339 253 1233
f 1233 1173 1180
f 1240 1196 1208
f 1340 1253 1266
f 1230 1198 1311
f 1198 1175 1311
f 1241 1175 1176
f 1184 1169 2243
f 1231 1170 1267
f 2218 1164 1210
f 1210 1199 2283
f 1242 1284 2332
f 2191 1296 1211
f 1212 1211 1285
f 1285 1213 1287
f 1216 1201 1232
f 1492 1217 1327
f 1327 258 1188
f 1189 1202 1328
f 1328 1202 1303
f 1303 1273 1259
f 259 1203 1349
f 1260 1218 1219
f 1315 260 1274
f 260 1220 1221
f 1317 1262 1275
f 1306 1236 261
f 1276 249 1277
f 1318 1277 1224
f 1207 1248 1206
f 1278 250 1249
f 250 1319 1249
f 1279 250 1280
f 243 1226 1384
f 1338 1227 1321
f 1321 1227 1292
f 1309 216 1239
f 1208 1197 1252
f 1374 1361 1182
f 1374 1182 1311
f 1311 1175 1323
f 1241 1176 2304
f 1140 1184 2243
f 1267 1255 1231
f 2282 1209 2402
f 2218 1210 2283
f 1199 2284 2283
f 1211 1212 2191
f 1213 1171 1300
f 1171 1313 1300
f 1214 1185 1271
f 1200 1216 1215
f 1272 1217 1492
f 1327 1188 1258
f 1260 1219 1315
f 1245 1222 1305
f 1247 1223 1275
f 1223 1317 1275
f 1331 1275 1483
f 1306 261 1307
f 262 1204 1307
f 1400 1225 1206
f 1319 250 1279
f 1291 243 1435
f 1384 1226 1250
f 1208 1252 1373
f 1252 1229 1253
f 1166 1149 1360
f 1175 1362 1323
f 1295 1362 2281
f 1176 1183 1254
f 2402 1209 2218
f 1284 1145 1296
f 1287 1213 1300
f 1271 1186 1345
f 1243 1314 1257
f 1314 1200 1378
f 1216 1232 1301
f 1232 1233 1301
f 1290 1203 1260
f 260 1221 1234
f 1316 1234 1305
f 1305 1234 1245
f 1305 1222 1246
f 1305 1246 1192
f 1409 1223 1247
f 1335 1307 1383
f 1383 1307 1204
f 1224 1263 1318
f 1263 1205 1225
f 1400 1206 1401
f 1206 1357 1401
f 1357 1206 1248
f 1280 1194 1320
f 1264 1238 1308
f 1308 216 1309
f 1180 1240 1233
f 1233 1240 1339
f 1240 1228 1251
f 1228 1208 1251
f 1362 1295 1363
f 2357 1143 1268
f 1143 1242 1268
f 2379 1287 1439
f 2193 69 1270
f 2245 1270 69
f 1521 1439 1287
f 1200 1215 1364
f 1365 1364 1215
f 1365 1215 1301
f 1301 1215 1216
f 1301 1244 1302
f 1289 1272 1326
f 1407 1189 1380
f 1347 1303 1259
f 1259 1349 1348
f 1305 1192 1351
f 1409 1247 1441
f 1483 1275 1262
f 1263 1225 1473
f 1357 1248 1278
f 1337 224 1338
f 1240 1251 1339
f 1251 1208 1339
f 1339 1208 1265
f 1265 1208 1294
f 1252 1253 1340
f 1341 1323 1362
f 1175 1241 2304
f 2304 1176 1254
f 2217 2243 1267
f 2243 1255 1267
f 1170 1256 2282
f 1242 2331 1268
f 1298 2244 1344
f 2245 2190 2194
f 1446 2193 1344
f 1286 1439 1312
f 1345 1186 1288
f 1380 1189 1328
f 1304 1259 1391
f 1391 1259 1348
f 1349 1203 1290
f 1260 1315 1290
f 1394 1274 1538
f 1274 1329 1538
f 1329 260 1395
f 1330 1261 1497
f 1441 1247 1275
f 1262 1397 1381
f 1353 1262 1317
f 1317 1223 1353
f 1276 1277 1368
f 1318 1368 1277
f 1357 1278 1249
f 1444 1280 1320
f 1320 1291 1435
f 1337 1384 1250
f 1292 1195 1370
f 1370 252 1418
f 1418 252 1237
f 1239 1339 1322
f 1281 1281 1282
f 1282 1281 1310
f 1310 1281 1283
f 1281 1281 1283
f 1283 1281 1310
f 1281 1282 1310
f 1310 1283 1293
f 1283 1310 1293
f 1252 1340 1373
f 1311 1323 1375
f 1267 1170 2330
f 2331 1242 2332
f 2521 2192 1212
f 1212 1285 2521
f 1285 1287 2379
f 1439 1286 2265
f 1286 1269 2265
f 1344 2193 1298
f 1445 2190 69
f 1258 1407 1388
f 1328 1303 1389
f 1347 1259 1304
f 1349 1315 1274
f 1395 260 1234
f 1351 1192 1330
f 1397 1262 1353
f 1236 1306 1410
f 1355 1204 1356
f 1279 1280 1444
f 1417 1338 1437
f 1438 1237 244
f 1309 1239 1419
f 1339 1265 1371
f 1266 1360 1340
f 1266 1166 1360
f 1361 1374 1423
f 2356 1386 2535
f 1386 1363 2535
f 2303 2400 1363
f 2304 1254 1140
f 2330 1170 2499
f 2499 1170 2282
f 2284 1143 2357
f 1284 1296 2332
f 2191 1212 2192
f 1285 2379 2359
f 2379 1439 2265
f 2193 1270 2245
f 2216 1299 1387
f 1299 2190 1445
f 1343 1446 1344
f 2244 1269 1312
f 1269 1286 1312
f 1287 1300 1377
f 1377 1300 1313
f 1288 1186 1257
f 1302 1244 1346
f 1346 1289 1326
f 1447 1327 1258
f 1389 1303 1494
f 1494 1303 1347
f 1441 1275 1331
f 1367 1332 1396
f 1396 1332 1331
f 1397 1382 1454
f 1353 1223 1334
f 1383 1204 1355
f 1356 1276 1516
f 1516 1276 1368
f 1357 1249 1401
f 1319 1279 1402
f 1444 1320 1336
f 1292 1370 1321
f 244 1308 1438
f 1239 1322 1658
f 1293 1265 1294
f 1342 1362 1363
f 1324 1363 1386
f 1445 69 1591
f 1214 1271 1345
f 1447 1258 1448
f 1428 1329 1395
f 1395 1234 1316
f 1305 1350 1316
f 1497 1351 1330
f 1497 1261 1235
f 1441 1331 1524
f 1483 1262 1430
f 1454 1382 1431
f 1334 1236 1354
f 1306 1307 1335
f 1527 1318 1399
f 1473 1225 1400
f 1337 1338 1417
f 1438 1308 1547
f 1308 1309 1547
f 1265 1293 1371
f 1293 1404 1371
f 1293 1294 1385
f 1294 1208 1373
f 1373 1340 1422
f 1374 1311 1375
f 2244 1312 1344
f 1314 1378 1257
f 1379 1200 1364
f 1365 1301 1464
f 1464 1302 1346
f 1326 1272 1492
f 1493 1380 1328
f 1349 1290 1315
f 1349 1274 1393
f 1350 1305 1351
f 1331 1332 1352
f 1381 1397 1454
f 1431 1382 1333
f 1333 1382 1501
f 1318 1263 1473
f 1249 1358 1401
f 1249 1319 1543
f 1415 1279 1444
f 1336 1320 1435
f 1435 243 1384
f 1369 1384 1546
f 1384 1337 1546
f 1338 1321 1457
f 1457 1321 1403
f 1403 1321 1458
f 1572 1321 1370
f 1419 1239 1658
f 1322 1339 1371
f 1385 1359 1405
f 1359 1385 1294
f 1406 1360 1361
f 1375 1323 1341
f 1363 1324 1376
f 1324 1386 1376
f 1575 1378 1425
f 1378 1200 1379
f 1477 1364 1365
f 1492 1327 1366
f 1327 1447 1551
f 1493 1328 1389
f 1480 1304 1481
f 1481 1304 1391
f 1538 1329 1408
f 1352 1332 1510
f 1353 1334 1354
f 1502 1516 1368
f 1368 1318 1456
f 1456 1318 1527
f 1399 1318 1473
f 1358 1249 1543
f 1402 1279 1485
f 1444 1336 1416
f 1338 1457 1437
f 1293 1385 1404
f 1460 1422 1360
f 1422 1340 1360
f 1344 1312 1424
f 1214 1345 1508
f 1609 1508 1345
f 1288 1257 1378
f 1364 1477 1379
f 1464 1301 1302
f 1346 1326 1464
f 1326 1492 1465
f 1366 1327 1551
f 1448 1258 1478
f 1478 1258 1388
f 1535 1347 1304
f 1391 1348 1392
f 1393 1274 1394
f 1409 1441 1452
f 1396 1331 1483
f 1262 1381 1430
f 1513 1333 1501
f 1397 1353 1354
f 1397 1354 1236
f 1401 1358 1543
f 1416 1336 1505
f 1458 1321 1572
f 1418 1237 1438
f 1385 1405 1420
f 1507 1359 1373
f 1359 1294 1373
f 1460 1360 1406
f 1406 1361 1423
f 1341 1362 1562
f 1562 1362 1342
f 1521 1287 1377
f 1377 1313 1508
f 1313 1214 1508
f 1345 1288 1609
f 1378 1575 1288
f 1425 1378 1379
f 1477 1365 1464
f 1492 1366 1551
f 1347 1535 1494
f 1535 1304 1449
f 1481 1391 1390
f 1348 1349 1392
f 1408 1329 1428
f 1553 1395 1316
f 1316 1350 1553
f 1524 1331 1352
f 1332 1367 1510
f 1410 1306 1335
f 1335 1383 1398
f 1502 1368 1484
f 1484 1368 1456
f 1503 1400 1401
f 1543 1319 1402
f 1411 1485 1279
f 1279 1415 1414
f 1435 1384 1487
f 1384 1369 1487
f 1507 1405 1359
f 1423 1374 1375
f 1446 1343 1462
f 1343 1344 1462
f 1439 1424 1312
f 1440 1288 1575
f 1407 1380 1493
f 1493 1389 1466
f 1389 1494 1479
f 1392 1349 1393
f 1509 1408 1539
f 1598 1367 1500
f 1500 1367 1396
f 1430 1381 1454
f 1432 1333 1513
f 1397 1236 1410
f 1355 1356 1516
f 1473 1400 1503
f 1337 1436 1546
f 1337 1528 1436
f 1474 1437 1457
f 1404 1385 1420
f 1507 1373 1422
f 1475 1375 1562
f 1342 1363 1376
f 69 1446 1591
f 1521 1377 1508
f 1426 1379 1477
f 1326 1427 1550
f 1551 1447 1564
f 1478 1388 1407
f 1450 1390 1391
f 1391 1392 1450
f 1392 1393 1450
f 1497 1350 1351
f 1452 1235 1409
f 1499 1469 1598
f 1469 1367 1598
f 1470 1454 1431
f 1501 1382 1442
f 1382 1397 1442
f 1397 1410 1442
f 1410 1335 1442
f 1335 1398 1442
f 1543 1503 1401
f 1433 1411 1412
f 1413 1412 1413
f 1413 1412 1414
f 1412 1411 1414
f 1411 1279 1414
f 1505 1336 1486
f 1336 1435 1486
f 1457 1403 1488
f 1488 1403 1458
f 1371 1404 1322
f 1531 1322 1404
f 1404 1506 1531
f 1506 1404 1420
f 1372 1405 1507
f 1325 1387 1299
f 1462 1344 1424
f 1662 1288 1440
f 1425 1379 1463
f 1611 1379 1426
f 1464 1326 1550
f 1427 1326 1465
f 1538 1408 1509
f 1428 1395 1468
f 1615 1497 1482
f 1482 1497 1452
f 1497 1235 1452
f 1524 1352 1687
f 1367 1469 1429
f 1453 1469 1498
f 1500 1396 1483
f 1431 1333 1432
f 1513 1501 1514
f 1442 1398 1383
f 1527 1399 1473
f 1718 1543 1402
f 1412 1413 1433
f 1433 1413 1434
f 1413 1413 1434
f 1434 1413 1414
f 1414 1415 1443
f 1518 1444 1505
f 1444 1416 1505
f 1474 1337 1437
f 1337 1417 1437
f 1547 1418 1438
f 1547 1309 1419
f 1420 1405 1506
f 1405 1372 1506
f 1507 1421 1459
f 1507 1422 1460
f 1406 1423 1375
f 1375 1341 1562
f 1386 1325 1376
f 1325 1299 1591
f 1591 1299 1445
f 1609 1288 1662
f 1463 1379 1611
f 1611 1426 1624
f 1478 1407 1493
f 1466 1389 1479
f 1480 1467 1304
f 1408 1428 1451
f 1510 1367 1525
f 1525 1367 1511
f 1367 1429 1511
f 1429 1469 1511
f 1483 1430 1500
f 1470 1431 1556
f 1431 1568 1556
f 1636 1455 1599
f 1472 1355 1671
f 1655 1502 1484
f 1411 1433 1485
f 1434 1414 1433
f 1414 1443 1433
f 1443 1415 1504
f 1504 1415 1544
f 1544 1415 1444
f 1486 1435 1639
f 1487 1369 1619
f 1528 1337 1474
f 1488 1458 1570
f 1572 1370 1418
f 1658 1322 1531
f 1372 1507 1459
f 1489 1507 1460
f 1549 1342 1643
f 1461 1446 1462
f 1462 1424 1521
f 1424 1439 1521
f 1491 1521 1508
f 1532 1477 1464
f 1593 1492 1551
f 1564 1447 1533
f 1478 1447 1448
f 1481 1390 1450
f 1451 1428 1685
f 1685 1428 1468
f 1511 1469 1453
f 1432 1513 1558
f 1471 1513 1455
f 1471 1455 1512
f 1455 1636 1512
f 1599 1455 1513
f 1355 1472 1383
f 1484 1456 1559
f 1402 1485 1718
f 1433 1443 1485
f 1639 1435 1487
f 1619 1369 1546
f 1474 1457 1488
f 1506 1372 1603
f 1603 1372 1459
f 1406 1375 1475
f 1562 1342 1490
f 1490 1342 1549
f 1643 1342 1376
f 1591 1446 1476
f 1446 1461 1476
f 1624 1426 1477
f 1532 1464 1550
f 1449 1304 1523
f 1523 1304 1467
f 1450 1393 1481
f 1393 1394 1538
f 1496 1539 1408
f 1408 1451 1685
f 1452 1441 1482
f 1687 1352 1510
f 1430 1454 1470
f 1432 1558 1431
f 1442 1383 1472
f 1473 1503 1585
f 1542 1503 1543
f 1544 1444 1560
f 1444 1518 1560
f 1546 1436 1528
f 1569 1474 1602
f 1570 1458 1572
f 1547 1419 1658
f 1459 1421 1603
f 1573 1520 1475
f 1489 1460 1520
f 1476 1461 1521
f 1461 1462 1521
f 1427 1465 1612
f 1447 1478 1533
f 1705 1478 1594
f 1478 1493 1594
f 1479 1494 1552
f 1552 1494 1535
f 1467 1480 1523
f 1553 1350 1614
f 1441 1524 1482
f 1632 1498 1554
f 1513 1471 1558
f 1653 1512 1715
f 1715 1512 1636
f 1442 1472 1671
f 1671 1355 1516
f 1527 1473 1585
f 1517 1718 1485
f 1518 1486 1639
f 1528 1474 1529
f 1529 1474 1569
f 1572 1418 1678
f 1418 1547 1519
f 1621 1603 1421
f 1590 1573 1475
f 1520 1460 1475
f 1475 1460 1406
f 1376 1325 1643
f 1425 1463 1522
f 1550 1427 1612
f 1594 1493 1666
f 1493 1613 1666
f 1466 1479 1565
f 1480 1481 1495
f 1540 1539 1648
f 1526 1498 1499
f 1498 1469 1499
f 1501 1442 1515
f 1515 1442 1671
f 1671 1516 1582
f 1673 1527 1585
f 1485 1443 1517
f 1505 1486 1518
f 1639 1487 1619
f 1474 1488 1720
f 1621 1421 1507
f 1548 1489 1520
f 1607 1476 1521
f 1521 1491 1608
f 1624 1477 1532
f 1465 1492 1593
f 1478 1705 1533
f 1534 1479 1552
f 1536 1535 1449
f 1536 1449 1523
f 1523 1566 1595
f 1523 1480 1495
f 1539 1496 1685
f 1496 1408 1685
f 1685 1468 1686
f 1686 1468 1395
f 1350 1497 1614
f 1596 1497 1615
f 1453 1525 1511
f 1554 1498 1633
f 1633 1498 1526
f 1568 1431 1557
f 1617 1512 1653
f 1513 1514 1600
f 1514 1501 1515
f 1559 1456 1692
f 1585 1503 1542
f 1504 1517 1443
f 1504 1544 1587
f 1544 1560 1656
f 1658 1531 1603
f 1621 1507 1548
f 1507 1489 1548
f 1491 1508 1609
f 1522 1463 1611
f 1493 1466 1565
f 1565 1479 1534
f 1535 1536 1577
f 1495 1481 1393
f 1537 1393 1538
f 1538 1509 1630
f 1614 1497 1596
f 1524 1615 1482
f 1687 1510 1525
f 1567 1453 1498
f 1498 1632 1567
f 1471 1512 1635
f 1582 1516 1583
f 1516 1655 1583
f 1655 1516 1502
f 1673 1692 1456
f 1517 1504 1587
f 1528 1529 1546
f 1570 1572 1677
f 1677 1572 1722
f 1418 1519 1641
f 1519 1547 1641
f 1641 1547 1530
f 1530 1547 1658
f 1531 1506 1603
f 1562 1490 1661
f 1643 1325 1591
f 1607 1521 1608
f 1576 1522 1611
f 1612 1465 1593
f 1613 1493 1565
f 1536 1523 1595
f 1629 1538 1630
f 1630 1509 1539
f 1648 1539 1685
f 1686 1553 1614
f 1616 1524 1687
f 1687 1525 1453
f 1632 1554 1541
f 1633 1526 1499
f 1557 1431 1558
f 1599 1513 1600
f 1732 1655 1701
f 1655 1484 1584
f 1584 1484 1672
f 1672 1484 1559
f 1456 1527 1673
f 1674 1586 1542
f 1542 1543 1674
f 1852 1718 1517
f 1545 1544 1601
f 1638 1518 1639
f 1588 1619 1546
f 1546 1529 1569
f 1474 1720 1693
f 1571 1721 1570
f 1520 1573 1561
f 1589 1573 1590
f 1606 1475 1562
f 1425 1522 1563
f 1564 1593 1551
f 1627 1552 1535
f 1566 1523 1495
f 1393 1537 1566
f 1686 1395 1553
f 1687 1453 1567
f 1632 1541 1689
f 1598 1500 1650
f 1430 1470 1556
f 1635 1512 1617
f 1514 1515 1600
f 1654 1515 1671
f 1673 1585 1865
f 1585 1542 1586
f 1674 1543 1718
f 1735 1518 1638
f 1546 1657 1588
f 1676 1675 1569
f 1720 1488 1570
f 1571 1570 1677
f 1621 1548 1659
f 1548 1520 1659
f 1659 1520 1561
f 1660 1590 1475
f 1610 1522 1576
f 1550 1612 1625
f 1668 1552 1707
f 1495 1393 1566
f 1537 1538 1629
f 1616 1687 1788
f 1689 1541 1578
f 1541 1555 1578
f 1555 1541 1579
f 1597 1541 1554
f 1597 1554 1633
f 1745 1633 1499
f 1500 1430 1580
f 1580 1430 1651
f 1430 1556 1651
f 1556 1568 1651
f 1568 1557 1581
f 1635 1617 1690
f 1690 1617 1698
f 1757 1655 1584
f 1852 1517 1587
f 1544 1545 1601
f 1856 1639 1736
f 1736 1639 1619
f 1676 1569 1620
f 1620 1569 1602
f 1720 1570 1640
f 1570 1721 1694
f 1678 1418 1641
f 1660 1574 1590
f 1590 1574 1660
f 1661 1660 1475
f 1606 1562 1661
f 1624 1532 1550
f 1533 1705 1755
f 1755 1705 1665
f 1565 1534 1552
f 1535 1577 1627
f 1577 1536 1595
f 1595 1566 1669
f 1566 1537 1629
f 1615 1524 1616
f 1567 1632 1631
f 1579 1541 1597
f 1651 1568 1581
f 1652 1558 1471
f 1636 1599 1691
f 1600 1515 1654
f 1701 1655 1757
f 1587 1544 1719
f 1560 1618 1656
f 1560 1518 1637
f 1637 1518 1735
f 1546 1569 1675
f 1474 1693 1602
f 1640 1570 1694
f 1475 1606 1661
f 1490 1549 1739
f 1440 1575 1680
f 1680 1575 1425
f 1425 1563 1644
f 1623 1522 1610
f 1610 1576 1611
f 1611 1624 1704
f 1624 1550 1592
f 1664 1612 1740
f 1740 1612 1626
f 1626 1612 1593
f 1645 1564 1533
f 1681 1613 1565
f 1565 1552 1668
f 1539 1540 1683
f 1596 1615 1709
f 1555 1579 1597
f 1729 1499 1598
f 1652 1471 1635
f 1582 1583 1655
f 1584 1672 1757
f 1717 1585 1674
f 1585 1586 1674
f 1601 1544 1656
f 1811 1721 1571
f 1658 1603 1659
f 1561 1573 1695
f 1573 1589 1695
f 1589 1590 1695
f 1695 1590 1660
f 1661 1642 1660
f 1604 66 1605
f 1739 1549 1643
f 1591 1476 1643
f 1476 1607 1643
f 1662 1440 1680
f 1663 1610 1611
f 1645 1533 1883
f 1705 1594 1666
f 1667 1666 1613
f 1681 1565 1668
f 1668 1707 1706
f 1552 1727 1707
f 1727 1552 1627
f 1697 1629 1683
f 1683 1629 1630
f 1683 1630 1539
f 1743 1540 1648
f 1728 1648 1684
f 1500 1580 1650
f 1651 1581 1730
f 1634 1558 1652
f 1714 1653 1715
f 1599 1654 1691
f 1599 1600 1654
f 1700 1671 1582
f 1892 1673 1865
f 1758 1585 1717
f 1544 1601 1719
f 1618 1560 1637
f 1657 1546 1760
f 1794 1571 1677
f 1795 1530 1658
f 1603 1621 1659
f 1642 66 1622
f 66 1604 1622
f 1604 1605 1622
f 1622 1605 67
f 1605 66 67
f 1643 1607 1608
f 1765 1491 1662
f 1491 1609 1662
f 1563 1522 1623
f 1611 1704 1663
f 1625 1612 1766
f 1626 1593 1645
f 1593 1564 1645
f 1627 1577 1646
f 1647 1577 1669
f 1708 1566 1629
f 1770 1648 1685
f 1686 1614 1649
f 1614 1596 1709
f 1615 1616 1788
f 1744 1687 1631
f 1687 1567 1631
f 1578 1555 1670
f 1710 1597 1633
f 1745 1499 1729
f 1650 1580 1651
f 1791 1651 1730
f 1730 1581 1557
f 1635 1690 1652
f 1698 1617 1712
f 1712 1617 1713
f 1714 1617 1653
f 1699 1636 1691
f 1700 1582 1655
f 1776 1692 1673
f 1852 1587 1719
f 1601 1656 1719
f 1719 1656 1748
f 1736 1619 1588
f 1641 1530 1795
f 1763 1659 1561
f 1679 1660 1642
f 1622 67 1642
f 1723 1608 1765
f 1608 1491 1765
f 1680 1425 1644
f 1563 1623 1663
f 1623 1610 1663
f 1704 1624 1592
f 1704 1592 1766
f 1766 1592 1550
f 1766 1612 1664
f 1740 1626 1645
f 1883 1533 1755
f 1785 1667 1613
f 1627 1628 1646
f 1628 1627 1646
f 1646 1577 1696
f 1577 1595 1669
f 1683 1540 1743
f 1770 1684 1648
f 1819 1685 1686
f 1709 1615 1788
f 1631 1632 1688
f 1632 1689 1688
f 1670 1555 1597
f 1710 1633 1745
f 1557 1558 1730
f 1558 1634 1730
f 1715 1636 1699
f 1638 1639 1793
f 1639 1856 1793
f 1736 1588 1750
f 1750 1588 1657
f 1760 1546 1675
f 1620 1602 1693
f 1811 1571 1794
f 1641 1795 1678
f 1795 1658 1659
f 1661 1490 1739
f 1643 1608 1723
f 1703 1563 1663
f 1766 1550 1625
f 1667 1705 1666
f 1785 1613 1681
f 1627 1646 1696
f 1669 1566 1708
f 1685 1819 1770
f 1649 1614 1787
f 1598 1650 1746
f 1651 1791 1650
f 1714 1715 1699
f 1655 1732 1700
f 1656 1618 1748
f 1777 1735 1638
f 1750 1657 1751
f 1702 1694 1721
f 1722 1572 1678
f 1722 1678 1795
f 1659 1763 1894
f 1695 1660 1752
f 1752 1660 1679
f 1642 1661 1753
f 1765 1662 1754
f 1754 1662 1724
f 1724 1662 1680
f 1563 1703 1644
f 1768 1706 1707
f 1682 1727 1627
f 1708 1629 1697
f 1743 1648 1728
f 1670 1790 1578
f 1842 1790 1670
f 1729 1598 1746
f 1746 1650 1791
f 1714 1713 1617
f 1717 1674 1718
f 1717 1718 1852
f 1852 1719 1748
f 1637 1735 1749
f 1675 1676 1620
f 1693 1720 1879
f 1737 1677 1722
f 1738 1659 1894
f 1752 1561 1695
f 1769 1627 1696
f 1577 1647 1696
f 1819 1686 1937
f 1787 1614 1709
f 1788 1687 1744
f 1631 1688 1744
f 1670 1597 1842
f 1597 1710 1773
f 1888 1791 1730
f 1731 1730 1634
f 1634 1652 1731
f 1652 1690 1731
f 1808 1699 1716
f 1699 1691 1716
f 1691 1654 1716
f 1654 1671 1700
f 1559 1692 1776
f 1865 1585 1758
f 1748 1618 1637
f 1777 1638 1793
f 1751 1657 1760
f 1761 1675 1620
f 1620 1693 1878
f 1762 1693 1879
f 1702 1879 1640
f 1879 1720 1640
f 1640 1694 1702
f 1794 1677 1737
f 1679 1642 1752
f 1779 1642 1753
f 1780 1753 1661
f 1780 1661 1739
f 1739 1643 1723
f 1725 1703 1663
f 1766 1663 1704
f 1766 1664 1767
f 1785 1681 1786
f 1742 1681 1706
f 1681 1668 1706
f 1839 1707 1727
f 1647 1669 1696
f 1800 1728 1684
f 1800 1684 1801
f 1578 1790 1756
f 1731 1690 1711
f 1731 1690 1824
f 1690 1698 1824
f 1890 1713 1876
f 1700 1732 1654
f 1732 1701 1733
f 1733 1701 1757
f 1757 1672 1792
f 1776 1672 1559
f 1852 1748 1960
f 1795 1659 1738
f 1752 1642 1779
f 1859 1680 1644
f 1859 1644 1725
f 1644 1703 1725
f 1860 1664 1740
f 1869 1740 1741
f 1740 1645 1741
f 1835 1755 1665
f 1665 1705 1784
f 1799 1667 1785
f 1706 1726 1837
f 1726 1706 1768
f 1682 1627 1769
f 1696 1669 1769
f 1669 1708 1697
f 1801 1684 1770
f 1787 1686 1649
f 1744 1688 1689
f 1689 1578 1802
f 1802 1578 1771
f 1772 1578 1756
f 1710 1745 1774
f 1774 1745 1729
f 1806 1888 1730
f 1711 1690 1731
f 1713 1890 1775
f 1713 1714 1876
f 1808 1716 1654
f 1851 1673 1892
f 1747 1865 1758
f 1749 1735 1734
f 1777 1734 1735
f 1856 1736 1750
f 1828 1620 1878
f 1763 1561 1752
f 1813 1723 1765
f 1796 1754 1814
f 1754 1724 1814
f 1797 1724 1781
f 1859 1725 1663
f 1767 1664 1798
f 1741 1645 1883
f 1784 1705 1667
f 1742 1706 1837
f 1884 1697 1870
f 1697 1683 1743
f 1744 1689 1802
f 1756 1790 1789
f 1842 1597 1843
f 1597 1773 1843
f 1729 1746 1774
f 1808 1714 1699
f 1732 1733 1849
f 1849 1733 1757
f 1825 1792 1672
f 1748 1637 1853
f 1853 1637 1749
f 1854 1793 1759
f 1750 1751 1778
f 1760 1675 1761
f 1761 1620 1828
f 1878 1693 1762
f 1721 1811 1857
f 1975 1794 1737
f 1795 1738 1858
f 1780 1739 1830
f 1832 1765 1754
f 1781 1724 1782
f 1740 1869 1868
f 1785 1897 1815
f 1786 1681 1898
f 1681 1742 1837
f 1838 1726 1817
f 1768 1707 65
f 1707 1839 65
f 1727 1682 1769
f 1669 1697 1884
f 1697 1743 2056
f 1914 1800 1801
f 1788 1744 1885
f 1771 1578 1772
f 1872 1790 1917
f 1746 1791 1901
f 1874 1791 1805
f 1730 1731 1824
f 1713 1775 1807
f 1672 1776 1850
f 1776 1673 1851
f 1865 1747 1923
f 1747 1758 1906
f 1734 1853 1749
f 1881 1722 1795
f 1754 1796 1929
f 1724 1797 1814
f 1782 1724 1680
f 1663 1766 1833
f 1860 1740 1868
f 1755 1835 1883
f 1784 1667 1895
f 1897 1785 1816
f 1816 1785 1946
f 1898 1681 1837
f 1837 1726 1838
f 1769 1669 1861
f 1916 1801 1936
f 1937 1686 1787
f 1787 1709 1871
f 1885 1744 1802
f 1772 1756 1820
f 1789 1790 2027
f 1804 1773 1774
f 1773 1710 1774
f 1774 1746 1901
f 1805 1791 1888
f 1806 1730 1824
f 1824 1698 1863
f 1698 1712 1863
f 1712 1713 1807
f 1775 1890 1847
f 1922 1714 1848
f 1849 1757 1792
f 1809 1892 1865
f 1758 1717 1906
f 1906 1717 1852
f 1960 1748 1925
f 1810 1854 1759
f 1856 1750 1778
f 1760 1761 1751
f 1721 1857 1702
f 1764 1753 1780
f 1739 1723 1830
f 1797 1781 1782
f 1859 1663 1783
f 1895 1667 1799
f 1946 1785 1911
f 1768 65 1839
f 1839 1727 1769
f 1861 1669 1884
f 1870 1697 2056
f 1728 1800 1743
f 1914 1983 1800
f 1802 1771 1885
f 1841 1772 1820
f 1917 1790 1862
f 1862 1790 1842
f 1843 1773 1804
f 1774 1901 1804
f 1863 1712 1807
f 1775 1847 1846
f 1714 1922 1921
f 1808 1654 1848
f 1825 1672 1850
f 1925 1748 1853
f 1793 1854 1777
f 1867 1854 1810
f 1759 1793 1856
f 1879 1702 1880
f 1976 1737 1722
f 1910 1779 1753
f 1813 1765 1832
f 1832 1754 1929
f 1929 1796 1814
f 1680 1859 1782
f 1859 1783 1833
f 1783 1663 1833
f 1833 1766 1834
f 1834 1766 1767
f 1798 1664 1860
f 1835 1665 1836
f 1665 1784 1895
f 1799 1785 1815
f 1911 1785 1968
f 1785 1786 1968
f 1837 1838 1935
f 1914 1801 1915
f 1915 1801 1916
f 1788 1885 1709
f 1756 1789 2027
f 2027 1790 1938
f 1790 1872 1938
f 1901 1791 1874
f 1876 1714 2029
f 1848 1714 1808
f 1654 1732 1848
f 1732 1849 1848
f 1877 1892 1809
f 1865 1923 1877
f 1759 1856 1855
f 1751 1761 1965
f 1811 1794 1857
f 1928 1976 1722
f 1795 1858 1881
f 1763 1752 1779
f 1753 1764 1979
f 1723 1813 1812
f 1797 1929 1814
f 1782 1859 1992
f 1834 1767 1930
f 1767 1798 1860
f 1836 1665 1995
f 1726 1768 1818
f 1769 1861 1839
f 1743 1800 1983
f 1936 1801 1770
f 1770 1819 1937
f 1871 1709 2025
f 1709 1885 1840
f 1885 1771 1772
f 1756 1952 1820
f 1843 1803 1822
f 1822 1803 1823
f 1803 1843 1823
f 1843 1804 1823
f 1823 1804 1901
f 1888 1806 1824
f 1889 1847 1890
f 1714 1921 2029
f 1734 1777 1941
f 1941 1777 1866
f 1866 1777 1854
f 1778 1751 1965
f 1878 1762 1879
f 1880 1702 1829
f 1829 1702 1927
f 1858 1738 1894
f 1763 1779 1910
f 1830 1723 1812
f 2065 1860 2020
f 2020 1860 1868
f 1869 1741 1882
f 1816 1946 1897
f 1838 1817 1970
f 1817 1726 1818
f 2056 1743 1983
f 2025 1709 1840
f 1885 1772 2026
f 2026 1772 1841
f 1954 1872 1917
f 1842 1843 1844
f 1843 1822 1844
f 1822 1823 1844
f 1844 1823 1901
f 1888 1824 1863
f 1918 1863 1845
f 1863 1807 1845
f 1807 1775 1845
f 1939 1792 1959
f 1792 1825 1959
f 1877 1809 1865
f 1852 1960 1924
f 1960 1925 1907
f 1854 1867 1926
f 1810 1759 1826
f 1826 1759 1855
f 1778 1827 1855
f 1965 1761 1828
f 2035 1828 1878
f 1880 1829 1927
f 1909 1927 1857
f 1927 1702 1857
f 1909 1857 2012
f 1975 1737 1976
f 2013 1722 2063
f 2063 1722 1881
f 1910 1753 1979
f 1780 1830 2038
f 1813 1832 1831
f 1929 1797 1992
f 1797 1782 1992
f 1833 1834 1930
f 1930 1767 1860
f 1945 1860 2065
f 1883 1835 1836
f 1899 1837 1935
f 1768 1839 1818
f 2055 1861 1884
f 2057 1937 1787
f 1952 1756 2027
f 1844 1901 1842
f 1987 1874 1805
f 1888 1918 1805
f 1775 1846 1845
f 1845 1846 1918
f 1875 1847 1889
f 1889 1890 1920
f 1776 1851 1891
f 1891 1851 1940
f 1940 1851 1905
f 2008 1906 1852
f 1853 1734 1925
f 1925 1734 1941
f 1866 1854 1893
f 1893 1854 1926
f 1867 1810 1826
f 1856 1778 1855
f 1827 1778 1965
f 1966 1878 1908
f 1974 1943 1880
f 1975 1857 1794
f 1928 1722 2013
f 1910 1894 1763
f 1764 1780 2038
f 1812 1813 1980
f 1813 1831 1980
f 1832 1929 1831
f 1930 1860 2019
f 2019 1860 1945
f 1993 1868 1869
f 1883 1836 2087
f 1799 1815 1897
f 1839 1861 1818
f 1936 1770 2139
f 2139 1770 1937
f 1953 1872 1954
f 1862 1842 1873
f 1842 1821 1873
f 1821 1842 1901
f 1888 1863 1918
f 1918 1846 1847
f 1889 1864 1902
f 1849 1792 1939
f 1850 1776 1891
f 1892 1877 2007
f 2008 1852 1924
f 1965 1828 2035
f 1908 1878 1879
f 1880 1927 1974
f 1978 2063 1881
f 1881 1858 1894
f 2020 1868 1993
f 2087 1741 1883
f 1799 1897 1896
f 1897 2053 1896
f 1932 1786 1898
f 1913 1935 1838
f 1970 1817 1818
f 1970 1818 2022
f 2074 1861 2055
f 1884 1870 2055
f 1870 2056 1949
f 2225 1983 1914
f 1950 1914 2023
f 2023 1914 1915
f 1938 1872 1953
f 1886 1862 1887
f 1862 1873 1887
f 1805 1918 1988
f 1847 1875 1918
f 1875 1889 1902
f 1971 1922 1848
f 1959 1825 2004
f 1905 1851 1892
f 1941 1866 1893
f 1826 1855 2010
f 2010 1855 1990
f 1990 1855 1973
f 1973 1855 2034
f 1827 1965 1855
f 1879 1880 1943
f 2038 1830 1980
f 1830 1812 1980
f 1859 1833 1992
f 1931 2053 1897
f 1932 1968 1786
f 1898 1837 1912
f 1915 1916 1951
f 1787 1871 2025
f 1985 1954 2000
f 1955 1954 1917
f 1917 1862 1955
f 1955 1862 1900
f 1862 1886 1900
f 1886 1887 1900
f 1887 1873 1900
f 1918 1875 1957
f 1875 1902 1957
f 1957 1902 1903
f 1903 1902 1904
f 1890 1876 1920
f 1876 2029 1920
f 1848 1849 1939
f 2004 1825 2005
f 1825 1850 1940
f 1850 1891 1940
f 1906 2008 1747
f 2031 1907 1925
f 1925 1941 1961
f 2034 1855 2048
f 2131 1965 2035
f 2035 1878 1966
f 1881 1894 1978
f 1979 1764 2038
f 1980 1831 1929
f 1992 1833 1930
f 1665 1895 1995
f 1995 1895 2041
f 1896 2053 2155
f 1911 1968 2069
f 1898 1981 1969
f 1981 1898 1912
f 1837 1899 1912
f 1912 1899 1935
f 2022 1818 1861
f 1936 1951 1916
f 1787 2025 2057
f 2025 1840 1885
f 2026 1841 1820
f 2000 1954 2001
f 1900 1873 1955
f 1821 1901 1873
f 2002 1901 1874
f 1957 1903 1919
f 1903 1904 1919
f 1904 1902 1919
f 1864 1889 1920
f 1971 1921 1922
f 2112 1905 1892
f 1892 2007 2112
f 1960 1907 2031
f 1941 1893 2032
f 1867 1826 1926
f 2048 1855 1965
f 1908 1879 1943
f 2012 1857 2117
f 1894 1910 1979
f 1944 1980 2015
f 1869 1882 1994
f 2041 1895 1799
f 1931 1897 1946
f 1946 1911 2103
f 1996 1932 1898
f 1933 1981 1934
f 1948 1981 1935
f 1981 1912 1935
f 1913 1838 1970
f 1997 2023 1951
f 2023 1915 1951
f 2025 1885 2026
f 1820 1952 2044
f 1938 1953 2270
f 2000 2001 1986
f 2001 1954 1955
f 1955 1873 2002
f 1873 1901 2002
f 2002 1874 2003
f 1956 1805 1988
f 1957 1919 1958
f 1919 1902 1958
f 1902 1864 2143
f 2029 1921 1971
f 1971 1848 1939
f 2008 1924 1960
f 1925 1961 2031
f 1961 1941 2009
f 1893 1926 2033
f 1926 1826 1989
f 1991 1908 1943
f 2049 1974 1927
f 2148 1927 2012
f 1927 1909 2012
f 2117 1857 1975
f 1980 1929 2015
f 2015 1929 1992
f 1992 1930 2099
f 2019 1945 1967
f 2136 2065 2020
f 1993 1869 2199
f 1882 1741 2087
f 2041 1799 1896
f 2155 2053 2127
f 1898 1969 1996
f 2072 1969 1981
f 1981 1933 1947
f 1933 1934 1947
f 1947 1934 1981
f 2022 1913 1970
f 1982 2055 1870
f 1870 1949 2224
f 2225 1914 1950
f 1951 1936 1998
f 1998 1936 2139
f 2139 1937 2024
f 1937 2057 2024
f 2026 1820 2044
f 2027 1938 1984
f 2003 1874 1987
f 1987 1805 2003
f 1988 1918 2229
f 2143 1864 2255
f 1864 1920 2059
f 2078 2029 1971
f 2393 1940 1905
f 2007 1877 1923
f 2046 2008 1960
f 2114 2031 1961
f 2233 1961 2032
f 2010 1962 1963
f 1963 1962 1962
f 1942 1962 1964
f 1962 1962 1964
f 1962 2010 1964
f 2010 1942 1964
f 1942 2010 1990
f 2036 1966 1908
f 2049 1927 2148
f 1975 1976 2094
f 2124 1979 2086
f 2086 1979 2038
f 1980 1944 2014
f 1945 2065 1967
f 2199 1869 1994
f 1931 1946 2101
f 2054 2069 1968
f 1948 1935 2022
f 1935 1913 2022
f 2042 1950 2023
f 1953 1954 1999
f 1999 1954 1985
f 2003 1805 2291
f 1805 1956 2140
f 2140 1956 1988
f 1918 1957 1958
f 1902 2143 2028
f 1920 2029 2059
f 1939 1959 2045
f 2045 1959 2111
f 1825 2030 2005
f 2182 1923 1747
f 2033 1926 1989
f 1989 1826 2011
f 2011 1826 2010
f 2011 2010 1972
f 2010 1963 1972
f 1963 1962 1972
f 1962 1942 1972
f 1977 1976 1928
f 2062 1928 2013
f 1978 1894 2037
f 1894 1979 2124
f 2018 1992 2099
f 2041 1896 2126
f 2103 1911 2069
f 2054 1968 2070
f 2070 1968 1996
f 1968 1932 1996
f 1996 1969 2072
f 2073 2022 1861
f 1982 1870 2224
f 2225 1950 2042
f 2105 1951 1998
f 2044 1952 2027
f 2270 1953 1999
f 2058 2129 2000
f 2108 2000 1986
f 2001 1955 2002
f 2028 1918 1958
f 1902 2028 1958
f 2059 2029 2110
f 2029 2078 2110
f 2030 1825 2006
f 1825 1940 2006
f 2046 1960 2031
f 2114 1961 2233
f 2011 1972 1942
f 2035 1966 2116
f 2116 1966 2036
f 2117 1975 2118
f 2094 2118 1975
f 2084 1977 2062
f 1977 1928 2062
f 1944 2015 2052
f 2018 2015 1992
f 1930 2100 2099
f 1981 1948 2072
f 2073 1861 2074
f 2055 1982 2224
f 2056 1983 2225
f 2160 1997 1951
f 2057 2025 2106
f 2025 2026 2106
f 1984 1938 2077
f 2077 1938 2270
f 2058 2000 2108
f 2109 1918 2028
f 2144 2255 1864
f 1971 1939 2078
f 2004 2005 1959
f 2007 1923 2113
f 2209 1747 2008
f 2032 1961 2009
f 1941 2032 2009
f 2032 1893 2033
f 1942 1990 2011
f 1990 1973 2034
f 1908 1991 2036
f 1976 1977 2083
f 2083 1977 2061
f 2119 1977 2084
f 2013 2063 2085
f 2063 1978 2037
f 2195 1944 2052
f 2015 2018 2016
f 2016 2018 2017
f 2100 1930 2019
f 2064 1967 2065
f 2065 2136 2173
f 2136 2020 2334
f 2020 1993 2334
f 1836 1995 2087
f 1896 2155 2126
f 2053 1931 2101
f 1946 2103 2021
f 2074 2055 2138
f 2023 1997 2160
f 1985 2000 2129
f 2001 2002 1986
f 2229 1918 2109
f 1959 2005 2030
f 2030 2006 1940
f 2113 1923 2182
f 2011 1990 2047
f 2079 2115 2034
f 2115 1990 2034
f 2168 2131 2035
f 2147 2257 1991
f 2257 2036 1991
f 2184 1991 2093
f 1991 1943 2093
f 1943 1974 2148
f 2061 1977 2119
f 2085 2063 2132
f 2037 1894 2124
f 2038 1980 2039
f 2039 1980 2014
f 2050 2039 2014
f 2153 1944 2195
f 2052 2015 2040
f 2015 2016 2040
f 2016 2017 2040
f 2040 2017 2098
f 2017 2018 2098
f 2175 2087 1995
f 2175 1995 2041
f 2157 2053 2158
f 2158 2053 2101
f 2101 1946 2102
f 1946 2021 2102
f 2071 1996 2072
f 1951 2105 2104
f 2139 2024 2162
f 2024 2057 2043
f 2106 2026 2044
f 2106 2027 1984
f 2108 1986 2002
f 1805 2140 2291
f 2140 1988 2254
f 1988 2229 2254
f 2142 2028 2143
f 2078 1939 2045
f 2273 2008 2046
f 2033 1989 2011
f 2047 1990 2115
f 2116 2036 2257
f 1991 2300 2147
f 1974 2049 2148
f 2062 2013 2095
f 2123 2063 2189
f 2097 2037 2124
f 2086 2038 2039
f 2014 1944 2153
f 2052 2040 2098
f 2098 2018 2099
f 2019 1967 2064
f 1993 2199 2334
f 1994 1882 2201
f 2157 2127 2053
f 2137 2101 2102
f 2070 1996 2071
f 2072 1948 2022
f 2160 1951 2128
f 2105 1998 2075
f 1998 2139 2342
f 2203 2024 2076
f 2024 2043 2076
f 2043 2057 2076
f 2044 2027 2106
f 2108 2002 2205
f 2144 1864 2180
f 2180 1864 2059
f 2111 1959 2145
f 2030 1940 2295
f 2295 1940 2393
f 2182 1747 2209
f 2046 2031 2114
f 2033 2011 2047
f 2079 2034 2091
f 2048 1965 2131
f 2035 2116 2168
f 2093 1943 2148
f 2148 2012 2060
f 2012 2117 2060
f 2187 1976 2083
f 2172 2061 2119
f 2096 2013 2085
f 2132 2063 2152
f 2063 2037 2097
f 2086 2039 2051
f 2039 2050 2051
f 2215 2014 2153
f 2100 2019 2064
f 2173 2064 2065
f 2176 2041 2126
f 2137 2102 2066
f 2102 2067 2066
f 2066 2067 2067
f 2067 2067 2068
f 2068 2067 2102
f 2054 2070 2069
f 2138 2055 2407
f 2407 2055 2224
f 1949 2056 2225
f 2042 2023 2160
f 2077 2270 2163
f 2165 2205 2002
f 2002 2003 2165
f 2142 2130 2028
f 2208 2130 2142
f 2078 2045 2166
f 2007 2113 2272
f 2349 2113 2182
f 2008 2273 2209
f 2256 2114 2233
f 2080 2081 2080
f 2081 2082 2080
f 2082 2079 2080
f 2080 2079 2091
f 2091 2034 2092
f 2092 2034 2048
f 2148 2060 2186
f 2152 2063 2120
f 2063 2123 2120
f 2086 2051 2125
f 2125 2051 2134
f 2050 2014 2215
f 2334 2199 2198
f 2066 2067 2137
f 2137 2067 2102
f 2067 2068 2102
f 2103 2069 2268
f 2070 2071 2223
f 2223 2071 2072
f 2072 2022 2073
f 2128 1951 2104
f 2105 2075 2202
f 2075 1998 2202
f 2106 1984 2204
f 2343 1999 1985
f 2343 1985 2107
f 2110 2078 2166
f 2110 2045 2111
f 2112 2007 2272
f 2088 2046 2114
f 2350 2256 2233
f 2183 2032 2033
f 2464 2033 2089
f 2089 2033 2115
f 2033 2047 2115
f 2115 2079 2082
f 2081 2080 2082
f 2082 2080 2090
f 2080 2080 2090
f 2080 2091 2090
f 2092 2048 2131
f 2168 2116 2321
f 2300 1991 2184
f 2375 2148 2376
f 2060 2117 2186
f 2083 2061 2172
f 2119 2084 2172
f 2095 2013 2096
f 2095 2096 2085
f 2063 2097 2189
f 2134 2051 2050
f 2135 2098 2099
f 1882 2087 2175
f 2126 2155 2222
f 2158 2101 2137
f 2268 2021 2103
f 2070 2223 2069
f 2223 2072 2073
f 2073 2074 2138
f 2161 2104 2105
f 2162 2024 2203
f 2207 2229 2109
f 2230 2143 2231
f 2166 2045 2110
f 2145 1959 2271
f 2271 1959 2030
f 2393 1905 2112
f 2113 2349 2296
f 2273 2046 2210
f 2210 2046 2088
f 2167 2114 2256
f 2082 2090 2091
f 2321 2116 2257
f 2093 2148 2169
f 2376 2148 2185
f 2117 2118 2214
f 2118 2094 2170
f 2084 2062 2172
f 2062 2095 2240
f 2095 2085 2240
f 2120 2121 2262
f 2262 2121 2122
f 2122 2121 2122
f 2122 2121 2120
f 2124 2086 2125
f 2134 2050 2215
f 2285 2052 2098
f 2173 2136 2220
f 2201 1882 2154
f 2041 2176 2287
f 2102 2021 2365
f 2021 2268 2365
f 2159 2225 2042
f 2202 1998 2342
f 2057 2106 2076
f 2204 1984 2077
f 2204 2077 2163
f 2270 1999 2343
f 1985 2129 2107
f 2129 2058 2164
f 2058 2108 2164
f 2108 2227 2164
f 2165 2003 2291
f 2229 2207 2179
f 2142 2143 2230
f 2231 2143 2255
f 2059 2110 2180
f 2088 2114 2210
f 2210 2114 2167
f 2233 2032 2183
f 2490 2115 2298
f 2082 2091 2298
f 2091 2092 2298
f 2146 2131 2168
f 2300 2184 2276
f 2185 2148 2377
f 2148 2186 2377
f 2186 2117 2214
f 2238 2214 2118
f 2094 1976 2187
f 2240 2085 2132
f 2152 2120 2262
f 2262 2122 2133
f 2122 2122 2133
f 2122 2120 2133
f 2120 2123 2133
f 2097 2124 2444
f 2124 2125 2444
f 2242 2125 2134
f 2099 2100 2135
f 2135 2100 2196
f 2100 2246 2196
f 2220 2136 2197
f 2136 2334 2174
f 2199 1994 2201
f 2155 2127 2156
f 2127 2157 2267
f 2137 2365 2158
f 2137 2102 2365
f 2073 2138 2384
f 2159 2042 2160
f 2408 2128 2104
f 2367 2161 2105
f 2177 2107 2129
f 2140 2254 2228
f 2207 2109 2028
f 2255 2144 2180
f 2347 2110 2111
f 2271 2030 2489
f 2089 2115 2490
f 2115 2082 2298
f 2092 2131 2211
f 2131 2146 2274
f 2184 2093 2169
f 2234 2148 2326
f 2326 2148 2375
f 2238 2118 2170
f 2170 2094 2149
f 2150 2149 2151
f 2149 2094 2151
f 2239 2187 2083
f 2083 2172 2188
f 2133 2123 2262
f 2134 2215 2242
f 2310 2173 2220
f 2154 1882 2250
f 1882 2175 2250
f 2175 2041 2266
f 2266 2041 2287
f 2176 2126 2222
f 2340 2222 2155
f 2155 2156 2340
f 2268 2069 2269
f 2224 1949 2225
f 2160 2128 2408
f 2408 2104 2341
f 2104 2367 2341
f 2367 2105 2288
f 2342 2139 2162
f 2162 2203 2342
f 2291 2140 2178
f 2028 2130 2294
f 2130 2141 2294
f 2208 2142 2230
f 2111 2145 2391
f 2489 2030 2561
f 2393 2112 2272
f 2272 2113 2372
f 2298 2092 2211
f 2211 2131 2274
f 2276 2184 2258
f 2169 2148 2234
f 2149 2150 2170
f 2170 2150 2171
f 2150 2151 2171
f 2151 2094 2171
f 2189 2097 2444
f 2215 2153 2263
f 2153 2194 2263
f 2285 2098 2135
f 2569 2246 2100
f 2219 2100 2064
f 2247 2064 2173
f 2380 2173 2310
f 2249 2136 2174
f 2360 2198 2199
f 2199 2286 2200
f 2127 2364 2251
f 2364 2127 2267
f 2158 2365 2526
f 2223 2073 2366
f 2384 2138 2485
f 2225 2159 2507
f 2159 2160 2507
f 2104 2161 2367
f 2289 2203 2076
f 2343 2107 2177
f 2129 2164 2227
f 2227 2108 2205
f 2206 2205 2253
f 2205 2165 2291
f 2228 2291 2178
f 2178 2140 2228
f 2207 2028 2294
f 2141 2130 2316
f 2181 2347 2111
f 2372 2113 2296
f 2297 2350 2233
f 2183 2033 2414
f 2275 2168 2320
f 2320 2168 2321
f 2184 2169 2277
f 2278 2185 2377
f 2186 2214 2213
f 2170 2171 2238
f 2171 2094 2238
f 2238 2094 2280
f 2514 2188 2062
f 2188 2172 2062
f 2152 2262 2241
f 2190 1299 2216
f 2216 2302 2194
f 1387 1325 2264
f 1325 1386 2356
f 1363 1295 2303
f 1295 2281 2303
f 2243 2217 2401
f 1267 2305 2217
f 1267 2498 2305
f 2283 2402 2218
f 2448 2283 2284
f 2332 1296 2191
f 2474 2521 1285
f 2307 1298 2193
f 2135 2196 2541
f 2569 2100 2219
f 2220 2197 2221
f 2197 2136 2249
f 2335 2334 2198
f 2360 2199 2336
f 2336 2199 2362
f 2176 2222 2287
f 2156 2127 64
f 2385 2160 2408
f 2558 2105 2202
f 2270 2343 2368
f 2252 2205 2206
f 2229 2179 2345
f 2181 2111 2391
f 2349 2182 2209
f 2233 2183 2414
f 2274 2146 2168
f 2322 2321 2257
f 2323 2300 2416
f 2376 2185 2419
f 2237 2186 2213
f 2239 2280 2094
f 2094 2187 2239
f 2514 2062 2240
f 2262 2123 2189
f 2444 2125 2242
f 2194 2190 2216
f 2535 1363 2399
f 2281 1175 2304
f 2474 1285 2359
f 1269 2244 1297
f 2244 1298 2307
f 2307 2193 2245
f 2247 2173 2248
f 2199 2200 2311
f 2201 2154 2286
f 2250 2175 2266
f 2525 2287 2222
f 2157 2158 2526
f 2312 2069 2223
f 2485 2138 2407
f 2203 2289 2313
f 2289 2076 2106
f 2106 2204 2289
f 2226 2204 2163
f 2226 2163 2270
f 2227 2205 2252
f 2141 2390 2294
f 2130 2208 2316
f 2317 2208 2230
f 2461 2231 2255
f 2561 2030 2348
f 2030 2295 2232
f 2349 2209 2273
f 2298 2211 2274
f 2274 2168 2275
f 2320 2321 2299
f 2184 2277 2258
f 2277 2169 2259
f 2185 2278 2235
f 2236 2235 2278
f 2355 2377 2186
f 2279 2186 2212
f 2238 2280 2214
f 2083 2188 2492
f 2132 2152 2241
f 2262 2189 2397
f 2398 2215 2263
f 2264 1325 2328
f 1325 2356 2328
f 2399 1363 2400
f 2304 1140 2243
f 2423 1267 2330
f 2358 2192 2521
f 2194 2153 2245
f 2245 2153 2195
f 2308 2195 2052
f 2308 2052 2285
f 2541 2285 2135
f 2541 2196 2246
f 2569 2219 2064
f 2248 2173 2380
f 2310 2220 2309
f 2220 2221 2197
f 2286 2199 2201
f 2339 2222 2340
f 2364 2267 2157
f 2366 2073 2384
f 2224 2225 2507
f 2288 2105 2558
f 2129 2227 2177
f 2229 2345 2344
f 2316 2208 2412
f 2230 2231 2461
f 2461 2255 2318
f 2180 2110 2347
f 2347 2181 2391
f 2348 2030 2232
f 2273 2210 2167
f 2297 2233 2351
f 2464 2089 2490
f 2416 2300 2276
f 2277 2259 2325
f 2185 2235 2236
f 2235 2236 2236
f 2236 2236 2261
f 2261 2236 2278
f 2186 2237 2212
f 2397 2189 2444
f 2216 1387 2302
f 2302 1387 2264
f 2304 2243 2401
f 2498 1267 2423
f 2519 2499 2282
f 2448 2284 2357
f 2332 2191 2358
f 2191 2192 2358
f 2265 1269 2306
f 2307 2245 2308
f 2245 2195 2308
f 2247 2333 2064
f 2309 2220 2452
f 2197 2452 2220
f 2335 2198 2360
f 2362 2199 2311
f 2200 2286 2381
f 2479 2266 2287
f 2287 2525 2382
f 2222 2339 2525
f 64 2127 2251
f 2406 2251 2364
f 2157 2526 2364
f 2312 2365 2268
f 2269 2069 2312
f 2342 2203 2619
f 2226 2270 2368
f 2343 2177 2435
f 2227 2252 2253
f 2252 2206 2253
f 2228 2254 2437
f 2254 2229 2344
f 2318 2255 2577
f 2255 2371 2577
f 2255 2180 2371
f 2145 2271 2511
f 2348 2232 2295
f 2393 2272 2372
f 2167 2256 2350
f 2414 2033 2550
f 2033 2464 2550
f 2396 2257 2147
f 2441 2259 2169
f 2326 2375 2442
f 2376 2260 2375
f 2236 2261 2185
f 2185 2261 2278
f 2355 2186 2279
f 2212 2237 2213
f 2213 2214 2443
f 2443 2214 2280
f 2239 2083 2492
f 2241 2262 2745
f 2745 2262 2397
f 2242 2215 2398
f 2398 2263 2194
f 2401 2217 2422
f 2265 2306 2379
f 2306 1269 2451
f 1269 1297 2451
f 2425 1297 2307
f 1297 2244 2307
f 2541 2308 2285
f 2569 2064 2333
f 2248 2380 2247
f 2197 2249 2174
f 2174 2334 2543
f 2286 2154 2428
f 2156 64 2405
f 2268 2269 2312
f 2312 2223 2366
f 2507 2160 2385
f 2386 2342 2619
f 2619 2203 2313
f 2177 2227 2387
f 2387 2227 2436
f 2436 2227 2253
f 2253 2205 2291
f 2292 2291 2293
f 2291 2228 2293
f 2293 2228 2437
f 2437 2254 2596
f 2596 2254 2344
f 2345 2179 2346
f 2179 2207 2346
f 2390 2141 2316
f 2412 2208 2317
f 2317 2230 2488
f 2488 2230 2461
f 2393 2348 2295
f 2394 2393 2372
f 2603 2296 2349
f 2604 2167 2350
f 2490 2298 2395
f 2298 2274 2395
f 2274 2275 2319
f 2319 2275 2320
f 2147 2300 2396
f 2532 2300 2323
f 2354 2258 2466
f 2279 2212 2213
f 2627 2492 2188
f 2240 2132 2515
f 2444 2242 2534
f 2398 2194 2302
f 2303 2281 2329
f 2422 2217 2305
f 2402 2283 2448
f 2380 2310 2309
f 2453 2154 2250
f 2478 2266 2363
f 2363 2266 2479
f 2340 2156 2405
f 2485 2407 2544
f 2407 2224 2506
f 2408 2341 2557
f 2204 2226 2368
f 2436 2253 2573
f 2573 2253 2290
f 2437 2291 2314
f 2291 2292 2314
f 2292 2293 2314
f 2293 2437 2314
f 2207 2294 2346
f 2294 2315 2388
f 2371 2180 2347
f 2511 2271 2489
f 2462 2349 2273
f 2439 2273 2167
f 2350 2297 2351
f 2319 2320 2299
f 2257 2396 2415
f 2396 2300 2373
f 2373 2300 2532
f 2416 2276 2354
f 2276 2258 2354
f 2466 2258 2277
f 2169 2234 2326
f 2491 2419 2185
f 2627 2188 2420
f 2420 2188 2327
f 2327 2188 2514
f 2514 2240 2515
f 2242 2301 2534
f 2301 2242 2398
f 2302 2264 2470
f 2470 2328 2356
f 2470 2356 2535
f 2400 2303 2329
f 2304 2401 2281
f 2330 2499 2423
f 2282 2402 2519
f 2357 1268 2378
f 2378 1268 2331
f 2583 2521 2474
f 2451 1297 2425
f 2307 2308 2540
f 2541 2246 2584
f 2614 2569 2333
f 2452 2197 2543
f 2197 2174 2543
f 2334 2335 2543
f 2360 2336 2361
f 2337 2336 2362
f 2362 2311 2200
f 2362 2200 2381
f 2433 64 2406
f 64 2251 2406
f 2526 2365 2505
f 2365 2312 2588
f 2528 2368 2343
f 2177 2387 2435
f 2573 2290 2410
f 2410 2290 2253
f 2291 2437 2253
f 2145 2511 2391
f 2548 2349 2462
f 2462 2273 2439
f 2463 2350 2563
f 2351 2233 2414
f 2319 2299 2321
f 2532 2324 2352
f 2352 2324 2352
f 2352 2324 2323
f 2324 2532 2323
f 2323 2416 2353
f 2325 2259 2441
f 2441 2169 2326
f 2375 2260 2565
f 2185 2278 2377
f 2492 2443 2280
f 2132 2241 2745
f 2264 2328 2470
f 2331 2332 2520
f 2520 2332 2358
f 2614 2333 2247
f 2381 2338 2403
f 2403 2338 2286
f 2338 2381 2286
f 2428 2154 2453
f 2479 2287 2382
f 2405 64 2433
f 2633 2365 2588
f 2366 2384 2485
f 2506 2224 2507
f 2385 2408 2486
f 2458 2558 2202
f 2202 2342 2386
f 2202 2386 2619
f 2313 2289 2204
f 2253 2437 2410
f 2346 2294 2388
f 2388 2315 2369
f 2369 2315 2370
f 2315 2294 2460
f 2294 2390 2460
f 2371 2347 2510
f 2601 2347 2391
f 2392 2489 2561
f 2372 2296 2547
f 2603 2349 2548
f 2563 2350 2414
f 2350 2351 2414
f 2564 2490 2395
f 2465 2322 2257
f 2532 2352 2374
f 2352 2352 2374
f 2352 2323 2374
f 2323 2353 2374
f 2440 2353 2416
f 2277 2325 2441
f 2418 2442 2375
f 2565 2260 2376
f 2377 2355 2533
f 2533 2355 2279
f 2213 2443 2279
f 2280 2239 2492
f 2515 2132 2745
f 2422 2305 2498
f 2540 2308 2541
f 2247 2380 2615
f 2335 2360 2543
f 2336 2556 2361
f 2403 2286 2428
f 2250 2266 2478
f 2339 2340 2484
f 2484 2340 2405
f 2406 2364 2526
f 2312 2366 2485
f 2341 2367 2288
f 2545 2288 2409
f 2409 2288 2558
f 2458 2202 2591
f 2344 2345 2438
f 2388 2369 2411
f 2411 2369 2389
f 2369 2370 2389
f 2370 2315 2389
f 2315 2460 2389
f 2461 2318 2577
f 2510 2347 2601
f 2489 2392 2661
f 2348 2393 2394
f 2439 2167 2413
f 2350 2463 2604
f 2550 2464 2512
f 2319 2321 2531
f 2321 2322 2465
f 2465 2257 2415
f 2532 2374 2353
f 2417 2277 2441
f 2467 2326 2442
f 2565 2376 2491
f 2491 2376 2419
f 2491 2185 2533
f 2185 2377 2533
f 2514 2515 2643
f 2534 2301 2398
f 2399 2400 2421
f 2329 2281 2495
f 2610 2448 2357
f 2424 2358 2521
f 2359 2379 2501
f 2501 2379 2306
f 2569 2584 2246
f 2615 2380 2309
f 2555 2452 2542
f 2543 2360 2361
f 2556 2336 2616
f 2336 2337 2426
f 2337 2362 2426
f 2362 2381 2427
f 2363 2479 2456
f 2479 2382 2503
f 2382 2525 2482
f 2406 2526 2649
f 2526 2505 2650
f 2505 2365 2633
f 2312 2383 2748
f 2383 2312 2485
f 2507 2385 2486
f 2557 2341 2696
f 2590 2341 2288
f 2619 2313 2204
f 2676 2368 2528
f 2528 2343 2593
f 2574 2573 2410
f 2459 2346 2411
f 2346 2388 2411
f 2411 2389 2460
f 2460 2390 2509
f 2390 2316 2509
f 2530 2391 2624
f 2661 2392 2561
f 2274 2319 2531
f 2396 2373 2532
f 2416 2354 2440
f 2468 2442 2418
f 2745 2397 2444
f 2398 2302 2494
f 2536 2400 2516
f 2400 2329 2516
f 2281 2401 2496
f 2401 2422 2496
f 2498 2423 2499
f 2519 2402 2448
f 2475 2451 2425
f 2452 2543 2542
f 2616 2336 2426
f 2426 2362 2616
f 2616 2362 2427
f 2427 2381 2586
f 2586 2381 2403
f 2403 2477 2586
f 2477 2403 2428
f 2250 2478 2454
f 2429 2456 2430
f 2524 2503 2382
f 2525 2339 2483
f 2483 2404 2431
f 2431 2404 2432
f 2404 2483 2432
f 2483 2339 2432
f 2484 2405 2433
f 2588 2312 2748
f 2544 2407 2457
f 2407 2506 2651
f 2486 2408 2557
f 2202 2619 2527
f 2619 2204 2676
f 2204 2368 2676
f 2593 2343 2435
f 2529 2410 2437
f 2596 2344 2438
f 2597 2438 2345
f 2487 2346 2459
f 2460 2459 2411
f 2460 2509 2560
f 2509 2316 2412
f 2412 2317 2488
f 2371 2510 2577
f 2391 2511 2624
f 2579 2511 2489
f 2547 2296 2603
f 2548 2462 2757
f 2462 2439 2562
f 2439 2413 2562
f 2562 2413 2167
f 2395 2274 2531
f 2531 2321 2465
f 2532 2353 2440
f 2466 2277 2513
f 2277 2417 2513
f 2441 2326 2467
f 2418 2375 2468
f 2468 2375 2565
f 2566 2443 2492
f 2493 2492 2627
f 2420 2327 2514
f 2471 2400 2536
f 2446 2445 2446
f 2445 2536 2446
f 2446 2536 2447
f 2516 2329 2495
f 2495 2281 2496
f 2473 2448 2610
f 2357 2378 60
f 2568 2359 2501
f 2568 2501 2449
f 2501 63 2449
f 2449 63 63
f 63 63 2450
f 63 2501 2450
f 2475 2501 2306
f 2306 2451 2475
f 2425 2307 2476
f 2476 2307 2540
f 2615 2614 2247
f 2542 2543 2585
f 2543 2361 2556
f 2428 2453 2502
f 2250 2454 2478
f 2456 2429 2363
f 2363 2429 2455
f 2429 2430 2455
f 2455 2430 2456
f 2382 2482 2524
f 2483 2431 2339
f 2431 2432 2339
f 2433 2406 2649
f 2637 2507 2486
f 2590 2288 2652
f 2288 2434 2652
f 2545 2409 2558
f 2387 2436 2697
f 2697 2436 2573
f 2698 2529 2437
f 2437 2595 2575
f 2595 2437 2596
f 2345 2346 2508
f 2461 2577 2684
f 2601 2391 2640
f 2640 2391 2530
f 2394 2372 2721
f 2757 2462 2562
f 2562 2167 2604
f 2464 2490 2606
f 2465 2415 2532
f 2415 2396 2532
f 2417 2441 2513
f 2467 2442 2468
f 2279 2443 2566
f 2420 2514 2664
f 2745 2444 2469
f 2444 2534 2469
f 2534 2398 2494
f 2494 2302 2470
f 2535 2399 2567
f 2536 2445 2537
f 2445 2446 2537
f 2537 2446 2472
f 2446 2446 2472
f 2472 2446 2447
f 2536 2516 2552
f 2497 2422 2498
f 2519 2448 2473
f 2610 2357 60
f 2666 2424 2521
f 2521 2583 2690
f 2500 2359 2568
f 2449 63 2568
f 63 2450 2568
f 2450 2501 2568
f 2568 2501 2475
f 2309 2452 2555
f 2477 2428 2502
f 2523 2453 2250
f 2250 2478 2648
f 2455 2456 2363
f 2480 2503 2481
f 2503 2524 2481
f 2433 2649 2484
f 2670 2485 2544
f 2544 2457 2651
f 2651 2457 2407
f 2672 2506 2618
f 2506 2507 2618
f 2434 2288 2545
f 2558 2458 2572
f 2435 2387 2593
f 2698 2437 2594
f 2437 2575 2594
f 2508 2346 2487
f 2487 2459 2681
f 2682 2460 2560
f 2488 2461 2684
f 2372 2547 2721
f 2604 2463 2549
f 2563 2414 2550
f 2512 2464 2606
f 2607 2395 2531
f 2440 2354 2513
f 2354 2466 2513
f 2441 2467 2468
f 2627 2420 2744
f 2535 2494 2470
f 2567 2399 2400
f 2399 2421 2400
f 2537 2472 2447
f 2536 2552 2447
f 2447 2552 2537
f 2496 2422 2539
f 2519 2473 2610
f 2583 2474 2522
f 2522 2474 2359
f 2554 2359 2500
f 2475 2425 2540
f 2425 2476 2540
f 2632 2584 2569
f 2502 2453 2523
f 2478 2363 2648
f 2363 2456 2648
f 2456 2479 2503
f 2503 2480 2504
f 2480 2481 2504
f 2481 2524 2504
f 2504 2524 2503
f 2571 2525 2339
f 2525 2483 2339
f 2339 2484 2571
f 2484 2649 2571
f 2693 2650 2505
f 2505 2633 2587
f 2634 2544 2651
f 2651 2506 2589
f 2545 2558 2653
f 2654 2458 2591
f 2591 2202 2527
f 2697 2573 2620
f 2596 2438 2597
f 2597 2345 2508
f 2681 2459 2546
f 2459 2460 2546
f 2412 2488 2719
f 2348 2394 2625
f 2603 2548 2757
f 2463 2563 2549
f 2606 2490 2662
f 2490 2564 2662
f 2531 2465 2607
f 2607 2465 2532
f 2513 2441 2741
f 2565 2491 2533
f 2533 2279 2566
f 2492 2493 2566
f 2493 2627 2566
f 2664 2514 2643
f 2704 2745 2469
f 2534 2494 2535
f 2400 2471 2536
f 2516 2495 2517
f 2517 2495 2518
f 2495 2496 2582
f 2498 2499 2497
f 2358 2424 2666
f 2522 2359 2554
f 2477 2502 2647
f 2523 2250 2648
f 2571 2482 2525
f 2693 2505 2587
f 2383 2485 2670
f 2589 2506 2672
f 2618 2507 2637
f 2654 2572 2458
f 2677 2573 2574
f 2410 2529 2574
f 2719 2488 2684
f 2600 2684 2577
f 2577 2510 2578
f 2510 2601 2578
f 2624 2511 2602
f 2602 2511 2579
f 2579 2489 2661
f 2561 2348 2625
f 2770 2625 2394
f 2825 2394 2721
f 2550 2512 2605
f 2564 2395 2813
f 2551 2395 2607
f 2532 2440 2513
f 2468 2565 2741
f 2627 2744 2581
f 2664 2744 2420
f 2643 2515 2745
f 2537 2400 2536
f 2552 2516 2537
f 2516 2517 2538
f 2538 2517 2517
f 2517 2518 2517
f 2518 2495 2517
f 2422 2497 2629
f 2331 2520 2689
f 2666 2521 2690
f 2568 2475 2584
f 2584 2475 2540
f 2540 2541 2584
f 2647 2586 2477
f 2647 2502 2523
f 2648 2456 2503
f 2649 2526 2650
f 2637 2486 2557
f 2712 2652 2545
f 2652 2434 2545
f 2730 2558 2572
f 2732 2527 2592
f 2676 2528 2593
f 2387 2697 2593
f 2639 2573 2766
f 2766 2573 2677
f 2574 2529 2677
f 2529 2698 2677
f 2734 2595 2596
f 2714 2508 2716
f 2716 2508 2660
f 2813 2395 2551
f 2534 2535 2567
f 2516 2538 2495
f 2538 2517 2495
f 2497 2499 2725
f 2499 2519 2725
f 2519 2610 2609
f 2583 2522 2667
f 2554 62 2553
f 62 61 2553
f 61 61 2553
f 2553 61 2554
f 61 62 2554
f 2585 2543 2647
f 2647 2543 2556
f 2616 2427 2586
f 2524 2482 2571
f 2544 2634 2670
f 2637 2557 2696
f 2696 2341 2590
f 2653 2558 2730
f 2638 2592 2527
f 2638 2619 2676
f 2676 2593 2655
f 2639 2697 2620
f 2594 2575 2595
f 2597 2508 2714
f 2598 2508 2559
f 2508 2487 2559
f 2559 2487 2598
f 2683 2560 2623
f 2599 2560 2509
f 2412 2719 2509
f 2721 2547 2756
f 2580 2562 2604
f 2563 2550 2605
f 2872 2532 2513
f 2741 2441 2468
f 2565 2533 2741
f 2566 2627 2608
f 2626 2608 2627
f 2469 2534 2567
f 2516 2495 2537
f 2539 2422 2645
f 2645 2422 2629
f 2378 2331 2710
f 2611 2690 2583
f 2554 2500 2728
f 2309 2555 2816
f 2647 2556 2616
f 2503 2524 2570
f 2748 2383 2749
f 2638 2527 2619
f 2639 2620 2573
f 2698 2594 2795
f 2714 2716 2659
f 2681 2546 2576
f 2576 2546 2682
f 2682 2546 2460
f 2682 2560 2736
f 2736 2560 2683
f 2623 2560 2599
f 2700 2577 2578
f 2578 2601 2700
f 2601 2640 2686
f 2661 2561 2625
f 2770 2394 2825
f 2549 2563 2702
f 2605 2512 2606
f 2551 2607 2813
f 2741 2533 2663
f 2663 2533 2642
f 2642 2533 2566
f 2703 2643 2745
f 2567 2400 2537
f 2537 2495 2582
f 2582 2496 2539
f 2629 2497 2646
f 2610 60 2688
f 2520 2358 2666
f 2632 2569 2815
f 2815 2569 2614
f 2586 2647 2616
f 2648 2503 2570
f 2570 2524 2649
f 2524 2571 2649
f 2587 2633 2694
f 2545 2653 2712
f 2730 2572 2654
f 2593 2697 2657
f 2796 2795 2594
f 2621 2734 2596
f 2808 2716 2843
f 2843 2716 2660
f 2600 2577 2700
f 2580 2604 2737
f 2604 2549 2737
f 2702 2737 2549
f 2740 2564 2813
f 2607 2532 2785
f 2627 2581 2743
f 2743 2581 2744
f 2776 2745 2704
f 2628 2567 2537
f 2644 2537 2582
f 2582 2539 2746
f 2746 2539 2645
f 2690 2630 2666
f 2612 2612 2613
f 2612 2667 2613
f 2667 2522 2613
f 2522 2554 2728
f 2500 2568 2728
f 2568 2584 2691
f 2614 2615 2668
f 2615 2309 2816
f 2790 2542 2585
f 2647 2523 2692
f 2693 2587 2617
f 2763 2587 2694
f 2633 2588 2748
f 2749 2383 2670
f 2634 2651 2764
f 2589 2695 2764
f 2695 2589 2635
f 2589 2672 2635
f 2618 2637 2636
f 2590 2652 2750
f 2591 2527 2732
f 2765 2638 2676
f 2655 2593 2656
f 2658 2677 2698
f 2621 2596 2780
f 2780 2596 2752
f 2596 2597 2713
f 2597 2714 2622
f 2843 2660 2717
f 2660 2508 2717
f 2508 2598 2717
f 2576 2682 2887
f 2599 2509 2810
f 2509 2719 2810
f 2700 2601 2686
f 2701 2602 2579
f 2756 2547 2603
f 2702 2563 2784
f 2739 2662 2564
f 2813 2607 2826
f 2497 2725 2646
f 2519 2609 2706
f 2609 2610 2688
f 2688 60 2378
f 2331 2689 2710
f 2583 2667 2611
f 2667 2612 2631
f 2612 2612 2631
f 2631 2612 2728
f 2612 2613 2728
f 2613 2522 2728
f 2568 2691 2728
f 2691 2584 2632
f 2614 2668 2815
f 2668 2615 2816
f 2555 2542 2790
f 2617 2587 2763
f 2817 2633 2748
f 2764 2651 2589
f 2672 2618 2636
f 2674 2591 2732
f 2656 2593 2657
f 2752 2596 2753
f 2622 2714 2699
f 2598 2487 2717
f 2487 2681 2717
f 2683 2623 2599
f 2685 2684 2600
f 2624 2602 2701
f 2579 2661 2641
f 2562 2580 2812
f 2605 2606 2662
f 2564 2740 2739
f 2774 2566 2608
f 2626 2627 2743
f 2469 2567 2628
f 2628 2537 2644
f 2705 2725 2519
f 2667 2631 2728
f 2669 2585 2647
f 2692 2523 2829
f 2829 2523 2648
f 2791 2649 2650
f 2694 2633 2817
f 2792 2670 2764
f 2670 2634 2764
f 2695 2635 2671
f 2635 2672 2671
f 2636 2637 2673
f 2673 2637 2696
f 3080 2591 2674
f 2592 2638 2765
f 2765 2676 2655
f 2697 2639 2820
f 2885 2677 2658
f 2594 2595 2796
f 2767 2734 2621
f 2596 2713 2753
f 2713 2597 2622
f 2681 2576 2754
f 2686 2640 2530
f 2783 2579 2768
f 2579 2641 2768
f 2641 2661 2768
f 2768 2661 2720
f 2812 2757 2562
f 2812 2580 2856
f 2563 2605 2722
f 2664 2643 2703
f 2704 2469 2644
f 2469 2628 2644
f 2644 2582 2746
f 2629 2646 2760
f 2705 2519 2706
f 2688 2378 2708
f 2708 2378 2710
f 2726 2689 2666
f 2689 2520 2666
f 2630 2727 2666
f 2690 2611 2667
f 2667 2728 2711
f 2691 2632 2815
f 2789 2816 2555
f 2790 2585 2729
f 2729 2585 2747
f 2585 2669 2747
f 2647 2692 2863
f 2570 2649 2791
f 2764 2695 2671
f 2751 2652 2712
f 2712 2653 2751
f 2654 2591 2730
f 2730 2591 3080
f 2675 2732 2592
f 2806 2679 2678
f 2679 2680 2678
f 2680 2713 2678
f 2713 2622 2678
f 2678 2622 2735
f 2622 2699 2735
f 2735 2699 2807
f 2715 2659 2798
f 2659 2716 2798
f 2782 2683 2718
f 2755 2684 2685
f 2600 2700 2685
f 2720 2661 2625
f 2756 2603 2757
f 2580 2737 2857
f 2738 2563 2722
f 2605 2662 2871
f 2741 2663 2742
f 2744 2664 2844
f 2746 2645 2724
f 2665 2646 2725
f 2687 2725 2705
f 2707 2609 2688
f 2708 2710 2709
f 2726 2666 2727
f 2747 2669 2647
f 2829 2648 2791
f 2671 2672 2636
f 2636 2673 2696
f 2696 2590 2750
f 2751 2653 2903
f 2903 2653 2730
f 2592 2765 2675
f 2853 2655 2733
f 2733 2655 2657
f 2655 2656 2657
f 2733 2657 2697
f 2733 2697 2820
f 2766 2677 2885
f 2823 2796 2595
f 2713 2680 2806
f 2680 2679 2806
f 2806 2678 2735
f 2736 2887 2682
f 2718 2683 2599
f 2530 2624 2701
f 2769 2720 2625
f 2769 2625 2770
f 2856 2580 2857
f 2737 2702 2771
f 2826 2607 2723
f 2723 2607 2785
f 2872 2785 2532
f 2758 2741 2773
f 2773 2741 2742
f 2742 2663 2642
f 2608 2626 2743
f 2801 2725 2802
f 2725 2687 2802
f 2609 2707 2706
f 2761 2667 2711
f 2789 2555 2790
f 2791 2648 2570
f 2636 2696 2832
f 2832 2696 2750
f 2731 2674 2732
f 2842 2765 2655
f 2885 2658 2698
f 2923 2734 2767
f 2621 2780 2767
f 2717 2681 2754
f 2736 2683 2782
f 2719 2684 2755
f 2685 2700 2755
f 2783 2701 2579
f 2771 2702 2784
f 2784 2563 2738
f 2871 2722 2605
f 2872 2513 2741
f 2772 2741 2758
f 2744 2844 2787
f 2844 2664 2814
f 2664 2703 2759
f 2759 2703 2745
f 2704 2644 2800
f 2724 2645 2629
f 2801 2665 2725
f 2687 2705 2802
f 2876 2708 2709
f 2876 2709 2710
f 2827 2710 2689
f 2689 2726 2954
f 2711 2728 2761
f 2939 2691 2815
f 2668 2816 2815
f 2650 2693 2617
f 2763 2694 2778
f 2749 2670 2792
f 2750 2652 2751
f 2841 2674 2731
f 2842 2655 2853
f 2823 2595 2923
f 2923 2595 2734
f 2807 2699 2824
f 2714 2659 2715
f 2798 2716 2808
f 2843 2717 2927
f 2754 2576 2809
f 2718 2599 2782
f 2888 2599 2869
f 2810 2719 2755
f 2700 2686 2755
f 2799 2530 2701
f 2948 2701 2783
f 2932 2784 2738
f 2739 3051 2662
f 2858 2740 2813
f 2966 2826 2785
f 2826 2723 2785
f 2566 2774 2742
f 2892 2743 2910
f 2800 2644 2746
f 2746 2724 2800
f 2724 2629 2760
f 2760 2646 2665
f 2706 2707 2777
f 2688 2708 2953
f 2726 2727 2828
f 2828 2727 2630
f 2690 2667 2691
f 2761 2728 2691
f 2847 2791 2650
f 2803 2617 2762
f 2617 2763 2762
f 2764 2671 2866
f 2750 2751 2818
f 2903 2730 2794
f 2841 2731 2732
f 2882 2765 2842
f 2820 2639 2766
f 2885 2698 2822
f 2698 2795 2822
f 2925 2753 2926
f 2753 2713 2926
f 2806 2735 2807
f 2699 2714 2715
f 2781 2927 2717
f 2887 2736 2782
f 2768 2720 2769
f 2811 2756 2757
f 2857 2737 2965
f 2965 2737 2771
f 2739 2740 2858
f 2872 2741 2772
f 2742 2642 2566
f 3003 2774 2775
f 2775 2774 2743
f 2774 2608 2743
f 2744 2787 2743
f 2814 2664 2859
f 2859 2664 3034
f 2759 2745 2776
f 2875 2802 2705
f 2845 2777 2707
f 2953 2708 2876
f 2788 2630 2690
f 2691 2667 2761
f 2815 2816 2939
f 3036 2861 2790
f 2729 2747 2863
f 2803 2762 2830
f 2985 2817 2748
f 2748 2749 2792
f 2903 2920 2751
f 2780 2752 2925
f 2752 2753 2925
f 2926 2713 2806
f 2717 2754 2809
f 2782 2599 2888
f 2869 2599 2855
f 2599 2810 2855
f 2799 2701 2948
f 2783 2768 2769
f 2769 2770 2825
f 2721 2756 2907
f 2811 2757 2812
f 2773 2742 2936
f 2775 2743 3003
f 3003 2743 2892
f 2664 2759 3034
f 2705 2706 2777
f 2845 2707 2953
f 2707 2688 2953
f 2876 2710 3072
f 2827 2689 2954
f 2954 2726 2828
f 2788 2690 2691
f 2830 2762 2955
f 3040 2748 2792
f 2804 2671 2867
f 2730 3080 2794
f 2841 2732 2852
f 2675 2765 2882
f 2820 2766 2821
f 2797 2796 2823
f 2767 2780 2924
f 2809 2576 2977
f 2810 2755 2855
f 2855 2755 2963
f 3018 2530 2799
f 3001 2769 2825
f 2890 2825 2907
f 2825 2721 2907
f 2908 2812 2856
f 2738 2722 2871
f 2934 2739 2858
f 2785 2872 2966
f 2966 2872 2891
f 2758 2773 2936
f 2704 2800 2776
f 2705 2777 2845
f 2828 2630 2788
f 2863 2747 2647
f 2913 2829 2791
f 2650 2617 2803
f 2877 2778 2694
f 2694 2817 2877
f 2985 2748 3040
f 2792 2764 2866
f 2866 2671 2986
f 2671 2636 2832
f 2943 2793 58
f 59 2779 2868
f 2868 2779 57
f 57 2849 2868
f 2849 2818 2900
f 2900 2818 2751
f 2903 2794 2973
f 3080 2674 2841
f 2922 2795 2796
f 2922 2797 2823
f 2923 2767 2924
f 2997 2780 2925
f 2824 2699 2715
f 2928 2869 2855
f 2686 2530 3018
f 2771 2784 2931
f 2931 2784 2932
f 2871 2662 3051
f 2772 2758 2909
f 2758 3053 2909
f 2758 2936 3053
f 2743 2787 2844
f 2724 2760 2893
f 2893 2760 2801
f 2760 2665 2801
f 2875 2705 2860
f 2860 2705 2845
f 3072 2710 2827
f 3072 2827 2954
f 2828 2788 2691
f 2816 2789 2846
f 2846 2789 2790
f 3036 2790 2729
f 2729 2863 2862
f 2863 2692 2829
f 2650 2803 2847
f 2762 2763 2877
f 2763 2778 2877
f 2986 2671 2804
f 2671 2832 2867
f 2832 2750 2833
f 2805 2793 2918
f 2852 2732 2675
f 2853 2733 2820
f 2884 2766 2885
f 2796 2797 2922
f 2945 2926 2806
f 2715 2798 2854
f 2854 2798 3048
f 3048 2798 2808
f 2781 2717 2809
f 2977 2576 2887
f 2948 2783 2929
f 2783 2769 2870
f 2873 2872 2772
f 2774 2786 2742
f 2786 2774 3003
f 2910 2743 3070
f 2743 2844 2937
f 2874 2759 2776
f 2863 2829 2912
f 2848 2955 2865
f 2750 57 2833
f 57 2805 2833
f 2973 2794 3080
f 2852 2675 2974
f 2974 2675 2819
f 2883 2766 2884
f 2822 2795 2886
f 2886 2795 2975
f 2795 2922 2975
f 2924 2780 2997
f 2945 2806 2961
f 2806 2807 2961
f 2961 2807 2824
f 2998 2715 2854
f 2808 2843 3048
f 2927 2781 2809
f 2979 2783 2870
f 2870 2769 2889
f 2811 2812 2908
f 2931 2965 2771
f 2933 2738 2871
f 2858 2813 2934
f 2934 2813 2826
f 3019 2742 2786
f 2844 2814 2859
f 3034 2759 2874
f 2801 2802 2893
f 2828 2691 2954
f 2939 2816 2846
f 2912 2829 2913
f 2940 2913 2791
f 2864 2955 2848
f 2865 2955 2762
f 2877 2817 2985
f 2986 2804 2867
f 2832 2916 2867
f 2836 2837 2834
f 2835 2834 2840
f 2834 2835 2838
f 2840 2834 2837
f 2850 2838 2835
f 2835 2881 2839
f 2834 2838 2836
f 2835 2839 2851
f 2840 2837 2881
f 3080 2841 3062
f 3062 2841 3239
f 3239 2841 2957
f 2974 2841 2852
f 2958 2853 2820
f 2883 2820 2821
f 2821 2766 2883
f 2885 2822 2921
f 2921 2822 2886
f 2824 2715 2998
f 2946 2854 3048
f 2782 2905 3016
f 2782 2888 2905
f 2963 2755 2686
f 3001 2825 2890
f 2756 2811 3050
f 2856 2857 3031
f 3105 2966 2891
f 3070 2743 2937
f 2844 2859 2937
f 2874 2776 3144
f 2776 2800 2893
f 2800 2724 2893
f 2691 3221 2954
f 2691 2939 2938
f 2846 2790 2861
f 3036 2729 2862
f 2940 2791 2847
f 2864 2848 3021
f 2848 2894 3021
f 2848 2831 2895
f 2895 2831 2865
f 2833 2805 2918
f 2918 2793 2943
f 2943 58 2897
f 2899 2868 2849
f 2835 2840 2881
f 2957 2841 2974
f 2823 2923 2904
f 2997 2925 3047
f 3064 2925 2926
f 2976 2843 2927
f 2927 2809 2976
f 2976 2809 2977
f 2887 2782 3016
f 2947 2888 2869
f 2928 2855 2963
f 2963 2686 3191
f 2978 2929 2783
f 2889 2769 3001
f 3050 2811 2949
f 2811 2908 2949
f 2964 2857 2965
f 3176 2738 2933
f 2981 3051 2739
f 3195 2859 3034
f 2874 2911 3034
f 2911 2874 3144
f 2893 2802 2875
f 2845 3035 2860
f 2967 3035 2845
f 3145 3072 2954
f 2831 2848 2865
f 3040 2792 2878
f 3009 2878 2792
f 2896 2792 2866
f 2866 2986 2915
f 2918 2832 2833
f 2897 58 2898
f 2849 2900 2919
f 2836 2838 2900
f 2839 2881 2902
f 2900 2751 2920
f 3045 2903 3014
f 3014 2903 2973
f 2675 2882 2958
f 2842 2853 2958
f 2958 2820 2883
f 2961 2824 3083
f 3016 2905 3017
f 3191 2686 3018
f 2978 2783 2979
f 2908 2856 3031
f 3031 2857 2964
f 2933 2871 3051
f 2934 2826 2966
f 2872 2873 2935
f 2909 3164 2772
f 2937 2859 3071
f 3195 3004 2859
f 2875 2860 3035
f 2862 2863 3054
f 2803 2830 2847
f 2955 2864 3021
f 3021 2894 2941
f 2895 2984 2956
f 3008 2865 2762
f 3008 2762 2877
f 2877 2970 3008
f 3059 2985 3183
f 3009 2792 2896
f 2916 2832 2918
f 2898 2868 2899
f 2849 2919 2899
f 2838 2850 2879
f 2879 2850 2880
f 2850 2835 2851
f 3015 3080 3062
f 2819 2675 2958
f 3046 2884 2885
f 2960 2926 2945
f 3065 2824 2998
f 2843 2976 3084
f 2947 2869 2928
f 3068 2870 2889
f 2889 3001 2930
f 2981 2739 2951
f 2891 2872 2935
f 3002 2936 2742
f 3004 3071 2859
f 3144 2776 2893
f 2876 3072 2953
f 2939 2846 3073
f 3054 2863 2912
f 3076 2912 2913
f 2847 2830 3021
f 2914 2941 2894
f 2914 2894 2848
f 2984 2895 3007
f 3007 2895 2865
f 3183 2985 3040
f 3040 2878 3009
f 2896 2866 2915
f 2867 2916 3203
f 2987 2943 2897
f 2987 2897 2898
f 3011 2898 2899
f 2838 2879 2901
f 2879 2880 2901
f 2880 2850 2901
f 2839 2902 3185
f 2902 2881 3185
f 2972 2836 2900
f 2958 2882 2842
f 2883 2884 2958
f 2921 2886 2975
f 2995 2922 2996
f 2959 2823 2904
f 2959 2923 2924
f 3082 2945 2961
f 3027 2977 3016
f 2977 2887 3016
f 2905 2888 2947
f 2929 2978 3162
f 3067 2870 2906
f 3068 2889 2930
f 3104 3001 2907
f 3001 2890 2907
f 3104 2907 2756
f 3069 2965 2931
f 2739 2934 2951
f 2873 2772 3164
f 2786 3003 3019
f 2967 2845 2953
f 2862 3222 3036
f 2830 2955 3021
f 2848 2895 3038
f 2984 2968 3092
f 3007 2865 3008
f 2943 2917 2918
f 2917 2916 2918
f 2987 2898 3011
f 2900 2838 2919
f 2838 2901 2919
f 2901 2850 2919
f 3185 2881 2971
f 2881 2837 3024
f 2837 2836 2972
f 2900 2920 2972
f 2920 2903 3045
f 2922 2823 2996
f 2959 2904 2923
f 3048 2843 3084
f 3017 2905 2962
f 3018 2799 2948
f 3162 3246 2929
f 3030 3104 2756
f 2949 2908 3031
f 2932 2738 2950
f 3105 2891 3052
f 2892 2910 3070
f 2893 2875 3108
f 3108 2875 3035
f 3221 2691 3129
f 3129 2691 2938
f 3179 3036 3109
f 3076 2913 2940
f 2940 2847 3006
f 3021 2941 3056
f 3056 2941 3077
f 2941 2914 3038
f 3038 2895 2956
f 2956 2984 2983
f 2983 2984 2942
f 2968 2984 3007
f 2970 2877 2985
f 3010 2986 2867
f 3203 2916 3323
f 2916 2917 2943
f 2971 2881 3024
f 3012 2837 2972
f 3046 2958 2884
f 3046 2885 2944
f 2885 2921 2944
f 2975 2922 2995
f 2996 2823 2959
f 3047 2925 3064
f 3083 2824 3065
f 2962 2905 2947
f 2947 2928 2963
f 3049 3191 3018
f 3103 3018 2948
f 2931 2932 2950
f 3051 2981 3143
f 2891 2935 3052
f 3053 2936 3002
f 3107 3003 2892
f 3107 2892 3070
f 3070 2937 2952
f 2937 3128 2952
f 2938 2939 3073
f 3075 2862 3054
f 3006 2847 2982
f 2982 2847 3021
f 3057 2941 3038
f 3038 2914 2848
f 2942 2984 3022
f 3023 2984 3092
f 2896 3184 3009
f 2896 2915 3184
f 2916 2943 3323
f 3011 2899 2919
f 3024 2837 3012
f 3042 2972 2920
f 3046 2819 2958
f 2944 2921 2975
f 3064 2926 2960
f 3029 3018 3103
f 3103 2948 2929
f 3124 2979 2870
f 2906 2870 3068
f 3030 2756 3050
f 2964 2965 2980
f 3069 2931 3126
f 2950 2738 3176
f 3052 2935 3087
f 3087 2935 2873
f 2742 3019 3002
f 3070 2952 3128
f 3128 2937 3071
f 2911 3144 3034
f 2967 2953 3394
f 3145 2954 3221
f 3109 3036 3222
f 3054 2912 3055
f 3055 2912 3020
f 3076 2940 3037
f 3037 2940 3006
f 2983 3113 2956
f 3010 2867 3154
f 3154 2867 3203
f 3323 2943 2987
f 2987 3011 2851
f 2919 2850 3011
f 2974 2819 3063
f 3098 2924 2997
f 3064 2960 2945
f 3064 2945 3082
f 3082 2961 3083
f 2998 2854 2999
f 3084 2976 3101
f 2962 2947 3000
f 2947 2963 3000
f 3103 2929 3246
f 3124 2978 2979
f 3067 3124 2870
f 3163 2930 3001
f 3031 2964 3212
f 3069 2964 2980
f 2934 2966 3105
f 3073 2846 3179
f 2846 2861 3179
f 3179 2861 3036
f 3038 2956 3078
f 2942 3150 2983
f 3150 2942 3022
f 3092 2968 2969
f 3008 2970 2969
f 2969 2970 3059
f 3059 2970 2985
f 2851 2839 3185
f 2972 3042 3012
f 2988 2989 2991
f 2993 2988 2991
f 2989 2988 3013
f 2989 3013 2990
f 3013 2988 2993
f 3044 2991 3025
f 2992 3079 2991
f 2991 2989 3157
f 2994 2991 3079
f 2992 2991 3157
f 3026 2989 2990
f 3044 2993 2991
f 3061 3025 2991
f 3159 3157 2989
f 3159 2989 3026
f 2993 3044 3013
f 2991 2994 3155
f 3042 2920 3043
f 3043 2920 3044
f 2920 3045 3044
f 3014 2973 3097
f 2973 3080 3097
f 3132 2957 2974
f 3132 2974 3063
f 3171 2819 3046
f 3046 2944 2975
f 3099 3098 2997
f 2976 2977 3102
f 3066 2977 3027
f 3139 3031 3212
f 2980 2965 3069
f 3141 2931 3176
f 2931 2950 3176
f 3003 3107 3019
f 3034 3144 3033
f 3144 2893 3005
f 3005 2893 3108
f 3020 2912 3076
f 3112 3077 3166
f 3077 2941 3166
f 3182 3022 3305
f 2969 2968 3007
f 3237 2915 2986
f 3011 2850 2851
f 3043 3044 3025
f 3079 2992 3157
f 3063 2819 3283
f 3209 3283 2819
f 3081 2996 2924
f 2996 2959 2924
f 3065 2998 2999
f 3100 2854 2946
f 3100 2946 3190
f 3028 3016 3017
f 3017 2962 3000
f 3085 2978 3124
f 3068 2930 3163
f 3050 2949 3031
f 3193 2933 3051
f 3164 2909 3053
f 3032 3071 3195
f 3071 3004 3195
f 3033 3195 3034
f 3035 2967 3108
f 2862 3197 3074
f 3076 3037 3110
f 3006 2982 3037
f 3180 3021 3056
f 3166 2941 3057
f 3078 2956 3113
f 3058 3113 3169
f 3169 3113 2983
f 3091 3182 3305
f 3022 2984 3305
f 3305 2984 3279
f 3279 2984 3023
f 3007 3008 2969
f 3280 3183 3040
f 3040 3009 3184
f 3012 3042 3024
f 3061 2991 3155
f 2990 3013 3131
f 3045 3014 3097
f 3209 2819 3171
f 3046 2975 3172
f 3172 2975 2995
f 3081 2924 3098
f 3083 3065 3210
f 3123 3065 2999
f 3066 3016 3028
f 3049 3018 3029
f 3162 2978 3085
f 3067 2906 3068
f 3125 3031 3139
f 3212 2964 3069
f 3141 3126 2931
f 3051 3143 3193
f 2951 2934 3177
f 3213 2934 3105
f 3217 3107 3070
f 3127 3070 3128
f 2938 3073 3165
f 3222 2862 3074
f 3197 2862 3075
f 3055 3020 3076
f 2982 3021 3180
f 3039 3038 3078
f 3151 3150 3022
f 3153 2986 3010
f 3185 2971 3324
f 3060 2971 3041
f 2971 3024 3041
f 3043 3025 3093
f 3093 3025 3061
f 2994 3079 3155
f 3155 3079 3156
f 3131 3013 3044
f 3131 3044 3045
f 3171 3046 3172
f 2995 2996 3081
f 3161 3047 3064
f 3189 3064 3082
f 3084 2946 3048
f 3027 3016 3066
f 2963 3191 3000
f 3247 3001 3104
f 3104 3030 3248
f 3030 3050 3248
f 3050 3031 3125
f 2981 2951 3177
f 3087 2873 3164
f 3106 3053 3002
f 3002 3019 3353
f 3355 3394 2953
f 3197 3075 3054
f 3037 2982 3147
f 3166 3057 3090
f 3113 3058 3167
f 3169 2983 3150
f 3151 3022 3182
f 3118 3092 2969
f 3280 3040 3184
f 3323 2987 2851
f 2971 3060 3324
f 3041 3024 3042
f 3042 3043 3093
f 3026 2990 3094
f 3045 3097 3131
f 3239 2957 3132
f 2997 3047 3161
f 3161 3064 3189
f 3082 3083 3210
f 2854 3100 2999
f 3190 2946 3084
f 3102 2977 3066
f 3028 3017 3244
f 3192 3085 3124
f 3175 3124 3067
f 3163 3001 3247
f 3248 3050 3086
f 3086 3050 3211
f 3290 3050 3125
f 3176 2933 3193
f 3143 2981 3177
f 2934 3213 3177
f 3216 3164 3106
f 3164 3053 3106
f 3106 3002 3352
f 3352 3002 3088
f 3088 3002 3353
f 3128 3071 3251
f 3071 3032 3252
f 3252 3032 3195
f 3144 3005 3108
f 3314 2953 3072
f 3072 3145 3314
f 3054 3055 3197
f 3110 3037 3297
f 3056 3077 3180
f 3336 3166 3090
f 3057 3038 3259
f 3169 3150 3116
f 3116 3150 3149
f 3236 3023 3092
f 2969 3059 3118
f 3237 3184 2915
f 3306 3237 2986
f 3153 3010 3154
f 3060 3041 3042
f 3094 2990 3131
f 3015 3062 3208
f 3172 2995 3081
f 3173 3099 2997
f 3174 3084 3135
f 3135 3084 3101
f 3101 2976 3102
f 3066 3028 3244
f 3137 3191 3049
f 3049 3029 3137
f 3137 3029 3246
f 3162 3085 3288
f 3175 3067 3138
f 3067 3068 3138
f 3212 3069 3408
f 3140 3069 3126
f 3213 3105 3412
f 3194 3019 3107
f 3217 3070 3127
f 3218 3195 3033
f 3178 3108 2967
f 3165 3073 3196
f 3222 3074 3197
f 3197 3055 3130
f 3130 3055 3146
f 3055 3076 3110
f 3147 2982 3180
f 3180 3077 3089
f 3259 3038 3300
f 3039 3078 3300
f 3150 3117 3149
f 3236 3279 3023
f 3118 3059 3183
f 3306 2986 3153
f 3159 3026 3094
f 3121 3096 55
f 3205 52 3206
f 3119 3094 3131
f 3097 3080 3160
f 3160 3080 3015
f 3208 3062 3239
f 3173 2997 3161
f 3189 3082 3240
f 3241 3082 3122
f 3122 3082 3210
f 3210 3065 3310
f 3136 3101 3102
f 3248 3086 3211
f 3211 3050 3290
f 3291 3212 3408
f 3408 3069 3140
f 3434 3126 3141
f 3412 3105 3052
f 3052 3087 3214
f 3194 3353 3019
f 3218 3033 3253
f 3253 3033 3219
f 3219 3033 3144
f 2967 3394 3254
f 3196 3073 3179
f 3372 3109 3222
f 3146 3055 3110
f 3111 3297 3037
f 3089 3077 3112
f 3257 3112 3166
f 3090 3057 3259
f 3038 3039 3300
f 3300 3078 3113
f 3225 3167 3058
f 3058 49 46
f 3151 3182 3235
f 3185 3323 2851
f 3185 3324 3238
f 3060 3042 3324
f 3042 3093 3155
f 3093 3061 3155
f 3159 3094 3186
f 3187 3095 3121
f 3095 53 3121
f 3131 3097 3344
f 3344 3097 3282
f 3345 3282 3097
f 3160 3015 3208
f 3239 3132 3133
f 3284 3172 3081
f 3081 3098 3134
f 3100 3190 2999
f 3190 3084 3329
f 3244 3017 3000
f 3029 3103 3246
f 3266 3124 3175
f 3247 3104 3248
f 3142 3193 3143
f 3216 3106 3369
f 3331 3178 2967
f 3220 2967 3254
f 3179 3109 3372
f 3111 3037 3147
f 3115 50 3232
f 3200 50 48
f 48 49 3234
f 49 3058 3234
f 3169 3116 3149
f 3325 3042 3155
f 3119 3120 3094
f 3204 55 3188
f 55 3205 3188
f 3206 3119 3207
f 3132 3063 3133
f 3133 3063 3283
f 3308 3171 3172
f 3264 3081 3134
f 3098 3099 3134
f 3134 3099 3173
f 3240 3082 3241
f 3310 3065 3243
f 3065 3123 3243
f 3123 2999 3286
f 3329 3084 3174
f 3136 3102 3388
f 3102 3066 3388
f 3124 3289 3192
f 3289 3124 3266
f 3290 3125 3139
f 3268 3140 3126
f 3141 3176 3312
f 3177 3213 3435
f 3214 3412 3052
f 3251 3217 3127
f 3128 3251 3127
f 3252 3195 3218
f 3178 3144 3108
f 3331 2967 3220
f 3355 2953 3314
f 3413 3314 3145
f 3413 3145 3221
f 3221 3129 2938
f 2938 3165 3296
f 3222 3197 3255
f 3197 3130 3146
f 3297 3111 3147
f 3300 3113 3317
f 43 46 3114
f 3168 48 3234
f 3234 3058 3169
f 3324 3042 3325
f 3156 3079 3157
f 3186 3094 3120
f 3207 3119 3344
f 3119 3131 3344
f 3345 3097 3160
f 3284 3081 3285
f 3285 3081 3264
f 2999 3190 3286
f 3174 3135 3405
f 3101 3136 3388
f 3388 3066 3244
f 3191 3137 3245
f 3450 3175 3138
f 3248 3211 3488
f 3193 3142 3292
f 3142 3143 3292
f 3351 3087 3164
f 3164 3216 3215
f 3353 3194 3294
f 3194 3107 3217
f 3452 3071 3252
f 3219 3144 3530
f 3530 3144 3331
f 3144 3178 3331
f 3355 3466 3394
f 3197 3146 3468
f 3297 3147 3256
f 3256 3147 3180
f 3180 3089 3112
f 3166 3336 3199
f 3336 3090 3376
f 44 45 3231
f 43 3114 3231
f 3114 3148 3231
f 3148 3115 3181
f 3181 3115 3232
f 48 3168 3200
f 3150 3151 3117
f 3117 3151 3235
f 3276 3182 3277
f 3182 3091 3277
f 3152 3091 3170
f 3170 3091 3305
f 3092 3118 3342
f 3306 3153 3154
f 3156 3157 3343
f 3157 3158 3343
f 3157 3159 3158
f 3158 3159 3186
f 3120 3095 3186
f 3308 3327 3171
f 3134 3173 3264
f 3265 3173 3161
f 3241 3122 3210
f 3192 3288 3085
f 3138 3068 3407
f 3163 3247 3068
f 3368 3250 3193
f 3369 3106 3352
f 3354 3353 3294
f 3295 3217 3251
f 3251 3071 3452
f 3413 3221 3357
f 3221 2938 3296
f 3255 3197 3358
f 3270 3332 3146
f 3180 3112 3257
f 3257 3166 3333
f 3298 3166 3199
f 3337 3376 3090
f 3317 3113 3225
f 3113 3167 3225
f 3225 43 3226
f 44 3231 3230
f 3234 3169 3149
f 3091 3152 3277
f 3152 3170 3305
f 3236 3092 3342
f 3237 3280 3184
f 3323 3154 3203
f 3158 3186 3187
f 3186 3095 3187
f 3158 3121 3204
f 3204 3121 55
f 3209 3171 3327
f 3308 3172 3364
f 3364 3172 3284
f 3264 3173 3265
f 3265 3161 3309
f 3161 3189 3309
f 3329 3174 3405
f 3406 3246 3162
f 3249 3139 3212
f 3408 3140 3268
f 3434 3141 3312
f 3368 3193 3350
f 3193 3292 3350
f 3143 3177 3435
f 3214 3087 3351
f 3351 3164 3215
f 3295 3194 3217
f 3493 3165 3370
f 3370 3165 3196
f 3197 3416 3358
f 3270 3146 3110
f 3180 3417 3256
f 3417 3180 3469
f 3333 3166 3298
f 3198 3298 3199
f 3337 3090 3259
f 3058 46 3225
f 3225 46 43
f 3226 44 3230
f 50 3200 3232
f 3201 3168 3275
f 3260 3168 3234
f 3234 3233 3260
f 3149 3117 3235
f 3235 3182 3276
f 3278 3152 3202
f 3305 3202 3152
f 3118 3183 3280
f 3384 3262 3237
f 3427 3323 3185
f 3205 3206 3281
f 3519 3206 3207
f 3345 3160 3208
f 3135 3101 3405
f 3288 3192 3347
f 3175 3450 3267
f 3290 3139 3349
f 3268 3126 3434
f 3312 3176 3250
f 3176 3193 3250
f 3213 3412 3330
f 3369 3352 3548
f 3296 3165 3493
f 3414 3196 3179
f 3468 3146 3332
f 3180 3257 3469
f 3272 3259 3300
f 3229 40 3338
f 3301 41 3360
f 3229 3226 3230
f 45 43 3231
f 3148 3181 3232
f 3232 3200 3168
f 3275 3168 3260
f 3341 3234 3149
f 3277 3152 3278
f 3262 3280 3237
f 3427 3185 3238
f 3343 3155 3156
f 3187 3121 3158
f 3204 3188 3307
f 3188 3205 3281
f 3281 3206 3519
f 3385 3208 3239
f 3326 3133 3283
f 3283 3209 3387
f 3189 3240 3309
f 3210 3242 3241
f 3190 3329 3429
f 3388 3405 3101
f 3245 3000 3191
f 3245 3137 3431
f 3137 3346 3431
f 3162 3288 3406
f 3311 3266 3175
f 3488 3211 3290
f 3249 3212 3291
f 3292 3143 3435
f 3412 3214 3389
f 3214 3351 3389
f 3215 3216 3351
f 3216 3369 3351
f 3252 3218 3452
f 3253 3219 3393
f 3331 3220 3269
f 3220 3254 3269
f 3357 3221 3296
f 3179 3372 3414
f 3372 3222 3255
f 3332 3270 3110
f 3297 3223 3332
f 3223 3297 3417
f 3297 3256 3417
f 3271 3199 3336
f 3225 3226 3273
f 3226 3229 3273
f 40 3227 3339
f 3227 3274 3339
f 3318 3301 3319
f 3227 41 3274
f 40 3228 3227
f 3231 3148 3232
f 3232 3168 3201
f 3233 3234 3341
f 3202 3305 3476
f 3279 3236 3342
f 3384 3237 3306
f 3158 3204 3263
f 3385 3239 3480
f 3480 3239 3326
f 3239 3133 3326
f 3240 3241 3309
f 3242 3210 3310
f 3243 3123 3328
f 3388 3244 3430
f 3137 3246 3287
f 3348 3175 3267
f 3407 3068 3247
f 3407 3247 3248
f 3139 3249 3349
f 3662 3408 3268
f 3451 3434 3312
f 3292 3435 3293
f 3411 3213 3330
f 3294 3194 3295
f 3251 3452 3491
f 3218 3253 3393
f 3269 3254 3394
f 3394 3466 3507
f 3355 3314 3356
f 3372 3255 3358
f 3469 3257 3333
f 3298 3198 3258
f 3224 3299 3418
f 3224 3258 3375
f 3258 3198 3553
f 3271 3198 3199
f 3317 3225 3273
f 3301 3318 3274
f 3230 3231 3379
f 3231 3232 3379
f 3379 3232 3399
f 3232 3201 3275
f 3233 3363 3361
f 3443 3321 3302
f 3363 3233 3341
f 3382 3277 3278
f 3118 3280 3599
f 3325 3155 3343
f 3263 3204 3307
f 3327 3308 3387
f 3328 3123 3286
f 3346 3137 3287
f 3287 3246 3406
f 3347 3192 3289
f 3365 3311 3175
f 3348 3267 3627
f 3411 3435 3213
f 3295 3251 3313
f 3452 3218 3392
f 3415 3372 3358
f 3416 3197 3494
f 3197 3468 3494
f 3332 3110 3297
f 3334 3333 3298
f 3437 3315 3298
f 3258 3224 3298
f 3298 3224 3437
f 3337 3259 3272
f 3301 3360 3320
f 3228 3229 3340
f 3229 3230 3340
f 3399 3232 3275
f 3321 3361 3363
f 3341 3149 3235
f 3381 3235 3276
f 3278 3261 3382
f 3304 3261 3278
f 3278 3202 3476
f 3599 3280 3262
f 3306 3154 3477
f 3477 3154 3461
f 3478 3325 3343
f 3343 3158 3778
f 3519 3207 3344
f 3344 3282 3345
f 3326 3283 3386
f 3283 3387 3481
f 3387 3209 3327
f 3364 3284 3285
f 3310 3243 3328
f 3406 3288 3486
f 3347 3289 3266
f 3365 3175 3366
f 3366 3175 3348
f 3407 3248 3488
f 3488 3290 3464
f 3292 3293 3350
f 3354 3294 3391
f 3630 3294 3295
f 3357 3296 3493
f 3371 3414 3372
f 3569 3468 3615
f 3468 3332 3615
f 3334 3298 3373
f 3373 3298 3315
f 3418 3299 3316
f 3299 3224 3375
f 3273 3272 3300
f 3273 3300 3317
f 3338 40 3420
f 3339 3274 3318
f 3360 41 3227
f 3340 3230 3398
f 3400 3260 3233
f 3400 3233 3401
f 3401 3233 3443
f 3380 3361 3321
f 3444 3443 3302
f 3302 3321 3362
f 3341 3235 3381
f 3382 3261 3403
f 3304 3278 3476
f 3383 3305 3322
f 3305 3279 3342
f 3384 3306 3426
f 3307 3188 3281
f 3281 3519 3263
f 3345 3208 3559
f 3386 3283 3428
f 3242 3310 3328
f 3000 3245 3431
f 3432 3288 3347
f 3266 3311 3365
f 3450 3138 3407
f 3290 3349 3464
f 3367 3349 3291
f 3349 3249 3291
f 3408 3662 3796
f 3368 3312 3250
f 3350 3293 3435
f 3610 3369 3548
f 3088 3353 3352
f 3313 3251 3491
f 3393 3219 3530
f 3331 3269 3492
f 3314 3413 3356
f 3357 3493 3509
f 3552 3299 3375
f 3375 3258 3553
f 3198 3271 3359
f 3359 3271 3336
f 3337 3272 3273
f 3273 3229 3338
f 3420 40 3339
f 3571 3301 3320
f 3440 3395 3360
f 3455 3227 3228
f 3230 3379 3398
f 3383 3322 3342
f 3322 3305 3342
f 3426 3306 3477
f 3154 3323 3461
f 3323 3427 3461
f 3238 3324 3427
f 3427 3324 3325
f 3307 3281 3263
f 3428 3283 3602
f 3623 3308 3364
f 3404 3285 3264
f 3328 3286 3429
f 3429 3286 3190
f 3429 3329 3643
f 3244 3000 3644
f 3486 3288 3432
f 3266 3365 3347
f 3629 3408 3796
f 3312 3368 3451
f 3547 3330 3412
f 3630 3295 3465
f 3466 3355 3614
f 3370 3196 3414
f 3467 3372 3415
f 3551 3469 3333
f 3333 3334 3373
f 3224 3418 3437
f 3495 3374 3335
f 3438 3198 3359
f 3359 3336 3438
f 3273 3338 3420
f 3455 3228 3398
f 3228 3340 3398
f 3399 3275 3260
f 3260 3400 3399
f 3380 3321 3443
f 3363 3341 3381
f 3276 3277 3381
f 3381 3277 3382
f 3304 3476 3261
f 3305 3383 3476
f 3342 3118 3599
f 3558 3262 3384
f 3427 3325 3478
f 3343 3778 3479
f 3778 3158 3263
f 3520 3519 3344
f 3542 3326 3386
f 3602 3283 3481
f 3387 3308 3522
f 3522 3308 3623
f 3404 3264 3265
f 3242 3328 3482
f 3643 3329 3405
f 3430 3244 3644
f 3644 3000 3431
f 3561 3346 3287
f 3291 3408 3367
f 3583 3350 3410
f 3411 3330 3547
f 3490 3390 3609
f 3390 3389 3609
f 3389 3351 3609
f 3351 3369 3609
f 3609 3369 3610
f 3352 3353 3611
f 3465 3295 3491
f 3295 3313 3491
f 3392 3218 3567
f 3393 3530 3681
f 3269 3394 3492
f 3355 3356 3508
f 3508 3356 3413
f 3467 3414 3371
f 3415 3358 3416
f 3650 3615 3332
f 3650 3332 3417
f 3417 3332 3223
f 3551 3333 3373
f 3418 3316 3335
f 3419 3374 3495
f 3495 3335 3316
f 3316 3299 3552
f 3553 3198 3438
f 3438 3336 3376
f 3318 3319 3339
f 3571 3320 3360
f 3421 3454 3440
f 3440 3360 3421
f 3360 3441 3421
f 3441 3360 3227
f 3377 3455 3378
f 3444 3302 3423
f 3303 3424 3423
f 3321 3363 3425
f 3363 3381 3425
f 3383 3342 3599
f 3520 3344 3345
f 3480 3559 3208
f 3387 3522 3481
f 3623 3364 3285
f 3309 3241 3242
f 3643 3405 3484
f 3366 3348 3433
f 3348 3627 3433
f 3627 3267 3450
f 3463 3450 3407
f 3407 3488 3605
f 3349 3367 3464
f 3662 3268 3409
f 3268 3434 3409
f 3350 3435 3410
f 3547 3412 3565
f 3412 3389 3490
f 3389 3390 3490
f 3391 3294 3630
f 3491 3452 3549
f 3218 3393 3567
f 3647 3530 3531
f 3531 3530 3331
f 3492 3394 3507
f 3371 3372 3467
f 3551 3373 3315
f 3551 3315 3437
f 3532 3437 3418
f 3470 3374 3419
f 3337 3273 3571
f 3420 3339 3319
f 3571 3360 3395
f 3439 3395 3440
f 3441 3227 3455
f 3455 3377 3396
f 3377 3378 3396
f 3396 3378 3397
f 3378 3455 3397
f 3455 3398 3397
f 3397 3398 3422
f 3443 3233 3361
f 3423 3424 3444
f 3475 3424 3445
f 3424 3303 3445
f 3303 3423 3302
f 3381 3382 3446
f 3382 3403 3539
f 3403 3261 3540
f 3476 3383 3503
f 3448 3503 3383
f 3778 3263 3601
f 3541 3263 3519
f 3520 3345 3521
f 3208 3385 3480
f 3265 3309 3560
f 3482 3328 3429
f 3483 3429 3643
f 3405 3388 3604
f 3485 3430 3644
f 3462 3431 3346
f 3561 3287 3406
f 3544 3406 3486
f 3487 3347 3365
f 3563 3365 3366
f 3545 3366 3433
f 3451 3368 3606
f 3368 3350 3583
f 3526 3411 3547
f 3548 3352 3611
f 3611 3353 3354
f 3391 3630 3354
f 3452 3392 3567
f 3567 3393 3529
f 3614 3355 3508
f 3370 3414 3588
f 3713 3415 3511
f 3650 3417 3469
f 3438 3376 3337
f 3571 3273 3420
f 3319 3301 3571
f 3455 3396 3422
f 3396 3397 3422
f 3379 3399 3422
f 3445 3303 3459
f 3362 3321 3425
f 3447 3446 3382
f 3402 3698 3540
f 3599 3262 3558
f 3461 3427 3478
f 3478 3343 3479
f 3542 3386 3428
f 3285 3404 3523
f 3603 3309 3242
f 3484 3405 3659
f 3487 3432 3347
f 3463 3407 3605
f 3564 3488 3464
f 3367 3408 3629
f 3525 3434 3451
f 3435 3411 3607
f 3565 3412 3490
f 3529 3393 3681
f 3436 3681 3530
f 3506 3531 3331
f 3331 3492 3506
f 3588 3414 3664
f 3414 3467 3664
f 3467 3415 3713
f 3511 3415 3453
f 3415 3416 3453
f 3551 3437 3532
f 3470 3419 3495
f 3395 3439 3513
f 3454 3439 3440
f 3454 3421 3471
f 3471 3421 3441
f 3398 3379 3422
f 3472 3498 3399
f 3399 3400 3472
f 3472 3400 3401
f 3361 3380 3443
f 3443 3444 3517
f 3458 3475 3445
f 3362 3425 3502
f 3425 3381 3502
f 3381 3539 3502
f 3447 3382 3539
f 3539 3403 3540
f 3540 3698 3460
f 3383 3599 3448
f 3326 3542 3480
f 3623 3285 3449
f 3560 3285 3523
f 3404 3265 3523
f 3603 3242 3482
f 3580 3429 3483
f 3388 3430 3485
f 3644 3431 3462
f 3346 3561 3676
f 3487 3365 3563
f 3627 3450 3546
f 3367 3629 3464
f 3409 3434 3525
f 3632 3466 3614
f 3508 3413 3568
f 3413 3357 3568
f 3550 3684 3493
f 3493 3370 3633
f 3453 3416 3511
f 3335 3374 3470
f 3553 3438 3635
f 3571 3420 3319
f 3554 3439 3454
f 3422 3441 3455
f 3422 3399 3497
f 3497 3399 3498
f 3500 37 3456
f 37 32 3456
f 3442 3401 39
f 3517 3401 3443
f 3621 3445 3459
f 3303 3302 3557
f 3302 3362 3502
f 3446 3447 3381
f 3381 3447 3539
f 3597 3503 3599
f 3503 3448 3599
f 3384 3426 3655
f 3655 3426 3777
f 3477 3461 3504
f 3518 3504 3461
f 3601 3263 3541
f 3480 3542 3505
f 3449 3285 3560
f 3482 3429 3580
f 3659 3405 3604
f 3604 3388 3485
f 3561 3406 3544
f 3563 3366 3545
f 3546 3450 3463
f 3679 3464 3524
f 3527 3609 3610
f 3611 3354 3585
f 3549 3452 3567
f 3681 3436 3765
f 3507 3466 3632
f 3511 3416 3494
f 3685 3494 3468
f 3635 3438 3337
f 3535 3441 3422
f 3472 3401 3498
f 3401 3442 3498
f 3515 36 3536
f 3516 3500 3555
f 3593 3474 34
f 33 39 3537
f 3424 3475 3501
f 3458 3445 3621
f 3540 3503 3597
f 3558 3384 3655
f 3426 3477 3504
f 3518 3461 3657
f 3700 3479 3600
f 3479 3778 3600
f 3505 3542 3779
f 3523 3265 3560
f 3560 3309 3734
f 3462 3346 3676
f 3486 3432 3487
f 3546 3463 3605
f 3564 3464 3708
f 3464 3679 3708
f 3524 3464 3489
f 3489 3464 3629
f 3451 3606 3784
f 3528 3610 3548
f 3585 3354 3646
f 3646 3354 3612
f 3630 3465 3586
f 3712 3465 3491
f 3568 3357 3509
f 3568 3493 3684
f 3663 3550 3493
f 3633 3370 3510
f 3418 3335 3589
f 3590 3512 3717
f 3512 3470 3667
f 3470 3495 3667
f 3635 3337 3571
f 3571 3395 3513
f 3471 3441 3592
f 3592 3441 3535
f 3442 30 3473
f 3473 35 3499
f 3499 35 3515
f 39 3401 3537
f 3401 3517 3501
f 3517 3444 3424
f 3557 3302 3502
f 3539 3540 3460
f 3402 3731 3698
f 3261 3476 3540
f 3540 3476 3503
f 3461 3478 3479
f 3521 3345 3578
f 3345 3559 3578
f 3602 3481 3579
f 3483 3643 3831
f 3644 3462 3676
f 3433 3627 3545
f 3605 3488 3661
f 3488 3564 3661
f 3524 3489 3629
f 3525 3451 3784
f 3606 3368 3582
f 3582 3368 3583
f 3607 3411 3710
f 3490 3609 3565
f 3609 3527 3608
f 3354 3630 3612
f 3712 3491 3549
f 3587 3492 3507
f 3509 3493 3568
f 3663 3493 3633
f 3510 3370 3588
f 3685 3468 3569
f 3744 3615 3650
f 3469 3665 3650
f 3665 3469 3551
f 3551 3532 3570
f 3570 3532 3418
f 3335 3470 3666
f 3470 3512 3666
f 3717 3512 3667
f 3552 3375 3553
f 3554 3454 3471
f 3533 3718 3496
f 3718 3533 3592
f 3533 3471 3592
f 3497 3498 3514
f 3442 3473 3498
f 3498 3473 3499
f 3536 36 3516
f 3593 34 3574
f 34 38 3620
f 3575 3620 3594
f 3620 33 3537
f 3537 3401 3501
f 3475 3458 3621
f 3459 3303 3557
f 3731 3402 3540
f 3657 3461 3700
f 3461 3479 3700
f 3541 3519 3733
f 3519 3520 3791
f 3480 3505 3779
f 3779 3542 3780
f 3641 3481 3522
f 3701 3623 3449
f 3734 3309 3603
f 3580 3483 3760
f 3604 3485 3543
f 3543 3485 3644
f 3704 3561 3562
f 3562 3561 3544
f 3629 3628 3524
f 3662 3409 3797
f 3710 3411 3526
f 3548 3611 3584
f 3765 3436 3530
f 3633 3510 3588
f 3634 3467 3713
f 3511 3494 3880
f 3744 3650 3819
f 3589 3335 3666
f 3512 3590 3666
f 3495 3316 3552
f 3554 3471 3533
f 3651 3533 3534
f 3572 3533 3496
f 3654 3592 3535
f 3514 3498 3573
f 3573 3498 3499
f 3499 3515 3573
f 3671 3574 3620
f 3574 34 3620
f 3517 3424 3501
f 3475 3576 3501
f 3538 3576 3621
f 3576 3475 3621
f 3459 3557 3556
f 3557 3502 3596
f 3596 3539 3460
f 3640 3698 3622
f 3426 3504 3841
f 3674 3504 3657
f 3504 3518 3657
f 3893 3733 3519
f 3791 3520 3578
f 3520 3521 3578
f 3559 3480 3675
f 3675 3480 3866
f 3542 3428 3602
f 3794 3760 3483
f 3486 3487 3562
f 3795 3487 3563
f 3581 3563 3812
f 3563 3545 3812
f 3705 3546 3707
f 3409 3525 3784
f 3736 3606 3582
f 3583 3410 3737
f 3410 3435 3737
f 3435 3607 3737
f 3608 3565 3609
f 3586 3465 3712
f 3549 3567 3566
f 3567 3529 3631
f 3529 3681 3631
f 3765 3530 3834
f 3530 3647 3834
f 3531 3506 3492
f 3614 3508 3742
f 3568 3684 3767
f 3633 3588 3663
f 3768 3663 3588
f 3880 3713 3511
f 3495 3552 3553
f 3513 3439 3591
f 3591 3439 3554
f 3554 3533 3591
f 3651 3534 3572
f 3534 3533 3572
f 3422 3497 3514
f 32 3474 3456
f 3620 3537 3594
f 3639 3537 3501
f 3502 3539 3596
f 3731 3540 3597
f 3598 3597 3599
f 3601 3541 3733
f 3866 3480 3779
f 3579 3481 3641
f 3624 3560 3734
f 3677 3487 3795
f 3627 3546 3705
f 3797 3409 3940
f 3940 3409 3784
f 3526 3814 3710
f 3526 3547 3645
f 3741 3492 3587
f 3632 3614 3683
f 3742 3508 3648
f 3684 3550 3663
f 3743 3569 3615
f 3570 3418 3589
f 3571 3513 3591
f 3535 3422 3654
f 3654 3422 3573
f 3422 3514 3573
f 3536 3516 3555
f 3638 3555 3500
f 3456 3474 3593
f 3593 3574 3722
f 3576 3639 3501
f 3595 3538 3621
f 3459 3556 3726
f 3698 3731 3622
f 3558 3655 3599
f 3777 3426 3841
f 3780 3602 3792
f 3602 3579 3792
f 3449 3560 3624
f 3760 3482 3580
f 3604 3543 3896
f 3562 3544 3486
f 3763 3563 3581
f 3785 3606 3736
f 3736 3582 3583
f 3738 3610 3528
f 3739 3612 3630
f 3531 3492 3741
f 3682 3587 3507
f 3507 3632 3682
f 3648 3508 3766
f 3768 3588 3769
f 3664 3467 3634
f 3685 3569 3743
f 3665 3551 3570
f 3495 3553 3635
f 3591 3533 3651
f 3651 3572 3688
f 3496 3718 3572
f 3636 3718 3592
f 3653 3592 3654
f 3573 3515 3536
f 3638 3536 3555
f 3619 3500 3456
f 3673 3576 3577
f 3576 3538 3756
f 3621 3459 3726
f 3697 3596 3460
f 3731 3597 3598
f 3841 3504 3656
f 3656 3504 3674
f 3790 3674 3657
f 3806 3601 3733
f 3893 3519 3791
f 3578 3559 3844
f 3780 3542 3602
f 3642 3641 3623
f 3641 3522 3623
f 3603 3482 3626
f 3562 3487 3677
f 3679 3524 3628
f 3785 3870 3606
f 3736 3583 3764
f 3547 3565 3608
f 3528 3548 3738
f 3738 3548 3872
f 3548 3584 3921
f 3921 3584 3611
f 3611 3585 3646
f 3630 3586 3712
f 3855 3567 3631
f 3508 3568 3767
f 3665 3570 3686
f 3570 3589 3686
f 3686 3589 3616
f 3666 3590 3745
f 3747 3667 3495
f 3635 3571 3591
f 3573 3536 3637
f 3638 3500 3619
f 3722 3456 3593
f 3594 3537 3639
f 3576 3673 3639
f 3598 3599 3732
f 3732 3599 3655
f 3793 3623 3701
f 3734 3603 3625
f 3794 3483 3895
f 3761 3484 3659
f 3703 3604 3896
f 3847 3543 3644
f 3847 3644 3660
f 3676 3561 3935
f 3935 3561 3735
f 3735 3561 3704
f 3707 3546 3661
f 3546 3605 3661
f 3661 3564 3678
f 3678 3564 3783
f 3850 3679 3628
f 3628 3629 3796
f 3871 3736 3764
f 3527 3610 3738
f 3630 3712 3613
f 3566 3567 3740
f 3740 3567 3855
f 3766 3508 3767
f 3769 3588 3664
f 3685 3743 3818
f 3743 3615 3744
f 3616 3589 3666
f 3745 3590 3687
f 3716 3687 3717
f 3687 3590 3717
f 3747 3717 3667
f 3718 3636 3668
f 3669 19 3691
f 3592 3653 3752
f 3695 3536 3638
f 3671 3620 3575
f 3575 3594 3639
f 3577 3576 3725
f 3725 3576 3756
f 3697 3460 3698
f 3778 3601 3658
f 3641 3642 3793
f 3642 3623 3793
f 3809 3701 3449
f 3449 3624 3809
f 3702 3624 3734
f 3603 3626 4037
f 3895 3483 3831
f 3703 3659 3604
f 3545 3627 3705
f 3737 3607 3710
f 3814 3526 3645
f 3645 3547 3608
f 3872 3548 3921
f 3921 3611 3815
f 3815 3611 3711
f 3711 3611 3646
f 3739 3630 3613
f 3680 3549 3566
f 3786 3566 3874
f 3647 3531 3741
f 3682 3632 3876
f 3876 3632 3683
f 3684 3663 3877
f 3664 3634 3769
f 3880 3494 3856
f 3836 3494 3649
f 3649 3494 3685
f 3882 3685 3818
f 3635 3591 3495
f 3495 3591 3651
f 3651 3617 3747
f 3688 3617 3651
f 3636 3618 3668
f 3749 3690 3821
f 3690 3669 3652
f 3652 3669 3860
f 3669 3772 3618
f 3636 3592 3618
f 3670 3653 3654
f 3573 3637 3654
f 3637 3536 3654
f 3575 3639 3671
f 3639 3672 3754
f 3538 3595 3756
f 3727 3596 3697
f 3805 3700 3600
f 3828 3778 3658
f 3844 3559 3675
f 3831 3643 3484
f 3660 3644 3676
f 3795 3563 3867
f 3867 3563 3763
f 3706 3705 3917
f 3849 3707 3661
f 3797 3796 3662
f 3646 3612 3711
f 3765 3631 3681
f 3816 3765 3834
f 3741 3587 3682
f 3683 3614 3742
f 3879 3634 3713
f 3856 3494 3836
f 3836 3649 3685
f 3745 3687 3715
f 3746 3687 3716
f 3495 3651 3747
f 3772 3669 3689
f 3821 3690 3860
f 3690 3652 3860
f 3860 3669 3750
f 3750 3669 3691
f 3669 3618 3691
f 3752 3653 3670
f 3638 3619 3695
f 3574 3671 3723
f 3639 3754 3671
f 3672 3639 3755
f 3696 3639 3673
f 3557 3596 3727
f 3699 3698 3640
f 3909 3622 3731
f 3732 3655 3777
f 3790 3657 3700
f 3805 3600 3778
f 3658 3601 3828
f 3759 3733 3893
f 3893 3791 3842
f 3791 3578 3844
f 3807 3779 3780
f 3782 3624 3702
f 3625 3603 4037
f 3626 3482 3760
f 3761 3659 3832
f 3812 3545 3972
f 3972 3545 3705
f 3917 3705 3707
f 3709 3628 3796
f 3784 3606 3870
f 3764 3583 3737
f 3712 3549 3786
f 3874 3566 3740
f 3855 3631 3816
f 3765 3816 3631
f 3742 3648 3766
f 3877 3767 3684
f 3769 3634 3879
f 3650 3665 3925
f 3616 3666 3770
f 3666 3745 3858
f 3688 3572 3718
f 3691 3618 3592
f 3752 3670 3753
f 3692 3753 3693
f 3753 3670 3693
f 3670 3694 3693
f 3670 3654 3694
f 3654 3536 3695
f 3619 3456 3721
f 3774 3722 3723
f 3722 3574 3723
f 3671 3754 3723
f 3673 3577 3725
f 3595 3621 3726
f 3699 3640 3758
f 3758 3640 3909
f 3640 3622 3909
f 3656 3674 3841
f 3674 3790 3986
f 3828 3601 3806
f 3829 3806 3733
f 3792 3579 3641
f 3781 3641 3808
f 3810 3734 3625
f 3703 3896 3969
f 3660 3676 3935
f 3704 3562 3936
f 3562 3677 3971
f 3849 3917 3707
f 3849 3661 3939
f 3661 3678 3783
f 3708 3679 3813
f 3940 3784 3869
f 3785 3736 3871
f 3645 3608 3798
f 3920 3608 3527
f 3613 3712 3739
f 3549 3680 3786
f 3786 3680 3566
f 3877 3663 3768
f 3819 3650 3925
f 3925 3665 3857
f 3665 3686 3714
f 3715 3687 3927
f 3617 3688 3748
f 3748 3688 3718
f 3689 3690 3749
f 3691 3592 3752
f 3752 3753 3789
f 3753 3692 3719
f 3692 3693 3719
f 3693 3694 3719
f 3654 3695 3694
f 3695 3720 3694
f 3695 3619 3720
f 3721 3456 3722
f 3801 3672 3755
f 3755 3639 3696
f 3802 3673 3724
f 3727 3697 3865
f 3697 3699 4004
f 3840 4004 3699
f 3699 3758 3776
f 3729 3776 3730
f 3776 3758 3730
f 3909 3731 3952
f 3731 3598 3732
f 3790 3700 3805
f 3641 3793 3808
f 3793 3701 3809
f 4037 3626 3760
f 3831 3484 3761
f 3659 3703 3969
f 3896 3543 3847
f 3936 3562 3811
f 3811 3562 3971
f 3971 3677 3795
f 3705 3706 3972
f 3939 3661 3783
f 3564 3813 3783
f 3564 3708 3813
f 3628 3709 3919
f 3919 3709 3796
f 3737 3710 3814
f 3814 3645 3974
f 3798 3608 3920
f 3815 3711 3612
f 3739 3712 3853
f 3834 3647 3900
f 3647 3741 3900
f 3768 3769 3901
f 3879 3713 3880
f 3836 3685 4122
f 3685 3882 4122
f 3714 3686 3857
f 3686 3616 3770
f 3666 3858 3770
f 3687 3746 3927
f 3716 3717 3771
f 3748 3718 3668
f 3751 3861 3822
f 3788 3750 3825
f 3753 3719 3789
f 3719 3694 3789
f 3789 3694 3619
f 3694 3720 3619
f 3619 3721 3789
f 3775 3754 3672
f 3696 3673 3802
f 3756 3595 3865
f 3595 3726 3865
f 3557 3727 3865
f 3697 3698 3699
f 3776 3729 3757
f 3757 3729 3729
f 3729 3730 3729
f 3730 3758 3729
f 3952 3731 3732
f 3841 3674 3986
f 3892 3805 3778
f 3829 3733 3830
f 3830 3733 3759
f 4034 3866 3779
f 3911 3779 3807
f 3780 3911 3807
f 3792 3641 3781
f 3846 3808 3793
f 3809 3624 3782
f 3702 3734 3810
f 3935 3735 3957
f 3833 3735 3762
f 3735 3704 3762
f 3704 3936 3762
f 3867 3763 3897
f 3763 3916 3897
f 3848 3763 3812
f 3763 3581 3812
f 3764 3737 3851
f 3851 3737 3814
f 3898 3645 3798
f 3527 3738 3993
f 3738 3872 3899
f 3872 3921 3976
f 3612 3739 3815
f 3740 3855 3874
f 3741 3682 3876
f 3924 3742 4012
f 3742 3766 4012
f 3835 3768 4045
f 3743 3744 3819
f 3665 3714 3857
f 3686 3770 3857
f 3799 3746 3716
f 3820 3716 3771
f 3717 3747 3771
f 3747 3617 3748
f 3838 3750 3788
f 3721 3722 3789
f 3722 3774 3789
f 3723 3754 3774
f 16 3754 3775
f 3724 3673 3725
f 3725 3756 3865
f 3726 3556 3865
f 3865 3556 3557
f 3728 3699 3827
f 3827 3699 3776
f 3757 3729 3776
f 3729 3758 3776
f 3776 3758 3909
f 3910 3779 3911
f 3911 3780 3792
f 4037 3760 3794
f 3972 3706 3917
f 3813 3679 4171
f 4171 3679 3850
f 3919 3918 3628
f 3918 3850 3628
f 3974 3645 3898
f 3854 3853 3712
f 3854 3712 3786
f 3922 3786 3874
f 3874 3855 3977
f 3817 3875 3741
f 3766 3767 3978
f 3877 3768 3835
f 4045 3768 3901
f 3901 3769 3879
f 3856 3836 3881
f 3819 3883 3961
f 3927 3745 3715
f 3927 3746 3884
f 3771 3747 3748
f 3772 3689 3749
f 3750 3838 3821
f 3800 3751 3885
f 3800 3838 3787
f 3750 3691 3825
f 3691 3752 3825
f 3752 3773 3825
f 3773 3752 3789
f 3774 3754 3888
f 3888 3754 16
f 3985 3755 3890
f 4004 3840 3951
f 3951 3840 3933
f 3699 3728 3804
f 3776 3909 3827
f 3843 3842 3791
f 3843 3791 3844
f 3844 3675 3866
f 4034 3779 3910
f 3809 3782 3702
f 4060 3832 3955
f 3847 3660 3956
f 3916 3763 3848
f 3972 3917 3938
f 3869 3784 3870
f 3870 3785 3871
f 3871 3764 3941
f 3873 3874 4026
f 3741 3876 3817
f 3818 3743 3819
f 3883 3819 3925
f 3858 3745 3859
f 3927 3884 3962
f 3716 3820 3799
f 3748 3668 3771
f 3860 3750 3821
f 3821 3838 3800
f 3751 3787 3861
f 3773 3789 3826
f 3774 3888 3946
f 3672 3801 3864
f 3801 3755 3985
f 3724 3725 3865
f 4032 3803 4004
f 4032 4004 3951
f 3952 3732 3777
f 3892 3778 3828
f 3828 3806 3829
f 3830 3759 3893
f 3912 3792 3845
f 3845 3792 3781
f 3894 3809 3702
f 3968 3810 3625
f 3968 3625 4037
f 4037 3794 3895
f 3988 3895 3831
f 3831 3761 4060
f 3832 3659 3955
f 4061 3956 3660
f 3934 3660 3935
f 3936 3957 3833
f 3957 3735 3833
f 3833 3762 3936
f 3971 3795 3867
f 3939 3783 3959
f 3796 3797 3919
f 3797 3918 3919
f 3973 3814 3974
f 3898 3798 3920
f 3920 3527 3993
f 3815 3739 4042
f 4042 3739 3853
f 4192 3854 3786
f 3922 3874 3873
f 4043 3876 3683
f 4046 3856 3881
f 4122 3882 3961
f 3926 3857 3770
f 3859 3745 3927
f 3884 3746 3799
f 3771 3668 3772
f 3771 3772 3749
f 3837 3751 3822
f 3788 3825 3839
f 3945 3839 3944
f 3839 18 3944
f 3944 18 3823
f 3823 18 3824
f 18 3839 3824
f 3824 3839 3825
f 3826 3789 3887
f 3775 3672 16
f 3802 3724 3696
f 3865 3697 4004
f 3840 3699 3804
f 3953 3777 3841
f 4018 3841 3986
f 3986 3790 3892
f 3790 3805 3892
f 3893 3842 3987
f 3781 3808 3913
f 3913 3808 3846
f 4147 3846 3793
f 3702 3810 3968
f 4061 3660 3934
f 4164 3957 4075
f 3848 3812 3937
f 3783 3813 3959
f 3959 3813 4171
f 4025 3764 3851
f 3851 3814 3960
f 3993 3738 3899
f 3921 3815 3852
f 4192 3786 3922
f 3816 3834 4119
f 3978 3767 3877
f 3877 3835 3878
f 3878 3835 4013
f 3818 3819 3961
f 3820 3771 3799
f 3799 3771 3997
f 3821 3800 3885
f 3861 3904 3822
f 3861 3787 3904
f 3787 3838 3904
f 3838 3788 3928
f 3839 3945 3886
f 3944 3823 3826
f 3823 3824 3826
f 3824 3825 3826
f 3773 3826 3825
f 3789 3929 3887
f 3929 3789 3862
f 3789 3774 3862
f 16 3672 3907
f 3907 3672 3864
f 3985 3864 3801
f 4004 3803 4015
f 3728 3827 3909
f 3952 3777 3953
f 3892 3828 4019
f 3828 3829 4073
f 4128 4073 3829
f 3829 3830 4128
f 3911 3792 3912
f 3793 3809 3894
f 3702 3914 3894
f 4036 3702 3968
f 3761 3832 4060
f 3918 3797 3868
f 3868 3797 4139
f 4139 3797 3940
f 4097 3976 3921
f 3900 3741 4010
f 3683 3742 4011
f 3880 3856 3901
f 3901 3856 4046
f 3836 4122 4027
f 3770 3858 3926
f 3799 3903 4067
f 3771 3749 3821
f 3751 3837 3943
f 3839 3928 3788
f 3839 3886 4028
f 3944 3826 3905
f 3774 3946 3862
f 3949 3863 3864
f 3984 3949 3864
f 3863 3949 3864
f 3890 3755 3696
f 4003 3696 3724
f 3804 3728 3891
f 3953 3841 4018
f 3954 3793 3894
f 4022 4037 3895
f 3896 3847 3956
f 3957 3936 4075
f 3937 3812 3972
f 4171 3850 3918
f 3960 3814 3973
f 4097 3921 3994
f 3921 3852 3994
f 3852 3815 3994
f 3853 3854 3995
f 4064 3977 3855
f 4119 3834 4120
f 4100 3876 4043
f 3835 4045 4013
f 3902 3859 3927
f 3905 3826 3887
f 3864 3949 3889
f 4015 3967 3949
f 4015 3949 3984
f 3950 3864 3985
f 3724 3865 4003
f 3840 3804 3891
f 3891 3728 3908
f 3908 3728 3909
f 4128 3830 3893
f 3842 3843 4020
f 3844 3866 4034
f 3912 3845 4021
f 3845 3781 4021
f 3781 3913 4021
f 3954 3894 3914
f 4091 3955 3659
f 3989 3934 3935
f 3811 3971 3936
f 3971 3867 3915
f 3918 3868 4139
f 4118 3869 3870
f 3870 3871 3941
f 3764 4025 3941
f 4025 3851 3960
f 3975 3898 3920
f 3942 3993 3899
f 3899 3872 3976
f 4042 3853 3995
f 3995 3854 4192
f 3741 3875 4010
f 4011 4043 3683
f 4012 3766 3978
f 3879 3880 3901
f 3882 3818 3961
f 3883 3925 3961
f 7099 3857 3926
f 3963 3799 4067
f 3997 3771 3821
f 3997 3821 3751
f 3821 3885 3751
f 4002 3949 3982
f 3984 3864 3950
f 3985 3890 4003
f 3890 3696 4003
f 4032 3951 4005
f 4005 3951 17
f 3933 3840 3908
f 3840 3891 3908
f 4033 3908 3909
f 4128 3893 3987
f 4057 3843 3844
f 3793 3954 4147
f 4115 3914 3702
f 4022 3895 3988
f 3969 3896 3970
f 3915 3867 3897
f 4039 3917 3849
f 3940 3869 4118
f 3974 3898 3975
f 3993 3975 3920
f 3994 3815 4042
f 4026 3874 3977
f 3855 3816 3923
f 3923 3816 4064
f 3834 3900 4010
f 3875 3817 4100
f 3817 3876 4100
f 4011 3742 3924
f 7168 3924 4012
f 3978 3877 4044
f 4122 3961 4102
f 3925 3857 4065
f 3858 3859 3926
f 3859 3902 3926
f 3902 3927 4066
f 3799 3963 3884
f 3903 3799 3997
f 3997 3751 3943
f 3822 3904 3943
f 3979 3904 3838
f 3944 3905 3945
f 3905 3906 3945
f 3906 4048 3945
f 3998 3862 3946
f 16 3907 3930
f 3931 3930 3932
f 3930 3907 3864
f 3981 3889 3949
f 3983 3949 3967
f 4019 3828 4073
f 4129 3842 4020
f 4034 3910 4006
f 3910 3911 4006
f 4006 3911 4074
f 4074 3911 3912
f 4115 3702 4036
f 3988 3831 7057
f 4091 3659 3969
f 3970 3896 3956
f 3971 3915 4093
f 3897 3916 4094
f 3916 3848 4094
f 3938 3917 4008
f 3917 4039 4008
f 4171 3918 4076
f 3992 3940 4063
f 3855 3923 4064
f 4011 3924 7167
f 7167 3924 7168
f 7168 4012 4077
f 3877 3878 4044
f 4045 3901 4101
f 4046 3881 3836
f 4079 3961 3925
f 3926 3902 4066
f 4066 3927 3962
f 3962 3884 3963
f 3837 3822 3943
f 3928 3839 4028
f 4028 3886 3945
f 3887 3929 3862
f 3998 3946 3888
f 3999 3888 16
f 3930 3931 3948
f 3932 3930 3864
f 4005 17 3951
f 3951 3933 4146
f 3933 3908 4146
f 4033 3909 4018
f 4018 3909 3952
f 4055 3986 3892
f 3987 3842 4129
f 4058 3844 4034
f 7084 3846 4147
f 3954 3914 4115
f 7057 3831 4060
f 4135 3969 3970
f 7129 4061 3989
f 4061 3934 3989
f 3989 3935 3957
f 4024 4075 3936
f 4024 3936 3971
f 4093 3915 3897
f 4094 3848 3958
f 3848 3937 3958
f 3990 3937 3972
f 3972 3938 4008
f 4039 3849 3991
f 3849 3939 7115
f 3940 3992 4139
f 4189 3975 3993
f 4140 3899 3976
f 4119 4064 3816
f 4120 3834 4010
f 3901 4046 4078
f 4079 3925 4065
f 3943 3904 3979
f 3979 3838 4028
f 3838 3928 4028
f 3906 3905 4048
f 3887 3862 3998
f 3998 3888 3964
f 3888 3947 3964
f 3965 3964 3966
f 3966 3964 3947
f 3947 3888 3999
f 4052 3930 4053
f 3931 4001 4053
f 4002 3864 3981
f 3981 3864 3889
f 3982 3949 3983
f 4015 3803 4016
f 3803 4088 4016
f 4127 4032 4005
f 4114 3908 4033
f 3952 3953 4018
f 4183 3986 4055
f 4019 4056 3892
f 4020 3843 4057
f 4133 4036 3968
f 3968 4037 4007
f 4091 3969 4163
f 3970 3956 4023
f 3991 3849 7115
f 3939 3959 7115
f 3870 3941 4173
f 4025 3960 4009
f 3993 3942 4190
f 4044 3878 4013
f 3836 4027 4046
f 4066 3962 7146
f 4048 3905 4029
f 4029 3905 3887
f 3887 4031 3980
f 3998 3964 4069
f 3964 3965 4069
f 3965 3966 4069
f 3966 3947 4069
f 16 4000 3999
f 3930 4052 16
f 3930 3948 4053
f 3948 3931 4053
f 4001 3931 3932
f 3981 3949 4002
f 3950 3985 3984
f 4003 3865 4004
f 4005 3951 4146
f 4129 4020 4089
f 4057 3844 7208
f 3844 4058 7208
f 4147 3954 4115
f 7057 4022 3988
f 3989 3957 4164
f 4024 3971 4093
f 4186 3897 4062
f 3990 3972 4008
f 4076 3918 4040
f 4118 3870 4173
f 3941 4025 4174
f 4025 4009 4041
f 4041 3960 4175
f 3960 3973 4175
f 3973 3974 4175
f 3976 4097 4140
f 3922 3873 4156
f 4026 3977 7288
f 3977 4064 7288
f 4099 4120 4010
f 4141 4043 4011
f 4141 4011 7167
f 4012 3978 7046
f 4078 4101 3901
f 4027 4122 4121
f 4121 4122 4102
f 4123 4065 3857
f 4081 7146 3962
f 3962 3963 3996
f 3996 3963 4067
f 3903 4082 4067
f 4108 3943 3979
f 4028 3945 4108
f 4108 3945 4048
f 4069 3947 3999
f 3932 3864 4002
f 3984 3985 4003
f 4088 3803 4032
f 4054 4127 4005
f 4018 3986 4183
f 4019 4073 4184
f 4073 7104 4184
f 4089 4020 4090
f 4115 4036 7055
f 4148 4060 3955
f 4148 3955 7058
f 4023 3956 4061
f 3937 3990 4038
f 4154 3959 4171
f 3941 7067 4095
f 4188 7067 3941
f 3993 4190 4189
f 4190 3942 3899
f 4097 3994 4191
f 7218 4010 3875
f 4102 3961 4079
f 4047 3962 4067
f 3962 3996 4067
f 3903 3997 3943
f 4029 3887 3980
f 4031 3887 3998
f 3998 4069 4050
f 4000 4181 4125
f 3967 4015 3983
f 3984 4003 4015
f 4003 4004 4015
f 4072 4032 4127
f 4005 4146 4017
f 4055 3892 4056
f 4034 4006 4074
f 4074 3912 7054
f 4035 7054 3912
f 4131 3912 4021
f 4163 3969 4135
f 7060 3970 4023
f 4093 3897 4186
f 4062 3897 4094
f 4094 3958 3937
f 7112 3937 4038
f 7115 3959 4154
f 4154 4171 4170
f 4139 4040 3918
f 4063 3940 4118
f 3941 4095 4173
f 4041 4009 3960
f 4189 3974 3975
f 4190 3899 4140
f 4191 3994 4042
f 4042 3995 4192
f 4192 3922 4156
f 4044 4013 7047
f 3857 7099 7079
f 3926 4066 7099
f 7099 4066 7080
f 4081 3962 4047
f 4067 4082 4103
f 3980 4031 4014
f 4124 4030 4083
f 4050 15 4111
f 3999 13 4069
f 4125 4051 13
f 3999 4000 4125
f 4181 4000 4071
f 4000 16 4052
f 4086 4053 4001
f 4001 3932 4002
f 3983 4015 4016
f 4005 4017 4054
f 4146 3908 4162
f 3908 4114 4162
f 4018 4114 4033
f 4056 4019 4184
f 4059 4021 3846
f 4021 3913 3846
f 7084 4059 3846
f 3968 4007 4133
f 4037 4022 4007
f 4007 4022 4134
f 4134 4022 7057
f 3955 4091 7058
f 4075 4024 7157
f 4139 3992 4172
f 4188 3941 4174
f 4174 4025 4041
f 7287 3873 4026
f 3978 4044 7175
f 7080 4066 4142
f 4082 4067 4103
f 4158 3903 3943
f 4048 4029 3980
f 4014 4068 4048
f 4068 4030 4048
f 4109 4083 4030
f 4068 4031 4030
f 4031 4084 4030
f 4050 4111 4110
f 4085 15 4050
f 13 4051 4069
f 4051 14 4112
f 4125 13 3999
f 4071 4000 4052
f 4182 4052 4053
f 4086 4001 4087
f 4087 4001 4002
f 4088 4032 4126
f 7053 4128 4129
f 4128 3987 4129
f 4090 4020 4130
f 7054 4035 4131
f 4035 3912 4131
f 7085 4147 4115
f 4135 3970 7060
f 7157 4024 4093
f 3937 4167 4094
f 4167 3937 4136
f 4136 3937 4168
f 4168 3937 7112
f 4008 4153 7190
f 4008 4039 4153
f 4153 4039 3991
f 4076 4040 4139
f 4191 4042 4098
f 4098 4042 4192
f 7218 3875 4100
f 7046 3978 7175
f 4013 4045 7334
f 4078 4046 7124
f 4121 4102 7145
f 7079 4123 3857
f 4082 3903 4158
f 3979 4028 4108
f 4048 3980 4014
f 4048 4030 4124
f 4031 3998 4050
f 14 4051 4125
f 4087 4002 3982
f 4072 4126 4032
f 4018 4183 4114
f 4090 4130 4089
f 4130 4020 7154
f 7154 4020 4057
f 7154 4057 7208
f 7208 4058 4034
f 4021 4059 7083
f 7055 4036 4133
f 7057 4060 4148
f 4092 4023 4061
f 4061 7129 4149
f 4185 4075 7157
f 4186 4062 7110
f 7110 4062 4165
f 4165 4062 4150
f 4150 4062 4094
f 4187 4094 4167
f 4038 4137 4169
f 4170 7115 4154
f 7267 4171 4076
f 4076 4139 4138
f 3992 4063 4172
f 4063 4118 4172
f 7067 4173 4095
f 4156 3873 7287
f 7287 4026 4176
f 7288 4064 4119
f 4100 4043 7117
f 7047 4013 4157
f 4013 7334 4157
f 4027 4121 4046
f 7098 4102 4079
f 4079 4065 4123
f 4066 7146 4142
f 4047 4067 4081
f 4067 4082 4081
f 7102 4110 4111
f 4050 4069 4085
f 4069 4051 4112
f 4070 4113 14
f 4180 4070 14
f 4181 4071 4182
f 4071 4052 4182
f 7081 4087 3982
f 7050 4016 4088
f 4127 4054 4017
f 4056 4184 7103
f 7104 4073 4128
f 4034 4074 7082
f 4131 4021 4132
f 7060 4023 4092
f 4164 4075 4185
f 4038 3990 4137
f 4008 7190 7066
f 4153 3991 7115
f 7267 4076 7162
f 4174 4041 7193
f 4096 4189 4190
f 4140 4097 7137
f 4097 4191 7194
f 4176 4026 7288
f 7092 4119 4120
f 7166 4120 4099
f 7124 4046 7176
f 4082 4105 4104
f 4104 4105 4105
f 4105 4105 4106
f 4105 4107 4106
f 4105 4082 4107
f 4107 4082 4158
f 4158 3943 7048
f 4049 4083 7049
f 7049 4083 4109
f 4031 4050 4110
f 4178 7102 4111
f 4113 4070 4180
f 4182 4053 4086
f 7081 3982 3983
f 7081 3983 4016
f 4145 4088 4126
f 4126 4072 4127
f 7207 4146 4162
f 4089 4130 7152
f 7152 4130 7106
f 7056 4133 4007
f 7340 4148 7058
f 7060 4092 4149
f 4092 4061 4149
f 4150 4094 7089
f 4094 4187 4166
f 7064 7112 4038
f 4137 4117 4116
f 4137 3990 4117
f 7066 3990 4008
f 7162 4076 4138
f 4175 3974 7116
f 3974 4189 7116
f 4096 4190 4155
f 7137 4097 7194
f 4191 4098 7250
f 4192 4156 7091
f 7217 7288 4119
f 7166 4099 4177
f 7218 4100 7117
f 7168 4077 7068
f 7169 7068 4077
f 7046 4077 4012
f 7047 7175 4044
f 4045 4101 7144
f 4101 4078 7124
f 7176 4046 4121
f 7146 4081 4082
f 4082 4104 4107
f 4104 4105 4107
f 4105 4106 4107
f 3943 4108 4160
f 4108 4048 4160
f 4160 4048 4124
f 7049 4109 4030
f 4161 4030 4084
f 4084 4031 4110
f 4179 4178 4085
f 4085 4069 4179
f 4069 4112 4179
f 14 4113 4179
f 7050 4088 4145
f 4162 4114 4183
f 4055 4056 7103
f 7184 4128 7105
f 7105 4128 7053
f 4130 7154 7106
f 7208 4034 7082
f 4132 4021 7083
f 7086 7055 4133
f 7087 4007 4134
f 4163 7058 4091
f 7059 4163 4135
f 4167 4136 4168
f 4116 4117 7131
f 4117 3990 7065
f 7065 3990 7066
f 4153 7115 7192
f 7116 4189 4096
f 4192 7165 7195
f 7165 4192 7091
f 7092 4120 7166
f 4099 4010 7218
f 4077 7078 7169
f 7080 4142 7100
f 7146 4082 4080
f 7048 3943 4159
f 4159 3943 4143
f 4124 4083 4160
f 4112 14 4179
f 4180 14 4144
f 14 4125 4144
f 4125 4181 4144
f 4182 4086 7179
f 7179 4086 4087
f 4127 4017 4146
f 7244 4183 7103
f 4183 4055 7103
f 7104 4128 7276
f 7276 4128 7430
f 4129 4089 7053
f 7054 4131 4132
f 7084 4147 7085
f 7085 4115 7055
f 7209 7055 7086
f 4134 7057 7087
f 4094 4166 7089
f 7344 4038 4169
f 7130 4137 4116
f 4117 4152 7131
f 4152 4117 7065
f 7163 4188 4174
f 7397 4175 7116
f 4190 4140 7137
f 4098 4192 7195
f 7217 4119 7092
f 4177 4099 7218
f 4043 4141 7117
f 7200 7124 7176
f 4079 4123 7098
f 4082 4107 4080
f 4107 4158 7125
f 4159 4143 4160
f 4143 3943 4160
f 4083 4049 4160
f 4160 4049 7049
f 4161 7049 4030
f 4161 4084 4110
f 4161 4110 7102
f 7179 4087 7081
f 7179 7081 7180
f 7081 4016 7050
f 4146 7207 4127
f 7052 4162 4183
f 7430 4128 7184
f 7083 4059 7155
f 7155 4059 7084
f 7210 7060 4149
f 7129 3989 7156
f 3989 4164 7156
f 7157 4093 4186
f 4165 4150 7062
f 7214 4187 4167
f 4169 4137 7130
f 7090 4152 4151
f 4151 4152 7065
f 7248 4118 4173
f 4155 4190 7164
f 7047 4157 7334
f 7098 7145 4102
f 7100 4142 7146
f 4179 4113 4180
f 7183 7050 7127
f 7127 7050 4145
f 4145 4126 7127
f 7127 4126 4127
f 7053 4089 7105
f 4089 7152 7105
f 7085 7055 7186
f 7264 7056 4007
f 4163 7059 7387
f 7060 7210 7108
f 7110 7061 4186
f 4167 4168 7111
f 7064 4038 7344
f 7136 7090 7113
f 7090 4151 7114
f 7115 4170 7267
f 4170 4171 7267
f 4139 4172 4138
f 7232 7067 4188
f 4174 7193 7163
f 7193 4041 7397
f 4041 4175 7397
f 7287 4176 7138
f 7138 4176 7288
f 4196 4197 4198
f 4198 4197 5397
f 4217 4201 4202
f 4205 4201 4199
f 4202 4201 4205
f 4217 4202 4204
f 4200 4203 4199
f 4208 4202 4205
f 4200 4199 4201
f 4207 4201 4217
f 4208 4204 4202
f 4203 4200 4206
f 4212 4200 4201
f 4204 4208 4228
f 4237 4200 4212
f 4217 4204 4226
f 4204 4209 4226
f 4227 4204 4215
f 4215 4204 4228
f 4199 4203 4205
f 4204 4227 4209
f 4207 4217 4231
f 4228 4208 4213
f 4213 4208 4210
f 4211 4224 4208
f 4208 4205 4225
f 4236 4203 4206
f 4200 4219 4286
f 4219 4200 4237
f 4212 4201 4222
f 4210 4208 4224
f 4211 4208 4225
f 4205 4203 4236
f 4221 4212 4222
f 4201 4207 4222
f 4225 4205 4240
f 4206 4200 4229
f 4243 4222 4207
f 4243 4207 4231
f 4224 4211 4225
f 4240 4205 4235
f 4205 4236 4246
f 4229 4200 4241
f 4241 4200 4286
f 4214 4217 4226
f 4220 4219 4237
f 4247 4214 4226
f 4209 4227 4232
f 4215 4228 4218
f 4228 4213 4216
f 4239 4224 4225
f 4235 4205 4246
f 4217 4214 4247
f 4238 4228 4216
f 4236 4206 4229
f 4258 4212 4221
f 4244 4231 4217
f 4213 4210 4261
f 4237 4212 4258
f 4242 4221 4222
f 4244 4217 4245
f 4226 4209 4232
f 4215 4218 4227
f 4292 4228 4251
f 4220 4286 4219
f 4222 4243 4223
f 4245 4217 4247
f 4232 4227 4299
f 4227 4218 4260
f 4218 4228 4260
f 4251 4228 4238
f 4222 4223 4242
f 4223 4243 4242
f 4226 4232 4248
f 4216 4213 4261
f 4261 4210 4239
f 4210 4224 4239
f 4265 4225 4240
f 4262 4220 4237
f 4257 4250 4237
f 4258 4221 4242
f 4254 4243 4231
f 4239 4225 4265
f 4266 4236 4229
f 4241 4230 4267
f 4230 4241 4286
f 4262 4237 4250
f 4257 4237 4258
f 4243 4254 4303
f 4259 4247 4226
f 4226 4248 4264
f 4299 4227 4233
f 4228 4292 4260
f 4240 4235 4234
f 4246 4236 4249
f 4229 4241 4266
f 4242 4243 4303
f 4259 4226 4264
f 4233 4227 4260
f 4238 4216 4261
f 4261 4239 4252
f 4279 4239 4265
f 4240 4234 4256
f 4234 4235 4256
f 4236 4266 4249
f 4266 4241 4267
f 4262 4286 4220
f 4231 4244 4254
f 4248 4232 4299
f 4256 4235 4246
f 4277 4292 4251
f 4246 4249 4296
f 4250 4257 4308
f 4257 4258 4253
f 4263 4258 4242
f 4263 4242 4303
f 4244 4245 4291
f 4245 4247 4259
f 4283 4233 4260
f 4251 4238 4269
f 4252 4239 4255
f 4239 4279 4311
f 4230 4286 4268
f 4288 4262 4250
f 4271 4257 4253
f 4253 4258 4263
f 4291 4245 4272
f 4245 4276 4272
f 4261 4252 4255
f 4255 4239 4311
f 4265 4240 4256
f 4308 4257 4274
f 4303 4254 4244
f 4269 4238 4284
f 4339 4238 4261
f 4339 4261 4293
f 4293 4261 4294
f 4294 4261 4278
f 4279 4265 4295
f 4265 4256 4280
f 4267 4230 4268
f 4288 4250 4308
f 4274 4257 4271
f 4275 4303 4244
f 4283 4260 4273
f 4273 4260 4292
f 4261 4255 4311
f 4286 4262 4326
f 4253 4263 4281
f 4301 4248 4299
f 4299 4233 4283
f 4278 4261 4311
f 4295 4265 4285
f 4285 4265 4270
f 4288 4287 4262
f 4300 4253 4312
f 4298 4259 4264
f 4270 4265 4280
f 4256 4246 4296
f 4249 4266 4296
f 4326 4262 4287
f 4271 4253 4300
f 4281 4263 4303
f 4276 4245 4282
f 4245 4259 4298
f 4298 4264 4248
f 4298 4248 4301
f 4330 4292 4277
f 4277 4251 4269
f 4277 4269 4310
f 4269 4290 4310
f 4339 4284 4238
f 4266 4267 4320
f 4302 4267 4317
f 4267 4268 4317
f 4317 4286 4326
f 4253 4281 4312
f 4285 4270 4280
f 4320 4267 4302
f 4268 4286 4317
f 4282 4245 4298
f 4273 4292 4283
f 4306 4285 4280
f 4316 4280 4256
f 4296 4266 4320
f 4338 4288 4345
f 4275 4244 4362
f 4362 4244 4291
f 4291 4272 4276
f 4364 4276 4313
f 4309 4301 4299
f 4283 4292 4341
f 4290 4269 4342
f 4333 4284 4339
f 4294 4278 4311
f 4311 4279 4295
f 4316 4256 4296
f 4317 4326 4335
f 4328 4312 4281
f 4281 4303 4336
f 4291 4276 4364
f 4299 4283 4289
f 4289 4283 4323
f 4332 4284 4333
f 4293 4294 4318
f 4287 4288 4338
f 4328 4281 4336
f 4276 4282 4313
f 4299 4289 4323
f 4316 4296 4305
f 4345 4288 4346
f 4327 4271 4297
f 4321 4297 4271
f 4313 4282 4348
f 4282 4298 4301
f 4324 4310 4290
f 4269 4284 4332
f 4356 4339 4293
f 4311 4295 4384
f 4384 4295 4314
f 4314 4295 4306
f 4295 4285 4306
f 4307 4319 4280
f 4271 4300 4321
f 4282 4301 4371
f 4292 4330 4341
f 4315 4319 4307
f 4280 4316 4337
f 4325 4320 4302
f 4287 4338 4359
f 4346 4288 4308
f 4274 4271 4327
f 4362 4336 4303
f 4362 4291 4304
f 4329 4291 4364
f 4299 4323 4309
f 4331 4277 4310
f 4382 4342 4269
f 4318 4294 4311
f 4307 4280 4337
f 4351 4305 4296
f 4296 4320 4351
f 4274 4327 4308
f 4321 4300 4352
f 4352 4300 4312
f 4362 4303 4275
f 4304 4291 4329
f 4324 4290 4342
f 4382 4269 4332
f 4350 4293 4318
f 4306 4280 4319
f 4316 4305 4351
f 4325 4302 4368
f 4368 4302 4317
f 4363 4362 4329
f 4362 4304 4329
f 4330 4277 4331
f 4293 4350 4356
f 4318 4311 4384
f 4334 4306 4319
f 4308 4327 4415
f 4364 4313 4347
f 4371 4348 4282
f 4301 4309 4340
f 4340 4309 4323
f 4331 4310 4324
f 4332 4333 4343
f 4383 4343 4333
f 4355 4333 4339
f 4344 4306 4334
f 4326 4287 4359
f 4397 4297 4321
f 4352 4312 4328
f 4353 4328 4336
f 4371 4301 4322
f 4390 4333 4355
f 4430 4314 4306
f 4337 4316 4373
f 4373 4316 4351
f 4358 4335 4326
f 4361 4327 4297
f 4297 4397 4361
f 4322 4301 4349
f 4341 4330 4399
f 4334 4319 4315
f 4307 4337 4367
f 4419 4351 4320
f 4368 4317 4335
f 4369 4358 4326
f 4308 4415 4370
f 4416 4321 4352
f 4362 4363 4403
f 4371 4322 4349
f 4349 4301 4340
f 4323 4283 4372
f 4372 4283 4341
f 4331 4324 4330
f 4383 4333 4390
f 4396 4356 4350
f 4411 4350 4318
f 4419 4320 4325
f 4369 4326 4359
f 4415 4327 4361
f 4375 4321 4416
f 4352 4328 4379
f 4347 4313 4348
f 4382 4332 4343
f 4339 4356 4355
f 4318 4384 4411
f 4344 4334 4393
f 4367 4337 4373
f 4397 4321 4374
f 4353 4336 4362
f 4348 4371 4365
f 4366 4371 4405
f 4405 4371 4354
f 4371 4349 4354
f 4384 4314 4430
f 4430 4306 4357
f 4306 4344 4357
f 4393 4334 4307
f 4307 4334 4315
f 4359 4338 4377
f 4345 4346 4360
f 4370 4346 4308
f 4321 4375 4374
f 4372 4341 4399
f 4324 4342 4407
f 4325 4426 4419
f 4426 4325 4368
f 4387 4328 4353
f 4364 4347 4388
f 4330 4324 4407
f 4382 4343 4446
f 4409 4355 4356
f 4344 4393 4392
f 4455 4307 4413
f 4413 4307 4367
f 4338 4345 4360
f 4346 4370 4459
f 4387 4379 4328
f 4347 4348 4365
f 4371 4366 4376
f 4354 4349 4458
f 4458 4349 4340
f 4390 4355 4409
f 4396 4350 4411
f 4344 4392 4448
f 4373 4449 4367
f 4351 4419 4373
f 4368 4335 4420
f 4420 4335 4358
f 4398 4352 4379
f 4353 4362 4387
f 4388 4329 4364
f 4380 4365 4371
f 4399 4330 4395
f 4407 4342 4382
f 4343 4383 4446
f 4409 4356 4396
f 4425 4384 4430
f 4430 4357 4431
f 4431 4344 4448
f 4358 4369 4386
f 4456 4369 4377
f 4369 4359 4377
f 4377 4338 4402
f 4402 4338 4459
f 4338 4360 4459
f 4416 4352 4398
f 4387 4362 4403
f 4388 4347 4428
f 4347 4365 4380
f 4389 4323 4372
f 4395 4330 4400
f 4330 4407 4381
f 4434 4383 4390
f 4436 4390 4409
f 4357 4344 4431
f 4393 4307 4455
f 4413 4367 4449
f 4449 4373 4414
f 4373 4419 4385
f 4426 4368 4391
f 4459 4360 4346
f 4363 4329 4388
f 4380 4371 4376
f 4494 4372 4399
f 4390 4435 4434
f 4391 4368 4427
f 4427 4368 4420
f 4420 4358 4421
f 4361 4397 4378
f 4397 4374 4441
f 4387 4403 4452
f 4428 4347 4380
f 4380 4376 4366
f 4394 4340 4323
f 4394 4323 4389
f 4381 4407 4400
f 4438 4411 4384
f 4467 4413 4449
f 4386 4369 4421
f 4441 4375 4416
f 4387 4452 4451
f 4403 4363 4478
f 4478 4363 4388
f 4372 4494 4424
f 4330 4381 4400
f 4407 4382 4408
f 4445 4408 4382
f 4418 4446 4383
f 4390 4436 4429
f 4644 4409 4396
f 4396 4411 4410
f 4472 4411 4438
f 4384 4425 4438
f 4373 4385 4414
f 4358 4386 4421
f 4369 4476 4421
f 4377 4402 4456
f 4459 4370 4415
f 4441 4374 4375
f 4458 4340 4665
f 4394 4389 4372
f 4400 4399 4395
f 4435 4390 4429
f 4401 4411 4437
f 4412 4392 4466
f 4426 4391 4427
f 4645 4456 4402
f 4415 4361 4378
f 4378 4397 4440
f 4366 4432 4486
f 4433 4405 4354
f 4418 4383 4434
f 4410 4411 4401
f 4473 4430 4431
f 4448 4392 4412
f 4420 4475 4427
f 4476 4369 4456
f 4442 4416 4398
f 4404 4380 4366
f 4444 4407 4408
f 4678 4455 4413
f 4439 4413 4467
f 4414 4385 4499
f 4491 4459 4415
f 4484 4441 4416
f 4404 4366 4417
f 4417 4366 4486
f 4433 4432 4366
f 4340 4394 4665
f 4394 4372 4424
f 4399 4400 4406
f 4425 4430 4438
f 4466 4392 4480
f 4480 4392 4393
f 4421 4476 4509
f 4415 4378 4460
f 4442 4398 4504
f 4398 4379 4504
f 4379 4387 4451
f 4452 4403 4478
f 4422 4388 4428
f 4380 4404 4417
f 4469 4486 4423
f 4486 4432 4423
f 4366 4405 4433
f 4494 4399 4454
f 4399 4406 4454
f 4636 4400 4407
f 4636 4407 4444
f 4445 4382 4446
f 4471 4418 4434
f 4436 4409 4644
f 4410 4401 4437
f 4437 4411 4472
f 4481 4449 4414
f 4499 4385 4419
f 4645 4402 4483
f 4504 4379 4511
f 4478 4388 4422
f 4380 4417 4647
f 4433 4354 4458
f 4665 4394 4424
f 4454 4406 4400
f 4396 4410 4437
f 4507 4438 4430
f 4678 4413 4439
f 4499 4419 4468
f 4468 4419 4426
f 4426 4427 4468
f 4420 4421 4475
f 4516 4476 4456
f 4483 4402 4510
f 4510 4402 4459
f 4491 4415 4460
f 4440 4397 4441
f 4416 4442 4484
f 4423 4432 4469
f 4444 4408 4445
f 4434 4435 4653
f 4481 4414 4499
f 4468 4427 4475
f 4428 4380 4701
f 4701 4380 4647
f 4469 4758 4486
f 4469 4432 4453
f 4494 4454 4470
f 4454 4400 4464
f 4444 4445 4703
f 4465 4435 4429
f 4507 4430 4473
f 4431 4448 4473
f 4498 4448 4412
f 4480 4393 4455
f 4509 4475 4421
f 4450 4477 4441
f 4511 4379 4451
f 4443 4451 4452
f 4453 4432 4487
f 4432 4433 4487
f 4665 4424 4688
f 4471 4434 4691
f 4495 4434 4653
f 4653 4435 4447
f 4435 4465 4447
f 4429 4436 4644
f 4644 4396 4437
f 4496 4437 4472
f 4472 4438 4750
f 4750 4438 4507
f 4473 4448 4498
f 4412 4466 4498
f 4678 4439 4467
f 4378 4440 4630
f 4440 4441 4477
f 4450 4441 4461
f 4461 4441 4484
f 4484 4442 4492
f 4457 4451 4713
f 4451 4443 4713
f 4633 4478 4422
f 4647 4417 4486
f 4487 4433 4458
f 4718 4494 4470
f 4470 4454 4464
f 4464 4400 4636
f 4445 4446 4703
f 4490 4437 4496
f 4467 4449 4474
f 4474 4449 4680
f 4476 4516 4500
f 4492 4442 4504
f 4511 4451 4457
f 4443 4452 4713
f 4633 4660 4478
f 4422 4428 4462
f 4687 4487 4458
f 4488 4458 4665
f 4688 4424 4666
f 4666 4424 4494
f 4637 4691 4434
f 4678 4467 4474
f 4680 4449 4481
f 4501 4456 4645
f 4630 4440 4646
f 4477 4450 4502
f 4503 4450 4632
f 4632 4450 4461
f 4633 4422 4462
f 4469 4453 4487
f 4513 4487 4463
f 4463 4487 4479
f 4505 4464 4636
f 4446 4418 4471
f 4644 4437 4490
f 4629 4516 4456
f 4510 4459 4491
f 4460 4378 4630
f 4502 4450 4503
f 4632 4461 4484
f 4511 4457 4493
f 4462 4428 4633
f 4515 4463 4479
f 4470 4464 4505
f 4652 4636 4506
f 4636 4444 4506
f 4691 4703 4446
f 4696 4531 4447
f 4496 4472 4497
f 4481 4499 4751
f 4482 4468 4475
f 4475 4509 4628
f 4483 4510 4681
f 4491 4460 4630
f 4646 4440 4477
f 4477 4502 4646
f 4714 4452 4478
f 4485 4428 4701
f 4687 4479 4487
f 4717 4687 4458
f 4506 4444 4743
f 4653 4447 4531
f 4507 4473 4772
f 4627 4455 4678
f 4723 4499 4468
f 4482 4475 4792
f 4476 4699 4509
f 4629 4456 4501
f 4504 4511 4659
f 4493 4457 4713
f 4714 4478 4660
f 4633 4428 4485
f 4512 4469 4487
f 4446 4471 4691
f 4637 4434 4818
f 4429 4644 4489
f 4787 4473 4498
f 4466 4480 4498
f 4751 4499 4723
f 4468 4482 4508
f 4632 4484 4492
f 4452 4714 4713
f 4633 4485 4701
f 4647 4486 4758
f 4512 4487 4513
f 4662 4515 4663
f 4515 4479 4687
f 4458 4488 4651
f 4470 4762 4718
f 4470 4505 4719
f 4743 4444 4703
f 4434 4495 4818
f 4696 4447 4465
f 4465 4429 4489
f 4490 4496 4497
f 4680 4481 4810
f 4508 4482 4792
f 4792 4475 4628
f 4699 4476 4500
f 4510 4491 4683
f 4683 4491 4710
f 4755 4630 4646
f 4511 4493 4842
f 4661 4633 4701
f 4514 4463 4515
f 4717 4458 4651
f 4666 4494 4718
f 4750 4507 4697
f 4772 4473 4787
f 4480 4455 4627
f 4678 4474 4679
f 4516 4629 4709
f 4710 4491 4630
f 4700 4646 4502
f 4502 4503 4632
f 4632 4492 4712
f 4492 4504 4739
f 4762 4470 4719
f 4719 4505 4636
f 4652 4506 4743
f 4720 4531 4808
f 4531 4696 4808
f 4472 4750 4497
f 4723 4468 4508
f 4628 4509 4699
f 4699 4500 4516
f 4724 4645 4483
f 4510 4839 4681
f 4812 4632 4631
f 4631 4632 4813
f 4725 4492 4739
f 4739 4504 4659
f 4659 4511 5008
f 4774 4660 4633
f 4758 4469 4512
f 4686 4521 4517
f 4522 4518 4517
f 4517 4518 4518
f 4519 4518 4520
f 4518 4518 4520
f 4518 4522 4520
f 4517 4521 4522
f 4517 4518 4686
f 4518 4519 4686
f 4519 4520 4686
f 4686 4520 4522
f 4523 4521 4686
f 4524 4522 4528
f 4528 4522 4521
f 4523 4525 4526
f 4523 4686 4635
f 4522 4524 4686
f 4526 4525 4527
f 4525 4523 4635
f 4529 4527 4525
f 4528 4521 4524
f 4524 4521 4523
f 4529 4525 4634
f 4634 4525 4685
f 4524 4649 4686
f 4524 4523 4530
f 4973 4653 4531
f 4654 4720 4626
f 4546 4532 4533
f 4543 4532 4537
f 4537 4532 4534
f 4534 4532 4544
f 4532 4546 4544
f 4533 4535 4546
f 4541 4546 4545
f 4545 4546 4535
f 4555 4546 4541
f 4549 4541 4545
f 4533 4532 4536
f 4543 4539 4554
f 4544 4546 4540
f 4545 4535 4550
f 4551 4539 4543
f 4537 4534 4544
f 4535 4533 4547
f 4551 4543 4537
f 4540 4546 4538
f 4549 4545 4542
f 4547 4550 4535
f 4551 4537 4544
f 4544 4538 4572
f 4538 4544 4540
f 4547 4533 4548
f 4533 4536 4548
f 4548 4536 4532
f 4556 4532 4557
f 4557 4532 4543
f 4554 4539 4560
f 4548 4532 4556
f 4571 4539 4551
f 4551 4544 4572
f 4555 4541 4579
f 4542 4545 4550
f 4557 4543 4554
f 4558 4539 4571
f 4546 4555 4538
f 4562 4548 4556
f 4560 4539 4558
f 4592 4555 4579
f 4550 4547 4553
f 4572 4538 4576
f 4549 4559 4541
f 4559 4549 4585
f 4549 4542 4585
f 4561 4542 4552
f 4542 4550 4552
f 4550 4578 4552
f 4578 4550 4553
f 4562 4547 4548
f 4551 4575 4571
f 4553 4547 4562
f 4562 4556 4568
f 4568 4556 4563
f 4569 4554 4560
f 4575 4551 4566
f 4566 4551 4572
f 4578 4553 4567
f 4557 4554 4569
f 4560 4565 4569
f 4558 4570 4560
f 4576 4538 4577
f 4538 4555 4577
f 4579 4541 4559
f 4585 4542 4561
f 4586 4578 4567
f 4556 4557 4587
f 4557 4569 4587
f 4583 4558 4571
f 4582 4555 4592
f 4556 4587 4563
f 4569 4564 4587
f 4560 4570 4565
f 4570 4558 4565
f 4577 4555 4582
f 4561 4552 4578
f 4553 4562 4567
f 4567 4562 4568
f 4572 4576 4589
f 4578 4593 4561
f 4564 4569 4565
f 4583 4571 4574
f 4574 4571 4588
f 4571 4575 4588
f 4584 4577 4582
f 4579 4559 4599
f 4586 4567 4568
f 4590 4565 4558
f 4575 4566 4589
f 4559 4585 4599
f 4578 4586 4594
f 4586 4568 4601
f 4568 4563 4601
f 4588 4575 4604
f 4604 4575 4589
f 4566 4572 4589
f 4577 4584 4576
f 4586 4601 4573
f 4589 4576 4595
f 4576 4584 4595
f 4585 4561 4593
f 4586 4573 4600
f 4583 4580 4581
f 4583 4574 4580
f 4592 4579 4599
f 4643 4573 4601
f 4590 4564 4565
f 4591 4583 4581
f 4580 4574 4581
f 4609 4588 4603
f 4603 4588 4604
f 4582 4592 4584
f 4605 4599 4585
f 4601 4563 4587
f 4583 4591 4558
f 4599 4584 4592
f 4613 4599 4605
f 4585 4593 4605
f 4593 4578 4596
f 4578 4594 4596
f 4594 4586 4600
f 4587 4564 4601
f 4643 4590 4608
f 4590 4558 4608
f 4608 4558 4591
f 4574 4588 4581
f 4588 4609 4581
f 4598 4595 4584
f 4593 4657 4668
f 4657 4593 4596
f 4642 4600 4674
f 4601 4564 4590
f 4604 4589 4595
f 4605 4593 4668
f 4607 4594 4600
f 4600 4573 4643
f 4601 4590 4643
f 4581 4602 4695
f 4602 4581 4597
f 4597 4581 4609
f 4604 4595 4621
f 4621 4595 4610
f 4670 4657 4596
f 4596 4594 4606
f 4600 4643 4674
f 4598 4584 4599
f 4670 4596 4732
f 4606 4594 4614
f 4594 4615 4614
f 4615 4594 4625
f 4607 4600 4641
f 4667 4599 4613
f 4625 4594 4672
f 4658 4672 4607
f 4672 4594 4607
f 4641 4600 4642
f 4674 4643 4675
f 4676 4608 4581
f 4608 4591 4581
f 4602 4597 4609
f 4603 4604 4638
f 4598 4599 4667
f 4613 4605 4668
f 4615 4612 4611
f 4612 4615 4625
f 4658 4607 4673
f 4602 4609 4692
f 4692 4609 4638
f 4638 4604 4621
f 4668 4657 4656
f 4596 4606 4639
f 4615 4611 4616
f 4616 4611 4611
f 4611 4611 4617
f 4611 4612 4617
f 4672 4619 4618
f 4618 4619 4619
f 4619 4619 4620
f 4619 4672 4620
f 4672 4658 4620
f 4643 4608 4676
f 4581 4695 4676
f 4695 4602 4626
f 4609 4603 4638
f 4801 4623 4624
f 4624 4623 4624
f 4623 4622 4624
f 4622 4639 4624
f 4639 4606 4624
f 4615 4616 4693
f 4616 4611 4693
f 4611 4617 4693
f 4617 4612 4693
f 4618 4619 4672
f 4672 4619 4658
f 4619 4620 4658
f 4768 4673 4607
f 4489 4644 4749
f 4749 4644 4490
f 4498 4480 4698
f 4679 4474 4680
f 4839 4510 4682
f 4682 4510 4683
f 4502 4632 4840
f 4840 4632 4812
f 5008 4511 4842
f 4715 4774 4633
f 4715 4633 4661
f 4514 4515 4648
f 4648 4515 4662
f 4728 4663 4650
f 4728 4523 4526
f 4685 4525 4794
f 4650 4663 4716
f 4663 4515 4730
f 4595 4598 4655
f 4655 4598 4667
f 4667 4613 4668
f 4639 4622 4801
f 4622 4623 4801
f 4801 4624 4640
f 4624 4624 4640
f 4624 4606 4640
f 4640 4606 4614
f 4674 4675 4825
f 4677 4720 4808
f 4697 4507 4772
f 4480 4627 4773
f 4481 4751 4810
f 4752 4508 4792
f 4501 4645 4724
f 4724 4483 4681
f 4710 4630 4684
f 4463 4514 4648
f 4530 4523 4728
f 4728 4526 4527
f 4527 4529 4634
f 4525 4635 4794
f 4664 4650 4716
f 4716 4663 4730
f 4488 4665 4651
f 4689 4666 4718
f 4690 4743 4703
f 4691 4637 4763
f 4637 4818 4731
f 4744 4653 4973
f 4973 4531 4720
f 4626 4602 4692
f 4638 4621 4610
f 4610 4595 4655
f 4657 4670 4669
f 4671 4732 4596
f 4801 4640 4614
f 4614 4615 4693
f 4736 4694 4721
f 4768 4607 4722
f 4769 4607 4771
f 4825 4675 4643
f 4748 4676 4695
f 4695 4626 4677
f 4626 4720 4677
f 4465 4489 4696
f 4787 4498 4738
f 4773 4627 4678
f 4678 4679 4789
f 4792 4628 4699
f 4629 4501 4724
f 4684 4630 4754
f 5040 4646 4700
f 4739 4659 5008
f 4774 4714 4660
f 4758 4512 4775
f 4530 4728 4524
f 4524 4728 4664
f 4728 4650 4664
f 4730 4515 4687
f 4742 4651 4665
f 4719 4636 4702
f 4636 4652 4702
f 4704 4703 4691
f 4495 4653 4744
f 4656 4657 4669
f 4707 4670 4732
f 4596 4639 4801
f 4693 4612 4625
f 4672 4658 4734
f 4673 4768 4708
f 4721 4694 4768
f 4771 4607 4641
f 4490 4497 4836
f 4698 4480 4809
f 4809 4480 4773
f 4680 4810 4790
f 4791 4723 4508
f 4987 4508 4752
f 4699 4516 4709
f 4755 4646 5040
f 4712 4492 4725
f 4715 4661 4701
f 4662 4663 4728
f 4527 4634 4729
f 4634 4685 4729
f 4686 4649 4777
f 4777 4649 5013
f 4664 5013 4524
f 5013 4649 4524
f 4742 4665 4688
f 4688 4666 4795
f 4702 4652 4743
f 4704 4691 4778
f 4731 4763 4637
f 4655 4667 4766
f 4667 4668 4766
f 4767 4670 4707
f 4834 4706 4707
f 4733 4596 4801
f 4801 4614 4693
f 4625 4672 4734
f 4694 4736 4735
f 4721 4768 4722
f 4722 4607 4769
f 4641 4642 4771
f 4643 4676 4786
f 4786 4676 4807
f 4808 4696 4965
f 4749 4490 4836
f 4773 4678 4789
f 4679 4680 4790
f 4791 4508 4987
f 4724 4681 4839
f 4710 4684 4754
f 4757 4715 4701
f 4727 4759 4662
f 4828 4728 4527
f 4635 4686 4776
f 4686 4957 4776
f 4957 4686 4815
f 4815 4686 4777
f 4666 4689 4795
f 4795 4689 4718
f 4743 4690 4797
f 4797 4690 4703
f 4778 4691 4763
f 4707 4706 4821
f 4734 4658 4708
f 4658 4673 4708
f 4735 4736 4721
f 4786 4825 4643
f 4695 4677 4808
f 4738 4498 4788
f 4498 4698 4809
f 4810 4751 4811
f 4792 4699 4838
f 4838 4699 4966
f 4699 4709 4966
f 4839 4682 4989
f 4682 4683 4710
f 4754 4630 4755
f 5040 4700 4502
f 4631 4813 4711
f 4813 4632 4712
f 4953 4739 5008
f 4842 4493 4860
f 4954 4774 4715
f 4701 4647 4757
f 4647 4758 4757
f 4512 4513 4726
f 4685 4794 4741
f 4730 4687 4717
f 4797 4703 4778
f 4703 4704 4778
f 4654 4973 4720
f 4654 4626 4692
f 4638 4747 4692
f 4638 4610 4655
f 4766 4668 4656
f 4670 4767 4669
f 4767 4707 4705
f 4800 4707 4732
f 4671 4596 4733
f 4771 4642 4964
f 4642 4674 4825
f 4965 4696 4489
f 4811 4751 4723
f 4724 4839 5039
f 4812 4631 4756
f 4631 4711 4756
f 4711 4813 4756
f 4859 4813 4712
f 4493 4713 4740
f 4713 4714 4740
f 5101 4758 4775
f 4862 4513 4648
f 4513 4463 4648
f 4760 4685 4741
f 4831 5013 4664
f 4664 4716 4816
f 4716 4730 4816
f 4795 4718 4845
f 4743 4797 4796
f 4747 4638 4746
f 4705 4707 4821
f 4733 4801 4671
f 4693 4625 4734
f 4735 4802 4737
f 4735 4721 4722
f 4805 4642 4981
f 4807 4676 4748
f 4748 4695 4808
f 4965 4489 4749
f 4836 4497 4750
f 4750 4697 5114
f 4837 4772 4787
f 4753 4629 4724
f 4712 4725 4814
f 4814 4725 4739
f 5008 4842 4992
f 4512 4726 4775
f 4648 4662 4759
f 4727 4662 4828
f 4662 4728 4828
f 4794 4635 4830
f 4761 4777 5013
f 4742 4688 4795
f 4865 4719 4702
f 4745 4747 4746
f 4782 4638 4655
f 4833 4669 4767
f 4767 4705 4821
f 4834 4707 4800
f 4800 4732 4671
f 4785 4802 4735
f 4964 4642 4805
f 4981 4642 4825
f 4788 4787 4738
f 4788 4498 4809
f 4809 4773 5000
f 4789 4679 4790
f 4838 4855 4792
f 4754 4682 4710
f 4862 4726 4513
f 4828 4527 4729
f 4729 4685 4829
f 4635 4776 5032
f 4971 4777 4761
f 4993 4742 4959
f 4817 4742 4795
f 4845 4718 4762
f 4702 4743 5107
f 4846 5034 4763
f 4763 4731 4846
f 4495 4744 4818
f 4692 4747 4764
f 4747 4745 4764
f 4764 4745 4745
f 4745 4745 4765
f 4745 4746 4765
f 4656 4669 5035
f 4974 4767 4821
f 4783 4706 4834
f 4978 4801 4693
f 4734 4708 4768
f 4694 4735 4768
f 4735 4722 4769
f 4870 4769 4980
f 5130 4980 4769
f 4769 4771 4770
f 4835 4786 4806
f 4806 4786 4807
f 4748 4808 4807
f 5019 4965 4749
f 4836 4750 4853
f 5114 4697 4772
f 4809 5000 4985
f 4826 4773 4789
f 4987 4752 4792
f 4629 4753 4857
f 4756 4813 5090
f 4873 4813 4859
f 5009 4740 4714
f 4715 4757 4954
f 4954 4757 4955
f 4757 4758 4793
f 4793 4758 5101
f 4775 4726 4862
f 4862 4648 5010
f 4648 4759 5010
f 4685 4760 4829
f 4863 4741 4794
f 5054 4635 5032
f 4971 4761 5013
f 4958 4664 4816
f 4762 4719 4865
f 4796 4797 4972
f 4818 4744 4973
f 4654 4692 4779
f 4692 4764 4779
f 4764 4745 4779
f 4745 4765 4779
f 4779 4765 4746
f 4780 4780 4781
f 4780 4746 4781
f 4781 4746 4782
f 4746 4638 4782
f 4766 4656 5035
f 4767 4974 4833
f 4783 4834 4962
f 4800 4671 4801
f 5017 4768 4735
f 4735 4737 5017
f 4737 4802 5017
f 4735 4769 4785
f 5130 4769 4770
f 5063 4825 4786
f 5019 4749 4983
f 5114 4772 4872
f 4966 4709 5002
f 4856 4709 4857
f 4709 4629 4857
f 4857 4753 4724
f 4989 4682 4858
f 5004 4755 5040
f 5040 4502 4840
f 4992 4842 5195
f 4714 4774 4954
f 4759 4727 4828
f 4760 4741 4863
f 4776 4957 5032
f 5055 4957 4815
f 4815 4777 4971
f 5126 4971 5013
f 4831 4664 4844
f 4664 4958 4844
f 4730 4717 4742
f 4717 4651 4742
f 4959 4742 4817
f 4845 4762 4865
f 4797 4778 4763
f 4973 4654 5015
f 5015 4654 4847
f 4847 4654 4779
f 4779 4746 4798
f 4746 4780 4798
f 4780 4780 4798
f 4798 4780 4799
f 4780 4781 4799
f 4781 4782 4799
f 4655 4766 4960
f 4960 4766 5035
f 4784 4783 4852
f 4693 4734 4978
f 4978 4734 4768
f 4822 4963 4802
f 4803 4802 4804
f 4802 4785 4804
f 4804 4785 4824
f 4770 4771 4964
f 4983 4749 4836
f 4872 4772 4837
f 4809 4985 4984
f 5000 4773 5037
f 5001 4790 4810
f 4811 4723 5115
f 5115 4723 4791
f 4827 4791 4987
f 4987 4792 4988
f 5002 4709 5132
f 4858 4682 5003
f 4754 4755 5004
f 4967 5040 4840
f 5090 4813 4873
f 4841 4873 4859
f 4859 4712 4814
f 4861 4860 4493
f 4740 5009 4493
f 5142 4757 5101
f 4757 4793 5101
f 5032 4957 5011
f 4866 4865 4702
f 4972 4797 5014
f 5167 4797 4763
f 4847 4779 4799
f 4779 4798 4799
f 4799 4782 4819
f 4820 4819 4820
f 4819 4782 4820
f 4782 4655 4848
f 5035 4669 5084
f 4821 4706 4849
f 4706 4783 4849
f 4783 4784 4849
f 4962 4834 4977
f 4800 4801 4834
f 4978 4768 5017
f 5017 4802 4963
f 4822 4802 4823
f 4802 4803 4823
f 4803 4804 4823
f 4823 4804 4824
f 4785 4769 4824
f 4964 4805 4981
f 4835 4806 4965
f 4806 4807 4965
f 4807 4808 4965
f 5037 4773 4826
f 4826 4789 4790
f 4854 4810 4811
f 4988 4792 5066
f 5066 4792 4855
f 5067 4839 4989
f 4682 4754 5003
f 4840 4812 4756
f 5009 4714 4954
f 5141 4954 4955
f 4828 4729 4829
f 5052 4863 4794
f 5053 4794 4830
f 4956 4830 4635
f 4956 4635 5054
f 4815 4971 5012
f 4864 4971 5126
f 4958 4730 4742
f 4817 4795 4959
f 4959 4795 4845
f 5106 4865 4866
f 4743 4796 5107
f 5014 4797 5167
f 4846 4731 4818
f 5034 4818 5256
f 5256 4818 4973
f 4799 4819 4847
f 4819 4820 4847
f 4847 4820 4832
f 4820 4820 4832
f 4820 4782 4832
f 4832 4782 4848
f 5147 5035 5084
f 5084 4669 5109
f 4852 4783 4962
f 4834 4801 4978
f 4823 4824 4822
f 4964 4981 5131
f 4983 4836 5019
f 5019 4836 4999
f 4853 4750 4871
f 5037 4826 4790
f 5021 4810 4854
f 5132 4709 4856
f 4857 4724 5039
f 4841 4859 5005
f 5007 4859 4953
f 4859 4814 4953
f 4814 4739 4953
f 4860 5195 4842
f 4757 5142 4955
f 5101 4775 4843
f 4759 4828 5030
f 4829 5121 4828
f 5055 4815 5012
f 5013 4831 4844
f 4816 4730 4958
f 5106 4845 4865
f 5107 4796 4972
f 4846 4818 5034
f 4832 4848 4847
f 4848 4655 4995
f 5209 4833 4974
f 4974 4821 4849
f 4784 4852 4850
f 5059 5017 4963
f 4963 4822 4824
f 4824 4769 4870
f 4981 4825 5063
f 4982 4965 5019
f 4836 4853 4871
f 4788 4809 5237
f 5037 4790 4986
f 5115 4791 5187
f 4838 4966 5022
f 5039 4839 5067
f 5140 4859 5160
f 5007 4953 5008
f 5196 4861 4493
f 5101 4843 5102
f 4843 4775 5102
f 4775 4862 5102
f 5030 4828 5121
f 4760 4863 4970
f 5052 4794 5053
f 5308 5013 4844
f 4958 4742 4993
f 4866 4702 5056
f 5167 4763 5034
f 5015 4847 4848
f 4655 4960 4995
f 4784 4850 4867
f 4850 4851 4867
f 4867 4851 4868
f 4851 4850 4868
f 4852 4869 4850
f 4869 4852 4962
f 4979 4963 4824
f 4981 5063 5131
f 5171 4982 5019
f 5087 4750 5114
f 4837 4787 5213
f 5213 4787 4788
f 5237 4809 4984
f 4984 4985 5065
f 4986 4790 5001
f 5001 4810 5021
f 5021 4854 4811
f 4855 4838 5022
f 4857 5039 5116
f 5067 4989 5215
f 5003 4754 5004
f 5156 5004 5040
f 4967 4840 5216
f 4840 4756 5216
f 4877 4874 4876
f 4876 4874 4882
f 4874 4881 4875
f 4881 4874 4877
f 4882 4874 4875
f 4879 4877 4876
f 4887 4876 4878
f 4877 4879 4888
f 4876 4882 4889
f 4882 4875 4885
f 4885 4875 4886
f 4883 4877 4888
f 4879 4876 4887
f 4875 4881 4886
f 4881 4877 4883
f 4884 4881 4883
f 4878 4876 4880
f 4886 4881 4891
f 4880 4876 4889
f 4894 4878 4889
f 4878 4880 4889
f 4904 4882 4885
f 4890 4886 4905
f 4886 4891 4905
f 4891 4881 4884
f 4887 4878 4892
f 4891 4884 4908
f 4883 4888 4884
f 4884 4888 4895
f 4893 4892 4878
f 4904 4885 4890
f 4908 4884 4901
f 4888 4879 4892
f 4892 4879 4887
f 4898 4878 4894
f 4889 4882 4899
f 4885 4886 4890
f 4878 4898 4897
f 4899 4882 4904
f 4924 4888 4892
f 4893 4878 4897
f 4902 4898 4889
f 4905 4891 4911
f 4901 4884 4895
f 4895 4888 4903
f 4903 4888 4924
f 4892 4893 4896
f 4917 4919 4898
f 4932 4898 4902
f 4898 4894 4889
f 4911 4891 4912
f 4901 4895 4903
f 4897 4898 4919
f 4917 4898 4932
f 4908 4901 4906
f 4906 4901 4915
f 4916 4892 4896
f 4896 4893 4897
f 4909 4902 4889
f 4904 4890 4907
f 4907 4890 4905
f 4899 4900 4909
f 4927 4900 4920
f 4900 4899 4904
f 4907 4911 4922
f 4891 4908 4912
f 4912 4908 4943
f 4908 4928 4943
f 4925 4892 4916
f 4909 4889 4899
f 4913 4900 4927
f 4900 4904 4914
f 4905 4911 4907
f 4908 4906 4915
f 4910 4915 4903
f 4915 4901 4903
f 4924 4892 4925
f 4916 4896 4897
f 4909 4900 4913
f 4918 4911 4912
f 4928 4908 4933
f 4897 4919 4935
f 4902 4909 4913
f 4920 4900 4914
f 4914 4904 4907
f 4933 4908 4915
f 4903 4924 4910
f 4935 4916 4897
f 4932 4902 4926
f 4926 4902 4936
f 4922 4911 4918
f 4918 4912 4943
f 4924 4925 4934
f 4922 4942 4907
f 4915 4910 4924
f 4930 4935 4919
f 4919 4917 4931
f 4931 4917 4932
f 4940 4914 4921
f 4921 4914 4907
f 4918 4943 4923
f 4933 4915 4944
f 4915 4945 4944
f 4916 4935 4925
f 4949 4926 4936
f 4929 4927 4920
f 4945 4915 4924
f 4902 4913 4927
f 4920 4939 4947
f 4921 4907 4942
f 4938 4943 4928
f 4945 4924 4934
f 4936 4902 4927
f 4920 4947 4929
f 4920 4914 4939
f 4939 4914 4940
f 4968 4918 4923
f 4938 4928 4933
f 4934 4925 4935
f 4932 4926 4950
f 4922 4918 4968
f 4923 4943 4937
f 4945 4946 4990
f 4930 4919 4950
f 4919 4931 4950
f 4931 4932 4950
f 4942 4922 4968
f 4938 4933 5006
f 4933 4944 5006
f 4946 4945 5028
f 4935 4930 4950
f 4926 4949 4952
f 4936 4927 4949
f 4949 4927 4929
f 4947 4939 4941
f 5028 4945 4934
f 4950 4926 4952
f 4939 4940 4941
f 5027 4943 4948
f 4943 4938 4948
f 4944 4990 5006
f 4991 4952 4949
f 4949 4929 4947
f 4921 4942 5134
f 4937 4943 4951
f 4944 4945 4990
f 4990 4946 4969
f 5096 4969 5075
f 5042 4947 4941
f 4940 4921 5134
f 4942 4968 5134
f 5023 4923 4937
f 5027 4948 4938
f 4934 4935 5077
f 5077 4935 4950
f 5042 4949 4947
f 5188 4941 4940
f 5023 4937 4951
f 4990 4969 5096
f 5098 5028 4934
f 4991 4859 5140
f 5196 4493 5009
f 4829 4760 5121
f 5121 4760 5031
f 5011 4957 5078
f 4959 4845 4994
f 5081 5106 4866
f 4702 5107 5056
f 4973 5015 5256
f 4848 4995 5015
f 4995 4960 4996
f 5108 4960 5083
f 5083 4960 5035
f 5109 4669 5209
f 4669 4833 5209
f 5058 4974 4849
f 4849 4784 5310
f 5310 4784 5016
f 4784 4867 5016
f 4867 4868 5016
f 5016 4868 4869
f 4868 4850 4869
f 4977 4869 4962
f 5131 4770 4964
f 5113 4999 4836
f 4836 5064 5113
f 4836 4871 5064
f 4872 4837 5213
f 4791 4827 5038
f 5090 4873 5245
f 4873 4841 5005
f 4859 4991 5005
f 4991 4949 5042
f 4940 5134 5291
f 4968 4923 5023
f 4951 4943 5027
f 5027 4938 5006
f 4860 4861 5196
f 5009 4954 5221
f 5031 4760 4970
f 5201 5053 5202
f 5053 4830 5202
f 4830 4956 5202
f 5202 4956 5054
f 5057 5107 4972
f 5209 4974 5058
f 4997 4869 4975
f 4869 4961 4975
f 4975 4961 4976
f 4961 4869 4976
f 4998 4869 4977
f 4977 4834 4978
f 4963 4979 5060
f 5036 4824 4870
f 4786 4835 4982
f 4835 4965 4982
f 5020 4871 4750
f 5154 4984 5065
f 5132 4856 5214
f 5133 4989 5003
f 4989 4858 5003
f 5040 4967 5216
f 5188 4940 5291
f 5006 4990 5070
f 5075 4969 5049
f 5049 4969 5028
f 4969 4946 5028
f 5098 4934 5077
f 5029 4952 4991
f 4860 5296 5100
f 5196 5296 4860
f 4954 5141 5221
f 4970 4863 5052
f 5078 4957 5124
f 5124 4957 5079
f 5012 4971 5163
f 5125 4971 4864
f 4844 4958 5033
f 5033 4958 4993
f 4996 4960 5108
f 5016 4869 4997
f 4997 4975 5016
f 5016 4975 5148
f 4975 4976 5148
f 4976 4869 5148
f 5148 4869 4998
f 4978 5017 4977
f 5129 5018 5060
f 5129 5060 4979
f 4979 4824 5036
f 5151 4870 5150
f 5130 4770 5131
f 5112 5063 4786
f 5112 4786 4982
f 5020 4750 5087
f 5114 4872 5213
f 5237 4984 5154
f 5065 4985 5000
f 4986 5001 5155
f 5341 4791 5038
f 4827 4987 5038
f 4987 4988 5066
f 4855 5022 5263
f 5022 4966 5002
f 4856 4857 5214
f 5215 4989 5133
f 5041 4873 5005
f 5042 4941 5188
f 5134 4968 5023
f 5023 4951 5158
f 5158 4951 5027
f 5070 4990 5094
f 4950 4952 5077
f 5099 4952 5029
f 5029 4991 5140
f 5160 4859 5007
f 5008 4992 5195
f 5195 4860 5100
f 5010 4759 5050
f 5050 5030 5121
f 5079 4957 5055
f 5163 5055 5012
f 5163 4971 5080
f 4844 5033 5164
f 5081 5183 5106
f 5057 4972 5014
f 5015 4995 4996
f 5127 5035 5147
f 5085 4998 4977
f 5110 5085 4977
f 4977 5017 5110
f 5086 5017 5059
f 5059 4963 5060
f 5128 5061 5129
f 5060 5018 5129
f 4870 5151 5036
f 4870 4980 5062
f 5169 4980 5130
f 5111 5063 5112
f 5112 4982 5171
f 5019 4999 5113
f 5065 5000 5037
f 5187 4791 5341
f 5022 5002 5132
f 5039 5067 5215
f 5133 5003 5289
f 5004 5156 5003
f 5216 4756 5217
f 4756 5090 5217
f 5245 4873 5041
f 5005 4991 5042
f 5134 5023 5043
f 5044 5023 5158
f 5159 5158 5092
f 5158 5027 5092
f 5027 5068 5092
f 5068 5027 5118
f 5024 5025 5026
f 5025 5118 5026
f 5077 4952 5120
f 5120 4952 5099
f 5140 5160 5269
f 5007 5008 5247
f 5369 5221 5141
f 5141 4955 5142
f 4862 5010 5050
f 4759 5030 5050
f 5031 4970 5052
f 5080 4971 5125
f 5308 4844 5164
f 5058 4849 5309
f 5309 4849 5310
f 5110 5017 5086
f 5059 5060 5168
f 5150 4870 5390
f 5062 4980 5169
f 5131 5063 5152
f 5475 5064 4871
f 4871 5020 5087
f 5237 5154 5283
f 5238 5154 5065
f 5239 5065 5037
f 5239 5037 5340
f 5155 5001 5021
f 5021 4811 5115
f 5041 5005 5042
f 5023 5044 5246
f 5118 5025 5045
f 5045 5025 5025
f 5025 5025 5046
f 5025 5024 5046
f 5046 5024 5047
f 5047 5024 5047
f 5024 5026 5047
f 5118 5027 5026
f 5094 4990 5137
f 5137 4990 5096
f 5138 5096 5075
f 5052 5051 5122
f 5201 5202 5123
f 5032 5011 5078
f 5125 4864 5126
f 5308 5126 5013
f 5146 4994 4845
f 5081 4866 5056
f 5209 5058 5257
f 5310 5016 5148
f 5060 5129 5168
f 4979 5036 5151
f 5153 5063 5111
f 5213 4788 5088
f 5037 4986 5240
f 5172 5022 5089
f 5022 5132 5089
f 5214 4857 5116
f 5392 5003 5365
f 5003 5156 5365
f 5290 5040 5216
f 5174 5173 5090
f 5135 5158 5091
f 5045 5025 5118
f 5025 5046 5118
f 5046 5047 5118
f 5118 5047 5069
f 5047 5047 5069
f 5047 5026 5069
f 5071 5071 5072
f 5071 5070 5072
f 5072 5070 5073
f 5073 5070 5094
f 5119 5094 5074
f 5094 5048 5074
f 5074 5048 5074
f 5074 5048 5094
f 5190 5097 5075
f 5076 5075 5220
f 5075 5049 5220
f 5028 5098 5220
f 5220 5098 5139
f 5193 5098 5077
f 5099 5029 5140
f 5269 5160 5007
f 5247 5008 5195
f 5297 5142 5101
f 4862 5050 5103
f 5121 5104 5199
f 5031 5052 5104
f 5104 5052 5105
f 5105 5052 5122
f 5052 5053 5177
f 5177 5053 5201
f 5123 5202 5401
f 5202 5054 5032
f 5055 5163 5079
f 5146 5164 4959
f 5164 5033 4959
f 5033 4993 4959
f 4959 4994 5146
f 5146 4845 5106
f 5081 5056 5184
f 5082 5057 5014
f 5082 5014 5255
f 5255 5014 5167
f 5167 5034 5387
f 5015 4996 5108
f 5083 5035 5208
f 5210 5309 5310
f 5148 4998 5085
f 5168 5129 5061
f 5129 4979 5150
f 5171 5019 5362
f 5236 5475 4871
f 5088 4788 5237
f 4987 5066 5287
f 5263 5022 5452
f 5452 5022 5172
f 5116 5039 5378
f 5378 5039 5244
f 5174 5090 5245
f 5041 5042 5319
f 5117 5042 5188
f 5218 5092 5068
f 5118 5069 5026
f 5026 5027 5006
f 5070 5071 5093
f 5071 5071 5093
f 5093 5071 5119
f 5071 5072 5119
f 5072 5073 5119
f 5073 5094 5119
f 5119 5074 5095
f 5074 5074 5095
f 5095 5074 5094
f 5138 5075 5097
f 5075 5076 5191
f 5220 5049 5028
f 5196 5009 5221
f 5297 5101 5198
f 5198 5101 5102
f 5198 4862 5103
f 5050 5121 5103
f 5104 5121 5031
f 5051 5052 5177
f 5032 5078 5124
f 5163 5080 5228
f 5308 5125 5126
f 5166 5164 5146
f 5057 5082 5206
f 5387 5034 5256
f 5207 5256 5015
f 5084 5109 5147
f 5149 5110 5185
f 5110 5086 5412
f 5086 5059 5168
f 4979 5151 5150
f 5019 5113 5235
f 5113 5064 5475
f 5340 5037 5240
f 5391 5021 5115
f 5391 5115 5187
f 5341 5038 4987
f 5341 4987 5287
f 5287 5066 4855
f 5264 5215 5133
f 5003 5392 5289
f 5217 5090 5173
f 5044 5158 5321
f 5321 5158 5366
f 5006 5070 5136
f 5070 5093 5136
f 5093 5119 5136
f 5095 5094 5119
f 5119 5094 5137
f 5138 5175 5096
f 5190 5075 5191
f 5139 5098 5193
f 5269 5007 5247
f 5195 5100 5487
f 5102 4862 5198
f 5200 5104 5122
f 5104 5105 5122
f 5222 5177 5252
f 5202 5032 5271
f 5161 5079 5203
f 5165 5164 5166
f 5146 5106 5182
f 5182 5106 5183
f 5183 5081 5406
f 5278 5081 5184
f 5056 5107 5184
f 5107 5057 5184
f 5229 5207 5015
f 5108 5083 5208
f 5208 5035 5127
f 5185 5110 5412
f 5168 5061 5281
f 5186 5130 5131
f 5170 5131 5152
f 5111 5112 5171
f 4871 5087 5236
f 5285 5155 5478
f 5288 4855 5263
f 5156 5040 5290
f 5042 5117 5319
f 5343 5291 5134
f 5043 5380 5134
f 5380 5043 5023
f 5135 5157 5366
f 5026 5006 5367
f 5006 5136 5367
f 5119 5137 5219
f 5220 5139 5345
f 5197 5369 5141
f 5197 5141 5400
f 5103 5121 5198
f 5198 5121 5199
f 5124 5079 5329
f 5329 5079 5465
f 5079 5161 5465
f 5143 5227 5226
f 5144 5227 5143
f 5143 5145 5144
f 5178 5145 5143
f 5223 5145 5178
f 5253 5080 5180
f 5080 5125 5308
f 5308 5164 5181
f 5278 5406 5081
f 5442 5057 5206
f 5147 5109 5209
f 5085 5110 5376
f 5412 5168 5281
f 5281 5061 5212
f 5061 5128 5212
f 5390 4870 5062
f 5169 5130 5415
f 5186 5131 5170
f 5152 5063 5234
f 5234 5063 5153
f 5153 5111 5171
f 5362 5019 5235
f 5236 5087 5213
f 5284 5239 5340
f 4986 5155 5240
f 4855 5288 5287
f 5172 5089 5214
f 5089 5132 5214
f 5172 5214 5243
f 5243 5214 5377
f 5214 5116 5378
f 5244 5039 5215
f 5264 5133 5454
f 5454 5133 5289
f 5189 5135 5091
f 5118 5026 5367
f 5367 5136 5119
f 5137 5096 5219
f 5190 5191 5176
f 5192 5395 5076
f 5345 5139 5193
f 5193 5077 5194
f 5077 5120 5194
f 5120 5099 5140
f 5400 5141 5297
f 5141 5142 5297
f 5122 5051 5177
f 5177 5222 5250
f 5177 5201 5583
f 5201 5123 5401
f 5384 5202 5271
f 5032 5124 5329
f 5306 5178 5225
f 5225 5178 5143
f 5354 5225 5143
f 5162 5227 5273
f 5227 5275 5273
f 5274 5273 5275
f 5144 5145 5161
f 5228 5080 5253
f 5179 5253 5180
f 5166 5146 5182
f 5229 5015 5108
f 5108 5208 5229
f 5208 5127 5279
f 5310 5148 5376
f 5376 5148 5085
f 5110 5149 5501
f 5185 5412 5311
f 5086 5168 5412
f 5211 5281 5315
f 5128 5129 5212
f 5129 5150 5212
f 5130 5186 5361
f 5152 5232 5170
f 5152 5339 5232
f 5087 5114 5213
f 5283 5154 5238
f 5155 5021 5242
f 5286 5187 5341
f 5343 5134 5380
f 5380 5023 5320
f 5157 5135 5189
f 5158 5159 5091
f 5189 5159 5218
f 5159 5092 5218
f 5218 5068 5367
f 5367 5068 5118
f 5176 5191 5294
f 5191 5076 5266
f 5076 5220 5192
f 5220 5295 5510
f 5269 5194 5140
f 5194 5120 5140
f 5487 5247 5195
f 5196 5221 5369
f 5200 5122 5177
f 5161 5145 5223
f 5354 5143 5226
f 5227 5162 5226
f 5203 5079 5204
f 5079 5163 5204
f 5163 5228 5204
f 5080 5308 5180
f 5181 5164 5165
f 5165 5166 5182
f 5569 5255 5167
f 5471 5256 5207
f 5147 5209 5388
f 5311 5412 5312
f 5062 5169 5360
f 5186 5170 5232
f 5339 5152 5234
f 5171 5362 5262
f 5113 5475 5235
f 5240 5155 5285
f 5455 5217 5173
f 5173 5174 5245
f 5291 5319 5188
f 5319 5117 5188
f 5291 5343 5422
f 5366 5157 5265
f 5091 5159 5189
f 5096 5175 5219
f 5076 5395 5326
f 5295 5220 5345
f 5296 5196 5430
f 5199 5104 5249
f 5104 5200 5249
f 5249 5200 5177
f 5583 5201 5372
f 5463 5271 5032
f 5223 5178 5272
f 5224 5306 5225
f 5332 5273 5274
f 5144 5161 5227
f 5227 5161 5203
f 5404 5253 5254
f 5205 5179 5276
f 5277 5165 5182
f 5356 5208 5279
f 5407 5127 5147
f 5058 5309 5335
f 5309 5230 5335
f 5230 5309 5410
f 5376 5110 5501
f 5501 5149 5231
f 5412 5281 5211
f 5280 5211 5314
f 5281 5212 5446
f 5212 5150 5390
f 5390 5062 5360
f 5169 5415 5474
f 5234 5233 5339
f 5153 5171 5262
f 5240 5285 5241
f 5478 5155 5242
f 5242 5021 5391
f 5391 5187 5286
f 5378 5377 5214
f 5244 5215 5264
f 5245 5041 5319
f 5158 5135 5366
f 5366 5265 5293
f 5157 5189 5265
f 5367 5119 5219
f 5219 5175 5138
f 5266 5323 5191
f 5267 5076 5326
f 5510 5192 5220
f 5345 5193 5268
f 5193 5194 5268
f 5268 5194 5459
f 5369 5197 5399
f 5198 5199 5248
f 5248 5199 5249
f 5249 5177 5250
f 5251 5270 5252
f 5529 5177 5583
f 5401 5202 5384
f 5466 5465 5161
f 5178 5306 5272
f 5351 5306 5224
f 5225 5354 5224
f 5226 5162 5273
f 5203 5275 5227
f 5276 5179 5180
f 5182 5183 5439
f 5183 5468 5439
f 5057 5442 5441
f 5209 5257 5499
f 5309 5210 5336
f 5231 5149 5185
f 5185 5311 5258
f 5312 5412 5313
f 5412 5211 5280
f 5314 5211 5414
f 5338 5390 5360
f 5234 5153 5262
f 5476 5475 5236
f 5476 5236 5363
f 5236 5213 5363
f 5213 5088 5363
f 5238 5065 5621
f 5621 5065 5239
f 5340 5240 5317
f 5287 5318 5451
f 5453 5378 5244
f 5290 5216 5455
f 5216 5217 5455
f 5320 5023 5246
f 5246 5044 5292
f 5189 5218 5367
f 5138 5097 5219
f 5219 5097 5190
f 5427 5190 5176
f 5294 5191 5323
f 5266 5076 5267
f 5194 5368 5459
f 5487 5100 5296
f 5460 5296 5430
f 5248 5383 5371
f 5252 5177 5529
f 5463 5032 5329
f 5466 5161 5272
f 5161 5223 5272
f 5226 5273 5330
f 5204 5228 5534
f 5228 5253 5307
f 5253 5179 5205
f 5181 5165 5277
f 5183 5406 5468
f 5278 5184 5057
f 5206 5082 5255
f 5471 5387 5256
f 5279 5127 5407
f 5388 5209 5499
f 5445 5312 5313
f 5412 5280 5473
f 5211 5315 5414
f 5186 5232 5316
f 5316 5232 5339
f 5259 5339 5260
f 5260 5339 5261
f 5339 5233 5261
f 5088 5237 5283
f 5621 5239 5284
f 5244 5264 5379
f 5173 5245 5727
f 5292 5044 5321
f 5219 5190 5427
f 5395 5192 5510
f 5396 5345 5346
f 5345 5268 5346
f 5269 5247 5486
f 5486 5247 5487
f 5198 5248 5371
f 5250 5222 5252
f 5372 5201 5401
f 5494 5331 5332
f 5355 5203 5204
f 5534 5228 5535
f 5307 5253 5404
f 5404 5254 5438
f 5254 5253 5405
f 5253 5205 5276
f 5276 5180 5308
f 5308 5181 5277
f 5277 5182 5439
f 5278 5057 5441
f 5569 5167 5387
f 5207 5229 5208
f 5499 5257 5058
f 5335 5230 5408
f 5501 5231 5185
f 5185 5258 5311
f 5595 5280 5337
f 5415 5130 5361
f 5259 5260 5282
f 5282 5260 5260
f 5260 5261 5260
f 5261 5233 5260
f 5260 5233 5262
f 5233 5234 5262
f 5240 5241 5317
f 5287 5288 5318
f 5264 5454 5342
f 5342 5454 5420
f 5156 5290 5365
f 5365 5290 5505
f 5727 5245 5319
f 5319 5291 5422
f 5380 5423 5343
f 5320 5246 5601
f 5427 5426 5367
f 5427 5367 5219
f 5427 5176 5294
f 5326 5395 5524
f 5368 5194 5486
f 5194 5269 5486
f 5487 5296 5558
f 5607 5296 5460
f 5198 5371 5297
f 5383 5248 5249
f 5581 5251 5252
f 5298 5299 5301
f 5301 5299 5349
f 5305 5349 5300
f 5349 5299 5300
f 5299 5298 5300
f 5300 5298 5305
f 5298 5301 5305
f 5303 5328 5348
f 5303 5301 5349
f 5301 5303 5384
f 5348 5328 5302
f 5305 5304 5349
f 5302 5328 5327
f 5350 5305 5301
f 5351 5224 5352
f 5224 5354 5436
f 5354 5226 5385
f 5273 5332 5330
f 5330 5332 5331
f 5355 5274 5275
f 5275 5203 5355
f 5253 5276 5334
f 5496 5387 5471
f 5207 5208 5356
f 5309 5336 5410
f 5210 5310 5336
f 5357 5310 5542
f 5411 5501 5185
f 5185 5311 5359
f 5473 5280 5595
f 5414 5280 5314
f 5281 5446 5315
f 5315 5446 5414
f 5186 5316 5339
f 5259 5282 5262
f 5282 5260 5262
f 5362 5235 5519
f 5088 5283 5238
f 5284 5477 5644
f 5477 5284 5340
f 5450 5340 5317
f 5285 5478 5241
f 5391 5286 5546
f 5341 5287 5451
f 5288 5263 5452
f 5453 5244 5379
f 5293 5265 5344
f 5324 5294 5323
f 5323 5266 5324
f 5382 5324 5266
f 5382 5266 5484
f 5485 5267 5605
f 5510 5295 5345
f 5398 5368 5486
f 5580 5487 5558
f 5296 5607 5558
f 5196 5369 5488
f 5488 5369 5399
f 5400 5297 5627
f 5250 5252 5347
f 5347 5252 5270
f 5432 5251 5581
f 5384 5303 5348
f 5373 5302 5374
f 5328 5303 5349
f 5304 5305 5350
f 5329 5465 5564
f 5352 5224 5436
f 5436 5354 5353
f 5385 5226 5492
f 5437 5331 5494
f 5534 5332 5355
f 5332 5274 5355
f 5228 5307 5404
f 5438 5254 5333
f 5333 5254 5405
f 5405 5253 5334
f 5276 5308 5334
f 5469 5468 5406
f 5406 5278 5470
f 5441 5442 5470
f 5442 5206 5255
f 5255 5569 5442
f 5471 5207 5539
f 5539 5207 5356
f 5407 5147 5443
f 5375 5058 5335
f 5336 5310 5357
f 5542 5310 5376
f 5411 5185 5444
f 5444 5185 5358
f 5358 5185 5359
f 5311 5312 5445
f 5338 5360 5474
f 5577 5340 5450
f 5478 5242 5391
f 5172 5243 5377
f 5481 5377 5378
f 5727 5319 5422
f 5423 5380 5456
f 5380 5320 5456
f 5601 5246 5393
f 5393 5246 5292
f 5292 5321 5551
f 5293 5322 5366
f 5322 5293 5426
f 5293 5344 5426
f 5344 5265 5189
f 5427 5294 5655
f 5655 5294 5324
f 5428 5325 5382
f 5484 5266 5267
f 5605 5267 5524
f 5267 5326 5524
f 5346 5268 5459
f 5399 5197 5525
f 5525 5197 5400
f 5249 5250 5347
f 5348 5302 5401
f 5302 5327 5433
f 5304 5402 5349
f 5490 5402 5435
f 5301 5384 5350
f 5463 5329 5564
f 5272 5306 5466
f 5466 5306 5351
f 5492 5226 5386
f 5226 5330 5386
f 5330 5331 5437
f 5494 5332 5534
f 5538 5569 5387
f 5279 5407 5356
f 5443 5147 5388
f 5230 5410 5408
f 5359 5311 5445
f 5313 5412 5389
f 5338 5474 5670
f 5360 5169 5474
f 5186 5339 5416
f 5339 5417 5416
f 5417 5339 5259
f 5259 5262 5417
f 5476 5363 5544
f 5363 5088 5598
f 5545 5238 5621
f 5477 5340 5577
f 5450 5317 5241
f 5286 5341 5546
f 5546 5341 5419
f 5419 5341 5364
f 5288 5452 5548
f 5548 5452 5824
f 5452 5172 5377
f 5549 5378 5453
f 5264 5342 5420
f 5454 5289 5421
f 5392 5365 5710
f 5505 5290 5455
f 5455 5173 5727
f 5456 5320 5601
f 5551 5321 5366
f 5679 5366 5322
f 5344 5189 5426
f 5426 5189 5367
f 5325 5324 5382
f 5682 5430 5196
f 5627 5371 5370
f 5249 5347 5383
f 5347 5270 5251
f 5512 5251 5432
f 5581 5252 5529
f 5401 5384 5348
f 5374 5302 5433
f 5435 5402 5464
f 5402 5304 5464
f 5304 5350 5464
f 5351 5352 5467
f 5403 5437 5533
f 5355 5204 5534
f 5334 5308 5277
f 5356 5407 5570
f 5499 5058 5375
f 5336 5357 5410
f 5410 5357 5542
f 5389 5412 5473
f 5413 5337 5414
f 5337 5280 5414
f 5446 5212 5447
f 5503 5390 5338
f 5474 5415 5575
f 5415 5361 5576
f 5262 5362 5519
f 5544 5363 5449
f 5449 5363 5504
f 5363 5418 5504
f 5545 5088 5238
f 5284 5644 5621
f 5450 5241 5478
f 5645 5318 5288
f 5378 5549 5646
f 5647 5379 5264
f 5647 5264 5420
f 5649 5392 5710
f 5422 5343 5482
f 5507 5506 5322
f 5381 5426 5427
f 5325 5655 5324
f 5484 5267 5485
f 5853 5395 5656
f 5395 5510 5555
f 5625 5345 5396
f 5556 5346 5459
f 5397 5459 5398
f 5459 5368 5398
f 5196 5488 5682
f 5370 5371 5383
f 5431 5383 5251
f 5383 5347 5251
f 5401 5302 5373
f 5461 5374 5433
f 5433 5327 5349
f 5327 5328 5349
f 5464 5350 5384
f 5384 5271 5463
f 5437 5494 5533
f 5535 5228 5404
f 5277 5439 5334
f 5539 5356 5570
f 5375 5335 5594
f 5594 5335 5408
f 5542 5376 5748
f 5445 5313 5618
f 5389 5473 5543
f 5448 5519 5235
f 5088 5545 5598
f 5341 5451 5364
f 5451 5318 5645
f 5481 5378 5646
f 5453 5379 5647
f 5421 5289 5392
f 5755 5365 5505
f 5482 5343 5423
f 5393 5292 5521
f 5551 5366 5679
f 5322 5381 5507
f 5322 5426 5381
f 5603 5427 5522
f 5522 5427 5655
f 5428 5382 5484
f 5510 5345 5458
f 5397 4197 5459
f 5459 4197 5429
f 5429 4197 4196
f 4197 4196 4196
f 4196 4198 4196
f 4196 4198 5397
f 5525 5400 5627
f 5627 5297 5371
f 5370 5383 5527
f 5433 5349 5462
f 5564 5465 5632
f 5352 5436 5467
f 5354 5385 5513
f 5513 5385 5491
f 5385 5492 5491
f 5491 5492 5586
f 5492 5386 5589
f 5386 5330 5437
f 5437 5403 5386
f 5438 5333 5405
f 5406 5470 5440
f 5538 5387 5514
f 5514 5387 5496
f 5443 5388 5517
f 5573 5375 5594
f 5595 5337 5413
f 5413 5414 5641
f 5212 5390 5503
f 5503 5338 5620
f 5361 5186 5416
f 5417 5262 5519
f 5448 5235 5475
f 5478 5391 5546
f 5421 5392 5649
f 5423 5456 5483
f 5601 5393 5677
f 5393 5521 5677
f 5679 5322 5424
f 5322 5506 5424
f 5506 5394 5424
f 5424 5394 5425
f 5394 5506 5425
f 5656 5395 5555
f 5396 5346 5556
f 5557 5459 5429
f 4196 5397 5429
f 5525 5627 5813
f 5431 5251 5512
f 5512 5432 5528
f 5581 5529 5582
f 5372 5401 5610
f 5401 5373 5610
f 5462 5530 5433
f 5402 5490 5462
f 5586 5492 5772
f 5535 5404 5841
f 5536 5404 5438
f 5469 5406 5440
f 5514 5496 5471
f 5500 5499 5375
f 5410 5409 5408
f 5409 5410 5748
f 5501 5411 5502
f 5502 5411 5444
f 5596 5414 5446
f 5447 5212 5503
f 5363 5598 5418
f 5477 5577 5520
f 5450 5478 5599
f 5546 5419 5480
f 5419 5364 5547
f 5547 5364 5451
f 5549 5453 5647
f 5454 5421 5649
f 5455 5727 5827
f 5727 5422 5482
f 5521 5292 5678
f 5424 5425 5679
f 5425 5506 5679
f 5552 5506 5507
f 5381 5427 5603
f 5509 5325 5428
f 5853 5524 5395
f 5606 5458 5345
f 5397 5398 5429
f 5429 5398 5486
f 5430 5681 5460
f 5488 5399 5525
f 5527 5383 5512
f 5383 5431 5512
f 5528 5432 5581
f 5461 5433 5559
f 5559 5433 5611
f 5433 5612 5611
f 5612 5433 5560
f 5490 5434 5531
f 5490 5435 5463
f 5463 5435 5464
f 5633 5632 5465
f 5465 5466 5633
f 5466 5351 5467
f 5467 5436 5565
f 5565 5436 5353
f 5354 5513 5585
f 5841 5404 5536
f 5405 5334 5568
f 5439 5468 5334
f 5469 5440 5470
f 5278 5441 5470
f 5471 5539 5497
f 5410 5542 5748
f 5748 5376 5518
f 5444 5358 5359
f 5359 5445 5618
f 5641 5414 5596
f 5596 5446 5669
f 5446 5447 5503
f 5519 5416 5417
f 5519 5448 5673
f 5449 5504 5544
f 5544 5504 5597
f 5621 5644 5775
f 5478 5546 5479
f 5547 5451 5752
f 5420 5454 5675
f 5675 5454 5888
f 5649 5888 5454
f 5710 5365 5755
f 5483 5456 5550
f 5650 5456 5601
f 5678 5292 5551
f 5653 5551 5654
f 5654 5551 5712
f 5457 5655 5509
f 5655 5325 5509
f 5509 5428 5484
f 5510 5458 5606
f 5606 5345 5625
f 5556 5459 5557
f 5557 5429 5486
f 5658 5460 5681
f 5681 5430 5511
f 5581 5582 5684
f 5582 5659 5684
f 5373 5374 5610
f 5374 5461 5610
f 5630 5433 5530
f 5349 5402 5462
f 5462 5490 5531
f 5464 5384 5463
f 5492 5589 5587
f 5493 5403 5533
f 5536 5438 5495
f 5568 5334 5468
f 5537 5468 5592
f 5468 5469 5592
f 5639 5497 5539
f 5498 5472 5517
f 5472 5443 5517
f 5517 5500 5375
f 5594 5408 5821
f 5821 5408 5409
f 5376 5501 5502
f 5313 5389 5574
f 5574 5389 5543
f 5620 5338 5670
f 5670 5474 5725
f 5575 5415 5576
f 5448 5475 5673
f 5475 5476 5673
f 5476 5544 5673
f 5504 5418 5751
f 5545 5621 5707
f 5577 5450 5622
f 5599 5478 5479
f 5980 5752 5451
f 5645 5288 5548
f 5452 5377 5481
f 5505 5455 5827
f 5482 5423 5483
f 5456 5650 5550
f 5712 5551 5679
f 5679 5506 5552
f 5507 5381 5680
f 5508 5509 5523
f 5484 5485 5554
f 5396 5556 5625
f 5557 5486 5580
f 5580 5486 5487
f 5682 5488 5609
f 5734 5582 5529
f 5560 5433 5686
f 5686 5433 5630
f 5489 5462 5531
f 5434 5490 5564
f 5490 5463 5564
f 5466 5467 5633
f 5513 5491 5586
f 5589 5386 5635
f 5386 5403 5666
f 5403 5493 5666
f 5536 5567 5637
f 5536 5495 5438
f 5568 5468 5537
f 5471 5497 5639
f 5746 5570 5407
f 5407 5443 5746
f 5472 5498 5515
f 5498 5515 5515
f 5515 5515 5516
f 5515 5498 5516
f 5498 5517 5516
f 5593 5516 5517
f 5388 5499 5517
f 5499 5500 5517
f 5517 5375 5573
f 5821 5409 5747
f 5313 5574 5618
f 5669 5446 5619
f 5446 5503 5619
f 5751 5418 5598
f 5644 5477 5520
f 5622 5450 5927
f 5623 5824 5452
f 5452 5481 5646
f 5755 5505 5827
f 5602 5507 5680
f 5509 5508 5457
f 5457 5508 5579
f 5509 5484 5523
f 5554 5485 5784
f 5555 5510 5606
f 5607 5460 5658
f 5512 5528 5527
f 5659 5582 5685
f 5530 5462 5690
f 5532 5531 5718
f 5633 5467 5719
f 5353 5354 5585
f 5492 5587 5772
f 5590 5493 5533
f 5567 5536 5591
f 5536 5438 5405
f 5667 5470 5569
f 5470 5442 5569
f 5443 5472 5593
f 5472 5515 5593
f 5515 5516 5593
f 5593 5517 5540
f 5540 5540 5541
f 5540 5517 5541
f 5541 5517 5572
f 5573 5594 5640
f 5822 5409 5748
f 5518 5376 5502
f 5750 5444 5359
f 5574 5543 5473
f 5595 5413 5701
f 5725 5474 5575
f 5775 5644 5925
f 5925 5644 5643
f 5644 5520 5577
f 5480 5419 5547
f 5452 5674 5623
f 5646 5549 5806
f 5647 5420 5648
f 5778 5678 5551
f 5624 5552 5507
f 5603 5522 5655
f 5553 5457 5713
f 5579 5554 5783
f 5784 5485 5605
f 5626 5580 5558
f 5608 5607 5836
f 5488 5525 5609
f 5370 5526 5683
f 5526 5370 5527
f 5527 5528 5581
f 5526 5581 5684
f 5734 5529 5583
f 5372 5610 5583
f 5814 5612 5686
f 5686 5612 5560
f 5661 5530 5631
f 5690 5462 5489
f 5489 5531 5738
f 5738 5531 5792
f 5792 5531 5561
f 5532 5792 5562
f 5792 5561 5562
f 5562 5561 5563
f 5563 5561 5532
f 5561 5531 5532
f 5584 5434 5564
f 5719 5467 5565
f 5585 5513 5744
f 5587 5589 5588
f 5533 5494 5590
f 5494 5534 5590
f 5534 5535 5590
f 5841 5536 5637
f 5536 5405 5720
f 5568 5537 5405
f 5592 5469 5721
f 5469 5470 5667
f 5569 5538 5819
f 5514 5471 5773
f 5773 5471 5639
f 5639 5539 5570
f 5593 5540 5571
f 5540 5540 5571
f 5571 5540 5572
f 5540 5541 5572
f 5747 5409 5822
f 5502 5444 5750
f 5701 5413 5641
f 5596 5669 5702
f 5575 5576 5703
f 5671 5576 5642
f 5673 5544 5597
f 5645 5548 5824
f 5806 5549 5753
f 5753 5549 5906
f 5727 5482 5483
f 5677 5521 5678
f 5713 5457 5553
f 5579 5508 5484
f 5508 5523 5484
f 5484 5554 5579
f 5656 5555 5606
f 5556 5557 5580
f 5872 5626 5607
f 5626 5558 5607
f 5681 5511 5682
f 5511 5430 5682
f 5526 5527 5581
f 5461 5559 5610
f 5614 5630 5530
f 5631 5530 5690
f 5562 5563 5532
f 5531 5434 5584
f 5744 5513 5586
f 5636 5493 5590
f 5535 5636 5590
f 5569 5697 5667
f 5697 5569 5819
f 5639 5570 5746
f 5746 5443 5593
f 5593 5571 5572
f 5572 5517 5573
f 5883 5359 5885
f 5619 5503 5724
f 5725 5575 5703
f 5703 5576 5844
f 5844 5576 5671
f 5576 5361 5416
f 5597 5504 5803
f 5598 5545 5707
f 5577 5622 5927
f 5479 5546 5600
f 5480 5547 5752
f 5980 5451 5645
f 5826 5710 5755
f 5578 5483 5550
f 5601 5677 5651
f 5624 5507 5602
f 5604 5457 5713
f 5713 5457 5714
f 5457 5579 5714
f 5605 5524 5785
f 5785 5524 5853
f 5556 5606 5625
f 5556 5580 5657
f 5836 5607 5658
f 5813 5609 5525
f 5627 5370 5683
f 5582 5763 5685
f 5734 5583 5610
f 5610 5559 5611
f 5617 5616 5692
f 5693 5617 5615
f 5693 5615 5634
f 5615 5617 5740
f 5693 5616 5617
f 5634 5615 5664
f 5692 5616 5742
f 5793 5633 5719
f 5353 5585 5744
f 5744 5586 5772
f 5588 5589 5635
f 5635 5694 5665
f 5666 5493 5636
f 5567 5566 5637
f 5638 5566 5696
f 5567 5591 5720
f 5591 5536 5720
f 5721 5469 5667
f 5819 5538 5514
f 5773 5698 5514
f 5746 5593 5572
f 5640 5594 5699
f 5359 5618 5885
f 5618 5574 5799
f 5473 5595 5701
f 5724 5503 5620
f 5774 5620 5670
f 5576 5416 5672
f 5751 5598 5726
f 5927 5450 5863
f 5450 5599 5863
f 5479 5600 5480
f 5600 5546 5480
f 5905 5480 5928
f 5674 5452 5646
f 5906 5549 5647
f 5888 5649 5754
f 5777 5649 5710
f 5650 5601 5676
f 5676 5601 5651
f 5778 5551 5653
f 5712 5679 5711
f 5552 5624 5832
f 5757 5680 5728
f 5680 5381 5849
f 5381 5603 5849
f 5849 5603 5655
f 5758 5655 5604
f 5655 5457 5604
f 5579 5783 5869
f 5784 5605 5759
f 5853 5656 5786
f 5606 5556 5657
f 5715 5657 5580
f 5607 5608 5872
f 5682 5609 5787
f 5627 5683 5788
f 5763 5582 5734
f 5628 5613 5629
f 5716 5612 5814
f 5856 5686 5630
f 5614 5530 5661
f 5531 5584 5564
f 5988 5633 5793
f 5615 5768 5664
f 5768 5615 5795
f 5740 5617 5692
f 5616 5693 5743
f 5719 5565 5353
f 5745 5694 5635
f 5635 5386 5666
f 5566 5638 5637
f 5696 5566 5720
f 5567 5720 5566
f 5720 5405 5537
f 5773 5639 6056
f 5746 5572 5699
f 5572 5573 5640
f 5822 5748 5518
f 5823 5502 5750
f 5359 5883 5750
f 5574 5473 5701
f 5937 5596 5903
f 5669 5619 5724
f 5672 5416 5519
f 5672 5519 5673
f 5504 5751 5904
f 5644 5577 5926
f 5824 5623 5674
f 6029 5674 5708
f 5675 5888 5709
f 5865 5710 5826
f 5483 5578 5828
f 5756 5651 5677
f 5678 5778 5652
f 5868 5653 5654
f 5758 5604 5731
f 5604 5713 5714
f 5580 5626 5872
f 5813 5627 5912
f 5683 5684 5659
f 5611 5838 5610
f 5838 5611 5612
f 5613 5628 5660
f 5628 5629 5660
f 5660 5629 5716
f 5629 5613 5716
f 5613 5612 5716
f 5856 5630 5687
f 5687 5630 5815
f 5815 5630 5689
f 5630 5614 5689
f 5737 5489 5738
f 5718 5531 5632
f 5531 5564 5632
f 5632 5633 5765
f 5793 5693 5634
f 5793 5634 5662
f 5634 5664 5662
f 5662 5664 5663
f 5768 5739 5794
f 5739 5768 5795
f 5615 5740 5795
f 5719 5353 5744
f 5772 5587 5588
f 5588 5635 5665
f 5635 5666 5745
f 5797 5819 5514
f 5572 5640 5699
f 5641 5596 5937
f 5669 5724 5886
f 5642 5576 5672
f 5673 5597 5803
f 5803 5504 5845
f 5707 5621 5775
f 5643 5644 5926
f 5929 5824 5674
f 5647 5648 5776
f 5776 5648 5907
f 5648 5420 5675
f 5727 5483 5828
f 5578 5550 5676
f 5550 5650 5676
f 5653 5868 5778
f 5654 5712 5711
f 5780 5680 5781
f 5849 5655 5808
f 5808 5655 5809
f 5655 5758 5809
f 5783 5554 5784
f 5854 5656 5606
f 5715 5580 5872
f 5787 5681 5682
f 5683 5526 5684
f 5734 5610 5838
f 5613 5660 5913
f 5660 5716 5913
f 5687 5815 5688
f 5661 5631 5614
f 5737 5631 5690
f 5633 5988 5765
f 5793 5662 5691
f 5662 5663 5691
f 5663 5664 5691
f 5664 5768 5766
f 5742 5616 5743
f 5535 5841 6021
f 5537 5592 5720
f 5592 5721 5720
f 5820 5514 5698
f 5746 5699 5919
f 5699 5668 5919
f 5919 5668 5700
f 5700 5668 5700
f 5668 5699 5700
f 5518 5502 5749
f 5701 5641 5937
f 5903 5596 5702
f 5702 5669 5886
f 5774 5670 5725
f 5887 5725 5800
f 5725 5703 5800
f 5844 5671 5704
f 5704 5704 5705
f 5705 5704 5802
f 5802 5704 5706
f 5704 5704 5706
f 5704 5671 5706
f 5926 5577 5962
f 5962 5577 5805
f 5577 5927 5805
f 5928 5480 6011
f 5674 5646 5708
f 5708 5646 5806
f 5647 5776 5906
f 5825 5648 5709
f 5648 5675 5709
f 5777 5754 5649
f 5777 5710 5865
f 5828 5578 5676
f 5677 5678 5756
f 5711 5679 5552
f 5728 5680 5780
f 5781 5680 5849
f 5834 5758 5731
f 5605 5785 5759
f 5733 5606 5715
f 5606 5657 5715
f 5836 5658 5855
f 5912 5627 5788
f 5788 5683 5874
f 5789 5659 5685
f 5612 5613 5913
f 5690 5489 5737
f 5717 5792 5532
f 5793 5691 5664
f 5766 5768 5767
f 5740 5692 5991
f 5743 5693 5793
f 5917 5695 5879
f 5695 5638 5879
f 5638 5696 5879
f 5696 5720 5879
f 5880 5842 5667
f 5842 5721 5667
f 5881 5697 5819
f 5797 5514 5820
f 6056 5639 5746
f 5919 5700 5722
f 5700 5700 5722
f 5722 5700 5723
f 5700 5699 5723
f 5821 5747 5822
f 5822 5518 5798
f 5749 5502 5798
f 5798 5502 5823
f 5701 5799 5574
f 5799 5701 5978
f 5978 5701 5937
f 5704 5705 5844
f 5844 5705 5802
f 5802 5706 5671
f 5642 5672 5671
f 6009 5672 5673
f 5726 5598 5707
f 5479 5480 5905
f 5708 5806 5753
f 5907 5648 5825
f 5825 5709 5888
f 5678 5652 5889
f 5652 5778 5889
f 5552 5832 5711
f 5832 5624 5602
f 5602 5680 5779
f 5779 5680 5757
f 5731 5729 5834
f 5731 5604 6017
f 5604 5714 6017
f 5854 5606 5890
f 5732 5606 5733
f 5683 5659 5789
f 5685 5763 5789
f 5838 5612 5913
f 5814 5686 5839
f 5815 5689 5614
f 5793 5664 5766
f 5739 5795 5817
f 5741 5692 5876
f 5876 5692 5742
f 5877 5742 5743
f 5793 5719 5743
f 5743 5719 5744
f 5915 5772 5588
f 5588 5665 5895
f 5745 5666 5895
f 5636 5535 5666
f 5841 5637 5638
f 5818 5638 5695
f 5720 5721 5842
f 5880 5667 5881
f 5919 5722 5723
f 5885 5618 5799
f 5886 5724 5620
f 5800 5703 5844
f 5801 5844 5802
f 5904 5845 5504
f 5862 5707 5775
f 5979 5775 5925
f 5925 5643 5926
f 5863 5599 5942
f 5944 5827 5828
f 5827 5727 5828
f 5651 5756 5847
f 5756 5678 5889
f 5757 5728 5779
f 5809 5758 5810
f 5758 5834 5851
f 5729 5730 5834
f 5714 5579 5869
f 5869 5783 5782
f 5760 5732 5761
f 5761 5732 5762
f 5732 5733 5762
f 5733 5715 5872
f 5608 5836 5872
f 5789 5874 5683
f 5763 5734 5735
f 5913 5716 5814
f 5856 5687 5791
f 5815 5614 5736
f 5614 5631 5736
f 5631 5737 5736
f 5532 5718 5765
f 5718 5632 5765
f 5769 5768 5794
f 5991 5692 5840
f 5877 5743 5770
f 5770 5743 5771
f 5915 5588 5895
f 5665 5694 5895
f 5694 5745 5895
f 5666 5535 6021
f 5667 5697 5881
f 6056 5746 5919
f 5518 5749 5798
f 5938 5702 5886
f 5886 5620 5774
f 5671 5672 5802
f 5904 5751 5862
f 5751 5726 5862
f 5726 5707 5862
f 5480 5752 6011
f 5826 5755 5827
f 5828 5676 5651
f 5831 5711 5832
f 5832 5602 5779
f 5809 5833 5808
f 5833 5809 6144
f 5729 5731 6017
f 5782 5783 5852
f 5985 5759 5971
f 5785 5853 5835
f 5890 5606 5732
f 5732 5760 5812
f 5812 5760 5761
f 5760 5761 5761
f 5761 5762 5761
f 5762 5733 5761
f 5789 5763 5892
f 5763 5790 5892
f 5790 5763 5735
f 5687 5688 5987
f 5737 5738 5736
f 5717 5532 5988
f 5532 5765 5988
f 5766 5767 5793
f 5859 5795 5951
f 5795 5740 5991
f 5840 5692 5741
f 5877 5770 5796
f 5770 5771 5796
f 5771 5743 5796
f 5796 5743 5744
f 5744 5772 5860
f 5860 5772 5915
f 5841 5638 5878
f 5878 5638 5818
f 5818 5695 5917
f 5820 5698 5897
f 5773 5882 5698
f 5723 5699 5821
f 5699 5594 5821
f 5823 5750 5901
f 5861 5978 5937
f 5725 5887 5774
f 5673 5803 6009
f 5862 5775 5804
f 5804 5775 5979
f 5599 5479 5905
f 5980 5645 5824
f 5864 5708 5753
f 5753 5906 5864
f 5825 5888 5846
f 6012 5865 5826
f 5847 5756 6013
f 6013 5756 5889
f 5889 5778 5868
f 5946 5868 5654
f 5711 5831 5909
f 5779 5728 5780
f 5780 5781 5807
f 5758 5811 6164
f 5869 5782 5852
f 5852 5783 5870
f 5870 5783 6099
f 5985 5783 5759
f 5783 5784 5759
f 5759 5785 5835
f 5853 5786 5930
f 5812 5761 5733
f 5871 5872 5836
f 5948 5855 5658
f 5681 5787 5658
f 5609 5813 5787
f 5949 5912 5891
f 5912 5788 5891
f 5837 5764 5893
f 5764 5790 5735
f 5791 5687 5987
f 5987 5688 5815
f 5815 5736 5987
f 5894 5792 5717
f 5767 5768 5769
f 5769 5794 5739
f 5950 5739 5816
f 6020 5817 5795
f 5840 5741 5876
f 5876 5742 5877
f 5877 5796 5744
f 5819 5797 5896
f 6101 5698 5882
f 5773 6056 5882
f 5821 5822 5922
f 6003 5823 5901
f 5936 5978 5861
f 5886 5774 6043
f 5887 5924 6007
f 6009 5803 5940
f 5940 5803 5941
f 5708 5864 6030
f 6107 5888 5754
f 5779 5780 5807
f 6144 5809 5850
f 5809 5810 5850
f 6051 5758 6164
f 5811 5758 5851
f 5851 5834 5910
f 5834 5730 5729
f 6147 5835 5853
f 5786 5656 5854
f 5930 5854 5890
f 5812 5733 5872
f 5813 5912 5787
f 5790 5764 5892
f 5892 5764 5837
f 5764 5735 5893
f 6126 5735 5913
f 5735 5734 5913
f 5913 5734 5838
f 5875 5814 5839
f 5894 5736 5738
f 5988 5793 5858
f 5858 5793 5769
f 5793 5767 5769
f 5739 5817 5816
f 6116 5840 5876
f 5914 5744 5860
f 5955 5841 5878
f 5881 5819 5896
f 5723 5821 5843
f 6042 5822 5900
f 5900 5822 5798
f 5798 5823 5923
f 5884 5883 5885
f 5801 5802 6175
f 5802 5672 6175
f 5941 5803 5845
f 5904 5862 6105
f 6010 5599 5905
f 6079 5905 6159
f 5980 5824 5929
f 6080 5929 5674
f 5907 5825 5846
f 5754 5777 5865
f 5866 5828 5651
f 5866 5651 5847
f 5829 5830 5847
f 5847 5830 5848
f 5848 5830 5848
f 5830 5829 5848
f 5829 5847 5908
f 5966 5868 5946
f 5654 5711 5946
f 5831 5832 5984
f 5808 5833 6144
f 5850 5810 6016
f 5910 5811 5851
f 5834 5729 5969
f 5759 5835 6147
f 5930 5786 5854
f 5890 5732 5871
f 5732 5812 5871
f 5836 5855 5948
f 6149 5787 6115
f 5873 5912 5949
f 5949 5789 5892
f 5892 5837 6018
f 5839 5686 5875
f 5738 5792 5894
f 5717 5988 5857
f 5952 5951 5991
f 5951 5795 5991
f 6036 5840 6116
f 5914 5877 5744
f 5720 5842 5879
f 5842 5880 5879
f 5821 5922 5934
f 5922 5822 6042
f 5823 6003 5923
f 5901 5750 6059
f 5903 5702 6005
f 6005 5702 5938
f 6026 5886 5960
f 5939 5774 5887
f 5800 5844 5924
f 5924 5844 5801
f 6175 5672 6009
f 5941 5845 6075
f 5862 5804 5979
f 6064 5925 5926
f 6011 5752 5980
f 6029 5708 6066
f 6177 6066 5708
f 6138 5776 5943
f 5776 5907 5943
f 5943 5907 6138
f 5847 5848 5866
f 5866 5848 5867
f 5848 5848 5867
f 5848 5829 5867
f 4195 5889 5868
f 5808 6109 5849
f 6109 5808 6144
f 6016 5810 5758
f 5729 6017 5969
f 5714 5869 6017
f 6017 5869 5970
f 5869 5852 5870
f 6052 6099 5783
f 5783 5985 6052
f 6147 5853 5930
f 5871 5812 5872
f 5658 5787 5911
f 5911 5787 6085
f 6085 5787 6054
f 6054 5787 6149
f 6115 5787 5912
f 6115 5912 5873
f 5893 5735 6126
f 5686 5856 5875
f 5791 5987 5856
f 5894 5717 5857
f 5769 5739 5950
f 6020 5795 5989
f 5795 5859 5989
f 6116 5876 5974
f 5876 5877 5914
f 5895 5666 5916
f 5666 6021 5916
f 6021 5841 5955
f 5956 5955 5878
f 5994 5897 5698
f 5843 5919 5723
f 5843 5821 5934
f 6059 5750 5883
f 5884 5885 6004
f 5887 5800 5924
f 6075 5845 5904
f 6077 5862 5979
f 5927 5863 5942
f 6080 5674 6029
f 5864 5906 5776
f 6012 5826 6081
f 6049 5827 5944
f 5866 5867 5908
f 5867 5829 5908
f 5908 5847 6013
f 4195 6013 5889
f 5832 5779 5807
f 5807 5781 6109
f 5781 5849 6109
f 5758 6051 6016
f 5910 5834 5968
f 5834 5969 5968
f 5971 5759 6147
f 6084 5871 5836
f 5891 5788 5949
f 5874 5789 5949
f 5837 5893 6018
f 6019 5893 5973
f 5973 5893 6126
f 5913 5814 5875
f 5875 5856 5987
f 5816 5817 6020
f 5859 6087 5989
f 5878 5818 5917
f 5917 5879 5880
f 5881 5896 5880
f 5797 5820 6040
f 5820 5897 5994
f 5994 5698 5918
f 5698 6101 5918
f 5898 5934 5899
f 5921 5934 5935
f 5934 5922 5935
f 5935 5922 6041
f 6041 5922 6042
f 5958 5923 6003
f 5885 5799 5978
f 5939 5887 6007
f 6175 6009 6136
f 5862 6077 6044
f 5962 5805 6027
f 5805 5927 6027
f 5942 5599 6010
f 6159 5905 5928
f 6030 5864 6048
f 5828 5866 5945
f 5866 5908 5945
f 5868 5966 4195
f 6068 5831 5984
f 5869 5870 6099
f 5873 5949 6018
f 5949 5788 5874
f 5987 5736 6192
f 6087 5859 5951
f 5974 5876 5953
f 5915 5895 6196
f 5975 5878 5957
f 5957 5878 5917
f 5934 5898 5920
f 5920 5898 5898
f 5898 5899 5898
f 5898 5899 5921
f 5899 5934 5921
f 6042 5900 5798
f 6042 5798 5923
f 5885 5902 6004
f 5937 5903 6102
f 5938 5886 6072
f 5886 6026 6072
f 6043 5774 5939
f 6008 5924 5801
f 6105 5862 6044
f 6027 5927 6158
f 6010 5905 6079
f 6177 5708 6221
f 6221 5708 6030
f 5754 5865 6012
f 6336 5944 5828
f 6013 4195 5963
f 5711 5909 5946
f 6067 5909 5831
f 6031 5832 5807
f 5967 5850 6110
f 5811 5910 5968
f 5931 5947 5932
f 5932 5947 5933
f 5947 5890 5933
f 5890 5871 5933
f 6053 5948 6227
f 5658 5911 6085
f 6018 5893 5986
f 5893 6019 5986
f 6126 5913 6166
f 6192 5736 6167
f 5736 5894 6167
f 5894 5857 5988
f 5988 5858 5769
f 6020 5989 6035
f 6087 5951 6055
f 5876 5914 5860
f 5860 5915 6196
f 5895 5916 5954
f 6021 5955 6022
f 5956 5878 5993
f 5993 5878 5975
f 5994 5918 6101
f 5919 5843 6056
f 5934 5920 5843
f 5843 5920 5995
f 5920 5898 5995
f 5898 5921 5995
f 5883 5884 6004
f 5885 5978 5902
f 5936 5937 6102
f 5886 6043 5960
f 6009 5940 5941
f 6075 5904 6063
f 6064 5926 6046
f 6046 5926 5962
f 6010 5927 5942
f 6120 6011 6028
f 6028 6011 5980
f 5980 5929 6080
f 6029 6066 6106
f 6048 5776 6094
f 5776 6138 6094
f 5907 5846 6107
f 5846 5888 6107
f 6081 5826 6140
f 5826 5827 6049
f 6049 5944 6336
f 6067 5831 6108
f 5984 5832 6031
f 6144 5850 5967
f 6110 5850 6016
f 6258 6099 6052
f 5930 5890 6032
f 5947 5931 5932
f 5931 5932 5932
f 5932 5933 5932
f 5933 5871 5932
f 6084 5836 5948
f 6085 6227 5658
f 6227 5948 5658
f 5769 5950 5988
f 5951 5952 5990
f 5953 5876 5860
f 6196 5895 6169
f 6153 5895 5954
f 5954 5916 6021
f 6117 5896 5797
f 5921 5935 5995
f 5995 5935 6041
f 6002 6042 5923
f 6003 5901 6059
f 6059 5883 6004
f 5978 5936 5959
f 5861 5937 5936
f 6102 5903 6005
f 6005 5938 6072
f 6026 5960 6104
f 6007 5924 5961
f 5979 5925 6077
f 6077 5925 6045
f 6157 5925 6064
f 6095 5907 6107
f 5828 5945 6013
f 5945 5908 6013
f 5964 5964 5965
f 5964 5963 5965
f 5965 5963 4195
f 4195 5966 6123
f 5966 5946 6098
f 6108 5831 6068
f 6225 6164 5811
f 6225 5811 5968
f 5930 6032 6147
f 6032 5890 6033
f 5932 5871 5947
f 5947 5871 6084
f 6084 5948 6053
f 6115 5873 6086
f 5949 5892 5972
f 5892 6018 5972
f 5950 5816 5988
f 6055 5951 6168
f 5952 6129 5990
f 6129 5952 5991
f 5840 6036 5992
f 5974 5953 6037
f 5953 5860 6037
f 5954 6021 6153
f 5917 5880 5957
f 5880 5896 6117
f 6088 6101 5882
f 6056 5843 6057
f 6216 5843 5995
f 5976 6041 5998
f 5958 6002 5923
f 6104 5960 6006
f 6043 5939 6007
f 5961 5924 6008
f 5801 6175 6008
f 6008 6175 6118
f 6063 5904 6105
f 6045 5925 6157
f 6046 5962 6218
f 5962 6078 6218
f 6201 5927 6010
f 6048 5864 5776
f 6138 5907 6095
f 6050 5828 6013
f 6013 5963 6050
f 6050 5963 5981
f 5963 5964 5981
f 5964 5964 5981
f 5981 5964 6050
f 5964 5965 6050
f 6050 5965 5982
f 5965 4195 5982
f 6143 6068 5984
f 6144 5967 6110
f 5969 6017 5968
f 6017 5970 6083
f 6111 5869 6099
f 5971 6147 6114
f 5947 6033 5890
f 6086 5873 5986
f 5986 5873 6018
f 5949 5972 6018
f 6166 5913 5875
f 6168 5951 5990
f 5991 5840 6129
f 5895 6153 6169
f 5993 5975 5957
f 6117 5797 6040
f 6171 6040 5820
f 6215 5820 5994
f 6041 5976 6024
f 6024 5976 5996
f 5976 5977 5996
f 5996 5977 5977
f 5977 5977 5997
f 5977 5976 5997
f 5997 5976 5998
f 6155 6000 5999
f 5999 6000 6000
f 6000 6001 6000
f 6000 6001 5998
f 5998 6041 6042
f 5902 5978 6133
f 6133 5978 5959
f 6093 6009 6075
f 6009 5941 6075
f 6065 5928 6011
f 6047 5980 6137
f 6096 5754 6012
f 5826 6049 6140
f 6097 5828 6050
f 6050 5982 6014
f 5982 5983 6014
f 6014 5983 5983
f 5983 5983 6015
f 5983 5982 6015
f 5982 4195 6015
f 6015 4195 6097
f 6123 5966 6141
f 5946 5909 6067
f 6143 5984 6082
f 5807 6109 6031
f 6069 6017 6083
f 6052 5985 6112
f 5985 5971 6114
f 5947 6084 6033
f 6182 5986 6019
f 6150 5875 6034
f 6034 5875 5987
f 6034 5987 6245
f 5894 5988 6167
f 6035 5989 6128
f 6128 5989 6087
f 5840 5992 6129
f 6037 5860 6196
f 6153 6021 6022
f 6070 5957 6117
f 5957 5880 6117
f 6056 6057 6089
f 5996 5977 6024
f 5977 5997 6024
f 5997 5998 6024
f 6024 5998 6025
f 5998 6001 6025
f 6001 6000 6025
f 6025 6000 6155
f 6155 5999 6042
f 5999 6000 6042
f 6000 5998 6042
f 6002 5958 6042
f 6058 5958 6071
f 5958 6003 6071
f 6173 5936 6102
f 6102 6005 6103
f 6072 6026 6091
f 6091 6026 6104
f 6043 6007 6060
f 5961 6008 6217
f 6157 6064 6218
f 6158 5927 6201
f 5928 6065 6159
f 6011 6120 6065
f 6336 5828 6097
f 6050 6014 6097
f 6014 5983 6097
f 5983 6015 6097
f 6098 5946 6067
f 6110 6016 6051
f 6225 5968 6017
f 6083 5970 6111
f 5970 5869 6111
f 6019 5973 6182
f 5988 5816 6167
f 6116 5974 6037
f 6130 5956 6038
f 5956 6023 6038
f 6038 6023 6023
f 6023 6023 6039
f 6023 5956 6039
f 6039 5956 6070
f 5993 5957 5956
f 6171 5820 6215
f 6088 5882 6185
f 6185 5882 6056
f 6216 5995 6041
f 6024 6025 6155
f 6004 5902 6133
f 5959 5936 6173
f 6005 6072 6134
f 5962 6027 6158
f 6028 5980 6047
f 6137 5980 6080
f 6066 6177 6202
f 6221 6030 6048
f 6107 5754 6096
f 6181 6109 6144
f 6164 6110 6051
f 6225 6017 6069
f 6146 6083 6322
f 6113 6112 5985
f 6114 6147 6113
f 6243 6085 6054
f 6243 6054 6149
f 6115 6086 6100
f 6166 5875 6150
f 6245 5987 6231
f 5987 6192 6231
f 5816 6020 6167
f 6167 6020 6128
f 6020 6035 6128
f 6116 6037 6211
f 6247 5955 6213
f 5955 5956 6130
f 6130 6038 6070
f 6038 6023 6070
f 6023 6039 6070
f 6041 6024 6216
f 6042 5958 6058
f 6071 6003 4194
f 6003 6059 4194
f 6059 6004 6090
f 6090 6004 6133
f 5960 6043 6006
f 6006 6043 6092
f 6043 6060 6073
f 6061 6061 6062
f 6061 6007 6062
f 6007 5961 6062
f 6136 6009 6199
f 6199 6009 6093
f 6235 6075 6063
f 6076 6105 6044
f 6077 6045 6157
f 6064 6046 6218
f 6120 6028 6047
f 6080 6029 6137
f 6137 6029 6237
f 6106 6066 6202
f 6221 6048 6178
f 6178 6048 6222
f 6222 6048 6094
f 6161 6095 6107
f 6107 6096 6139
f 6096 6012 6081
f 6187 6031 6109
f 6270 6144 6110
f 6147 6032 6033
f 6084 6053 6242
f 6086 5986 6165
f 6278 6192 6167
f 5990 6129 6151
f 6129 5992 6194
f 6022 5955 6247
f 6213 5955 6154
f 6154 5955 6214
f 5956 5957 6070
f 6215 5994 6101
f 6185 6056 6089
f 6089 6057 5843
f 6156 6102 6103
f 6103 6005 6134
f 6134 6072 6135
f 6060 6007 6074
f 6007 6061 6074
f 6061 6061 6074
f 6074 6061 6217
f 6061 6062 6217
f 6062 5961 6217
f 6008 6118 6217
f 6044 6077 6176
f 6010 6079 6254
f 6120 6047 6137
f 6237 6029 6220
f 6140 6049 6336
f 6097 4195 6123
f 6068 6143 6108
f 6082 5984 6031
f 6110 6205 6145
f 6271 6225 6069
f 6113 5985 6114
f 6242 6053 6227
f 6182 5973 6126
f 6087 6055 6168
f 6037 6195 6211
f 6195 6037 6196
f 6214 5955 6130
f 6089 5843 6185
f 5843 6216 6185
f 6216 6024 6155
f 6058 6071 4194
f 6043 6073 6060
f 6074 6217 6060
f 6093 6075 6235
f 6235 6063 6105
f 6176 6076 6044
f 6077 6157 6176
f 5962 6158 6265
f 6254 6079 6159
f 6160 6065 6120
f 6120 6137 6121
f 6220 6029 6106
f 6285 6122 6106
f 6287 6336 6097
f 6143 6082 6031
f 6143 6031 6187
f 6270 6110 6145
f 6240 6271 6069
f 6322 6083 6111
f 5990 6151 6168
f 6152 5992 6116
f 5992 6036 6116
f 6116 6211 6152
f 6040 6171 6117
f 6101 6088 6313
f 6313 6088 6185
f 6155 6042 6058
f 6072 6091 6174
f 6174 6091 6104
f 6006 6092 6043
f 6043 6060 6217
f 6281 6136 6199
f 6105 6076 6264
f 6094 6138 6396
f 6139 6161 6107
f 6305 6266 6096
f 6224 6108 6143
f 6292 6099 6258
f 6052 6112 6258
f 6147 6033 6148
f 6148 6033 6125
f 6033 6084 6125
f 6100 6086 6165
f 6127 6166 6150
f 6263 6169 6153
f 6070 6117 6171
f 6215 6101 6280
f 6155 6058 6198
f 6131 6058 4194
f 6172 6059 6090
f 6173 6102 6156
f 6104 6006 6217
f 6217 6006 6043
f 6281 6175 6136
f 6235 6105 6264
f 6219 6218 6078
f 6201 6010 6119
f 6119 6010 6254
f 6159 6065 6160
f 6220 6106 6122
f 6285 6106 6202
f 6094 6396 6222
f 6305 6081 6140
f 6097 6179 6287
f 5966 6098 6141
f 6098 6067 6141
f 6067 6108 6223
f 6204 6181 6144
f 6205 6110 6188
f 6083 6146 6069
f 6111 6099 6292
f 6189 6147 6148
f 6149 6115 6260
f 6260 6115 6100
f 5986 6182 6207
f 6191 6034 6245
f 6297 6245 6231
f 6153 6247 6170
f 6153 6022 6247
f 6070 6214 6130
f 6198 6058 6131
f 4194 6059 6172
f 6172 6090 6132
f 6133 5959 6186
f 5959 6173 6234
f 6217 6118 6175
f 6078 5962 6265
f 6201 6119 6254
f 6120 6121 6334
f 6095 6161 6138
f 6139 6096 6266
f 6097 6123 6203
f 6143 6124 6224
f 6124 6143 6239
f 6187 6109 6181
f 6110 6164 6188
f 6258 6112 6259
f 6085 6243 6206
f 6165 5986 6207
f 6182 6126 6166
f 6166 6127 6150
f 6167 6128 6087
f 6151 6129 6210
f 6129 6194 6210
f 6246 6153 6212
f 6212 6153 6170
f 6280 6101 6313
f 6090 6133 6186
f 6134 6135 6367
f 6104 6217 6174
f 6315 6157 6218
f 6284 6122 6285
f 6396 6138 6161
f 6358 6139 6266
f 6305 6096 6081
f 6179 6097 6203
f 6141 6142 6162
f 6162 6142 6142
f 6142 6142 6163
f 6142 6141 6163
f 6163 6141 6318
f 6141 6067 6223
f 6239 6143 6187
f 6270 6145 6205
f 6259 6112 6273
f 6147 6189 6113
f 6166 6150 6274
f 6167 6087 6168
f 6168 6151 6210
f 5992 6152 6194
f 6194 6152 6211
f 6262 6232 6195
f 6195 6196 6262
f 6263 6153 6246
f 6214 6070 6312
f 6070 6171 6312
f 6279 6215 6249
f 6249 6215 6280
f 6216 6155 6314
f 6366 6155 6198
f 6198 6131 4194
f 6132 6090 6186
f 6103 6134 6367
f 6135 6072 6174
f 6264 6076 6252
f 6076 6176 6252
f 6302 6157 6315
f 6158 6201 6200
f 6160 6120 6334
f 6220 6122 6284
f 6202 6177 6372
f 6286 6178 6222
f 6161 6139 6358
f 6123 6141 6180
f 6141 6162 6318
f 6162 6142 6318
f 6142 6163 6318
f 6318 6141 6223
f 6223 6108 6224
f 6187 6181 6374
f 6204 6144 6270
f 6272 6271 6240
f 6240 6069 6337
f 6273 6112 6294
f 6294 6112 6113
f 6125 6084 6242
f 6227 6085 6206
f 6296 6243 6361
f 6149 6260 6243
f 6100 6165 6207
f 6182 6166 6274
f 6274 6150 6183
f 6183 6150 6244
f 6244 6150 6034
f 6230 6363 6245
f 6167 6168 6184
f 6184 6168 6193
f 6232 6331 6211
f 6233 6154 6214
f 6198 4194 6342
f 4194 6172 6342
f 6333 6217 6281
f 6217 6175 6281
f 6265 6158 6200
f 6283 6254 6159
f 6303 6159 6160
f 6334 6121 6137
f 6286 6177 6221
f 6221 6178 6286
f 6203 6123 6288
f 6123 6180 6288
f 6180 6141 6288
f 6308 6270 6205
f 6189 6148 6125
f 6207 6182 6274
f 6244 6034 6191
f 6229 6191 6245
f 6231 6192 6379
f 6167 6184 6193
f 6232 6211 6195
f 6196 6169 6262
f 6212 6170 6451
f 6300 6197 6247
f 6213 6154 6248
f 6233 6214 6248
f 6312 6171 6215
f 6314 6155 6366
f 6342 6172 6132
f 6186 5959 6234
f 6250 6173 6156
f 6344 6199 6093
f 6251 6093 6235
f 6282 6176 6157
f 6347 6200 6201
f 6395 6286 6222
f 6396 6161 6357
f 6305 6140 6336
f 6288 6287 6203
f 6287 6179 6203
f 6288 6141 6318
f 6224 6124 6238
f 6239 6187 6374
f 6374 6181 6204
f 6146 6322 6069
f 6322 6111 6292
f 6294 6113 6226
f 6113 6189 6125
f 6295 6227 6377
f 6377 6227 6206
f 6377 6206 6243
f 6361 6243 6260
f 6260 6100 6207
f 6244 6190 6208
f 6208 6190 6209
f 6209 6190 6244
f 6244 6191 6229
f 6229 6245 6351
f 6230 6245 6297
f 6379 6192 6278
f 6278 6167 6298
f 6451 6247 6352
f 6247 6197 6352
f 6311 6300 6247
f 6247 6213 6311
f 6234 6173 6250
f 6367 6135 6174
f 6343 6174 6217
f 6281 6199 6368
f 6264 6252 6345
f 6346 6252 6176
f 6219 6078 6253
f 6253 6078 6265
f 6283 6159 6303
f 6285 6202 6372
f 6372 6177 6286
f 6358 6357 6161
f 6224 6238 6269
f 6205 6188 6375
f 6164 6225 6271
f 6272 6240 6257
f 6241 6292 6258
f 6323 6258 6259
f 6260 6207 6274
f 6244 6208 6209
f 6208 6209 6209
f 6209 6209 6228
f 6228 6209 6229
f 6209 6244 6229
f 6297 6231 6379
f 6298 6167 6193
f 6168 6210 6193
f 6194 6211 6331
f 6262 6169 6263
f 6246 6212 6381
f 6381 6212 6451
f 6170 6247 6451
f 6248 6154 6233
f 6312 6215 6279
f 6301 6185 6216
f 6132 6186 6342
f 6343 6217 6355
f 6355 6217 6333
f 6346 6176 6282
f 6282 6157 6302
f 6315 6218 6418
f 6334 6303 6160
f 6236 6334 6137
f 6237 6220 6304
f 6304 6220 6284
f 6395 6222 6316
f 6290 6223 6224
f 6319 6224 6269
f 6124 6239 6321
f 6321 6239 6374
f 6374 6204 6270
f 6291 6188 6271
f 6188 6164 6271
f 6242 6227 6295
f 6448 6260 6261
f 6310 6183 6244
f 6244 6209 6310
f 6209 6228 6310
f 6310 6228 6229
f 6351 6245 6363
f 6210 6194 6193
f 6380 6262 6263
f 6312 6248 6214
f 6249 6280 6389
f 6313 6185 6301
f 6216 6314 6390
f 6333 6281 6368
f 6344 6093 6251
f 6383 6253 6371
f 6253 6265 6371
f 6283 6201 6254
f 6334 6236 6255
f 6255 6236 6137
f 6137 6237 6304
f 6222 6396 6316
f 6440 6266 6317
f 6305 6336 6492
f 6397 6287 6567
f 6567 6287 6288
f 6256 6223 6290
f 6238 6124 6321
f 6374 6270 6360
f 6270 6308 6360
f 6458 6308 6205
f 6257 6240 6337
f 6292 6241 6350
f 6241 6258 6350
f 6226 6113 6294
f 6125 6242 6329
f 6511 6242 6295
f 6295 6377 6447
f 6377 6243 6296
f 6260 6274 6362
f 6274 6183 6362
f 6193 6194 6331
f 6263 6246 6380
f 6299 6197 6300
f 6213 6248 6311
f 6341 6312 6279
f 6366 6198 6342
f 6342 6186 6234
f 6367 6174 6343
f 6344 6251 6235
f 6418 6218 6219
f 6419 6265 6347
f 6265 6200 6347
f 6348 6284 6285
f 6317 6266 6305
f 6384 6223 6267
f 6223 6256 6267
f 6256 6256 6267
f 6289 6267 6268
f 6267 6256 6268
f 6256 6256 6268
f 6256 6290 6268
f 6290 6224 6319
f 6238 6321 6349
f 6337 6069 6322
f 6323 6259 6273
f 6113 6125 6329
f 6260 6448 6361
f 6362 6183 6310
f 6275 6276 6229
f 6229 6276 6277
f 6277 6276 6276
f 6276 6275 6276
f 6276 6275 6330
f 6275 6229 6330
f 6229 6351 6330
f 6414 6379 6278
f 6248 6353 6311
f 6313 6435 6389
f 6390 6301 6216
f 6342 6234 6250
f 6368 6199 6344
f 6418 6219 6383
f 6201 6283 6347
f 6255 6137 6304
f 6284 6348 6490
f 6536 6372 6286
f 6335 6316 6396
f 6358 6266 6373
f 6373 6266 6440
f 6397 6336 6287
f 6318 6223 6384
f 6267 6289 6384
f 6268 6290 6289
f 6349 6321 6385
f 6386 6374 6360
f 6291 6271 6460
f 6460 6271 6272
f 6443 6322 6292
f 6292 6350 6443
f 6350 6258 6323
f 6273 6294 6293
f 6309 6294 6113
f 6329 6242 6511
f 6261 6260 6362
f 6310 6229 6340
f 6229 6277 6340
f 6340 6277 6330
f 6277 6276 6330
f 6364 6414 6278
f 6364 6278 6298
f 6405 6246 6381
f 6197 6299 6352
f 6416 6299 6300
f 6406 6300 6311
f 6248 6312 6353
f 6280 6313 6389
f 6332 6342 6250
f 6436 6367 6563
f 6369 6264 6345
f 6345 6252 6369
f 6383 6219 6253
f 6393 6303 6356
f 6489 6303 6334
f 6348 6285 6372
f 6398 6288 6318
f 6384 6289 6290
f 6307 6306 6269
f 6306 6319 6269
f 6401 6205 6375
f 6323 6273 6410
f 6293 6294 6309
f 6309 6113 6329
f 6362 6310 6340
f 6230 6297 6379
f 6364 6298 6193
f 6331 6232 6429
f 6232 6262 6429
f 6430 6262 6380
f 6434 6279 6249
f 6313 6301 6390
f 6250 6156 6502
f 6436 6156 6103
f 6344 6235 6408
f 6408 6235 6264
f 6408 6264 6369
f 6369 6252 6437
f 6302 6315 6370
f 6315 6418 6370
f 6347 6283 6393
f 6283 6303 6393
f 6356 6303 6489
f 6490 6255 6284
f 6255 6304 6284
f 6335 6395 6316
f 6317 6305 6508
f 6643 6318 6384
f 6359 6384 6319
f 6384 6290 6319
f 6319 6306 6359
f 6359 6306 6307
f 6306 6307 6307
f 6307 6307 6320
f 6320 6307 6269
f 6360 6308 6458
f 6458 6205 6401
f 6460 6272 6257
f 6460 6257 6337
f 6337 6322 6461
f 6461 6322 6443
f 6402 6273 6324
f 6325 6324 6326
f 6324 6273 6326
f 6326 6273 6293
f 6327 6327 6328
f 6327 6293 6328
f 6293 6309 6328
f 6365 6331 6428
f 6428 6331 6480
f 6431 6430 6380
f 6380 6246 6405
f 6352 6299 6481
f 6406 6311 6353
f 6353 6312 6341
f 6382 6390 6314
f 6502 6156 6436
f 6437 6252 6346
f 6282 6302 6370
f 6371 6265 6419
f 6488 6347 6505
f 6334 6255 6489
f 6536 6286 6395
f 6357 6358 6420
f 6508 6305 6492
f 6398 6318 6643
f 6307 6320 6359
f 6359 6320 6269
f 6269 6238 6349
f 6399 6349 6385
f 6321 6374 6421
f 6188 6291 6460
f 6476 6460 6337
f 6410 6273 6402
f 6402 6324 6325
f 6324 6325 6325
f 6325 6325 6338
f 6325 6326 6338
f 6338 6326 6339
f 6326 6293 6339
f 6293 6327 6339
f 6327 6327 6339
f 6327 6328 6339
f 6339 6328 6309
f 6448 6261 6362
f 6340 6330 6351
f 6363 6230 6413
f 6193 6331 6365
f 6480 6331 6429
f 6434 6249 6389
f 6332 6250 6502
f 6103 6367 6436
f 6396 6357 6420
f 6358 6373 6420
f 6440 6317 6409
f 6409 6317 6508
f 6567 6288 6398
f 6385 6321 6421
f 6375 6188 6460
f 6402 6325 6376
f 6325 6338 6376
f 6338 6339 6376
f 6339 6309 6376
f 6376 6309 6329
f 6500 6295 6447
f 6362 6340 6412
f 6340 6351 6412
f 6449 6351 6363
f 6429 6262 6430
f 6407 6341 6434
f 6341 6279 6434
f 6435 6313 6390
f 6342 6332 6391
f 6367 6343 6392
f 6368 6344 6408
f 6419 6383 6371
f 6419 6347 6488
f 6505 6347 6524
f 6490 6348 6372
f 6492 6336 6397
f 6359 6269 6384
f 6269 6349 6384
f 6360 6458 6457
f 6401 6375 6497
f 6387 6230 6378
f 6378 6230 6379
f 6414 6364 6403
f 6364 6193 6365
f 6433 6352 6452
f 6481 6299 6416
f 6416 6300 6406
f 6314 6366 6354
f 6343 6355 6547
f 6346 6282 6370
f 6418 6383 6591
f 6490 6489 6255
f 6440 6420 6373
f 6386 6360 6441
f 6443 6350 6462
f 6323 6410 6350
f 6296 6361 6501
f 6411 6448 6362
f 6449 6363 6413
f 6230 6387 6413
f 6403 6364 6450
f 6364 6467 6450
f 6364 6522 6467
f 6585 6364 6404
f 6364 6365 6404
f 6352 6433 6432
f 6415 6452 6352
f 6415 6352 6481
f 6482 6481 6416
f 6483 6366 6577
f 6577 6366 6342
f 6333 6368 6454
f 6408 6369 6455
f 6394 6356 6489
f 6525 6335 6396
f 6384 6349 6399
f 6385 6421 6400
f 6421 6374 6386
f 6441 6360 6457
f 6402 6376 6426
f 6377 6296 6447
f 6448 6411 6655
f 6412 6351 6449
f 6378 6379 6621
f 6429 6430 6529
f 6431 6380 6405
f 6405 6381 6451
f 6451 6352 6388
f 6388 6352 6432
f 6382 6314 6546
f 6546 6314 6354
f 6354 6366 6483
f 6469 6342 6391
f 6392 6343 6547
f 6547 6355 6485
f 6333 6454 6355
f 6454 6368 6408
f 6346 6370 6504
f 6438 6370 6418
f 6506 6347 6393
f 6395 6335 6439
f 6398 6643 6567
f 6497 6375 6460
f 6476 6337 6461
f 6350 6425 6422
f 6425 6350 6410
f 6410 6402 6426
f 6376 6329 6426
f 6500 6511 6295
f 6387 6378 6427
f 6621 6379 6521
f 6521 6379 6414
f 6522 6364 6585
f 6431 6405 6451
f 6451 6388 6432
f 6353 6341 6407
f 6434 6389 6435
f 6435 6390 6545
f 6545 6390 6546
f 6390 6382 6546
f 6577 6342 6469
f 6391 6332 6589
f 6589 6332 6502
f 6417 6437 6611
f 6437 6346 6504
f 6439 6335 6525
f 6397 6567 6553
f 6475 6401 6594
f 6401 6497 6594
f 6462 6350 6422
f 6465 6329 6511
f 6512 6413 6387
f 6414 6403 6450
f 6480 6365 6428
f 6468 6451 6542
f 6451 6432 6542
f 6415 6481 6453
f 6416 6406 6353
f 6353 6407 6514
f 6455 6369 6437
f 6591 6383 6487
f 6394 6489 6507
f 6516 6420 6440
f 6537 6409 6517
f 6458 6401 6475
f 6497 6460 6442
f 6422 6425 6423
f 6423 6425 6424
f 6410 6426 6425
f 6411 6362 6412
f 6449 6413 6512
f 6512 6387 6466
f 6452 6415 6453
f 6481 6482 6453
f 6502 6436 6563
f 6563 6367 6392
f 6590 6392 6547
f 6454 6408 6486
f 6383 6419 6487
f 6487 6419 6488
f 6524 6347 6506
f 6536 6395 6580
f 6395 6439 6580
f 6396 6420 6516
f 6440 6409 6537
f 6460 6476 6526
f 6444 6462 6499
f 6462 6422 6499
f 6422 6423 6445
f 6445 6423 6423
f 6423 6424 6423
f 6423 6424 6446
f 6424 6425 6446
f 6447 6296 6540
f 6411 6412 6512
f 6466 6387 6427
f 6519 6427 6378
f 6378 6621 6520
f 6480 6429 6529
f 6529 6430 6587
f 6432 6433 6532
f 6482 6416 6353
f 6514 6482 6353
f 6434 6435 6515
f 6484 6563 6392
f 6485 6355 6454
f 6486 6408 6578
f 6503 6578 6408
f 6503 6437 6417
f 6611 6437 6504
f 6504 6370 6611
f 6438 6418 6591
f 6393 6356 6506
f 6356 6507 6506
f 6356 6394 6507
f 6489 6490 6551
f 6490 6372 6491
f 6525 6396 6516
f 6517 6409 6508
f 6385 6400 6421
f 6456 6386 6472
f 6386 6441 6472
f 6472 6441 6457
f 6461 6443 6462
f 6463 6462 6464
f 6462 6444 6464
f 6499 6422 6446
f 6422 6445 6446
f 6445 6423 6446
f 6511 6500 6571
f 6500 6447 6571
f 6447 6540 6572
f 6501 6361 6448
f 6412 6449 6512
f 6519 6378 6520
f 6706 6521 6414
f 6559 6414 6467
f 6414 6450 6467
f 6404 6365 6480
f 6451 6468 6431
f 6433 6452 6453
f 6407 6434 6515
f 6485 6454 6564
f 6408 6455 6503
f 6455 6437 6503
f 6580 6439 6525
f 6516 6440 6537
f 6593 6492 6397
f 6384 6399 6385
f 6421 6386 6470
f 6386 6456 6470
f 6470 6456 6456
f 6456 6456 6471
f 6456 6472 6471
f 6473 6473 6474
f 6473 6472 6474
f 6539 6474 6457
f 6474 6472 6457
f 6539 6457 6459
f 6458 6459 6457
f 6494 6458 6475
f 6568 6475 6594
f 6460 6526 6442
f 6476 6461 6477
f 6477 6461 6526
f 6526 6461 6527
f 6527 6461 6478
f 6461 6462 6478
f 6462 6463 6478
f 6478 6463 6463
f 6463 6464 6463
f 6463 6464 6444
f 6446 6425 6426
f 6571 6447 6572
f 6540 6296 6501
f 6448 6655 6554
f 6559 6706 6414
f 6541 6430 6431
f 6431 6468 6530
f 6542 6432 6543
f 6543 6432 6532
f 6546 6354 6483
f 6523 6483 6577
f 6469 6391 6577
f 6563 6484 6533
f 6370 6438 6611
f 6507 6489 6535
f 6489 6551 6535
f 6421 6470 6510
f 6470 6456 6510
f 6456 6471 6510
f 6471 6472 6510
f 6510 6472 6538
f 6472 6473 6538
f 6538 6473 6493
f 6473 6473 6493
f 6493 6473 6539
f 6473 6474 6539
f 6459 6458 6518
f 6458 6494 6518
f 6494 4193 6518
f 6518 4193 6495
f 4193 6495 6495
f 6495 6495 6496
f 6495 4193 6496
f 4193 6494 6496
f 6494 6475 6496
f 6496 6475 6568
f 6497 6442 6498
f 6476 6477 6526
f 6478 6463 6527
f 6463 6444 6527
f 6499 6446 6426
f 6329 6465 6426
f 6465 6511 6426
f 6501 6448 6554
f 6584 6512 6466
f 6585 6404 6479
f 6587 6430 6541
f 6468 6542 6513
f 6453 6482 6532
f 6514 6407 6515
f 6601 6589 6502
f 6601 6563 6661
f 6661 6563 6533
f 6533 6484 6392
f 6454 6486 6564
f 6611 6438 6612
f 6487 6488 6614
f 6524 6506 6549
f 6491 6372 6592
f 6592 6372 6536
f 6508 6492 6593
f 6384 6385 6509
f 6493 6539 6538
f 6518 6495 6568
f 6495 6496 6568
f 6498 6442 6526
f 6527 6444 6582
f 6444 6499 6582
f 6426 6511 6619
f 6540 6501 6631
f 6655 6411 6512
f 6466 6427 6519
f 6608 6467 6522
f 6541 6431 6576
f 6433 6453 6532
f 6546 6483 6660
f 6660 6483 6523
f 6547 6485 6564
f 6578 6503 6417
f 6612 6438 6591
f 6565 6548 6487
f 6614 6488 6505
f 6505 6524 6679
f 6506 6507 6534
f 6490 6491 6592
f 6581 6525 6516
f 6605 6397 6553
f 6384 6509 6606
f 6509 6385 6606
f 6538 6539 6510
f 6568 6594 6682
f 6497 6498 6594
f 6528 6655 6512
f 6620 6519 6520
f 6574 6479 6404
f 6561 6431 6530
f 6542 6531 6513
f 6514 6515 6600
f 6515 6435 6545
f 6564 6486 6662
f 6417 6611 6642
f 6612 6591 6687
f 6591 6487 6548
f 6552 6525 6669
f 6525 6604 6669
f 6537 6517 6681
f 6643 6384 6606
f 6606 6385 6630
f 6385 6421 6510
f 6539 6459 6617
f 6459 6518 6617
f 6499 6426 6570
f 6501 6554 6654
f 6584 6655 6528
f 6466 6519 6555
f 6621 6521 6556
f 6556 6521 6706
f 6608 6522 6585
f 6623 6585 6673
f 6673 6585 6479
f 6574 6404 6480
f 6431 6561 6576
f 6531 6542 6513
f 6562 6542 6543
f 6638 6543 6532
f 6482 6544 6532
f 6600 6515 6588
f 6588 6515 6545
f 6639 6577 6391
f 6391 6589 6601
f 6533 6392 6590
f 6578 6417 6627
f 6565 6487 6614
f 6679 6524 6566
f 6549 6506 6550
f 6550 6506 6602
f 6534 6507 6603
f 6603 6507 6535
f 6551 6490 6592
f 6580 6525 6552
f 6581 6516 6537
f 6593 6397 6605
f 6567 6643 6616
f 6630 6385 6510
f 6617 6518 6568
f 6498 6526 6569
f 6526 6527 6582
f 6572 6607 6511
f 6607 6619 6511
f 6761 6655 6583
f 6583 6655 6584
f 6620 6520 6621
f 6560 6559 6467
f 6587 6541 6609
f 6601 6502 6563
f 6614 6505 6679
f 6566 6524 6711
f 6711 6524 6550
f 6524 6549 6550
f 6506 6534 6603
f 6551 6592 6535
f 6615 6536 6580
f 6508 6593 6704
f 6510 6539 6617
f 6594 6498 6569
f 6426 6619 6570
f 6572 6540 6631
f 6528 6512 6584
f 6555 6519 6620
f 6557 6558 6557
f 6558 6559 6557
f 6560 6467 6608
f 6596 6623 6673
f 6574 6480 6586
f 6480 6529 6634
f 6529 6587 6634
f 6575 6541 6576
f 6561 6530 6468
f 6542 6562 6513
f 6562 6543 6598
f 6598 6543 6638
f 6532 6544 6599
f 6544 6482 6514
f 6588 6546 6660
f 6590 6547 6676
f 6662 6486 6578
f 6677 6417 6642
f 6687 6591 6579
f 6663 6591 6565
f 6591 6548 6565
f 6663 6565 6614
f 6602 6506 6603
f 6603 6535 6689
f 6580 6552 6669
f 6517 6508 6704
f 6572 6511 6571
f 6631 6501 6654
f 6584 6466 6555
f 6558 6557 6559
f 6559 6557 6573
f 6557 6557 6573
f 6557 6559 6573
f 6559 6560 6622
f 6586 6480 6685
f 6597 6541 6575
f 6576 6561 6626
f 6561 6468 6626
f 6545 6546 6588
f 6651 6590 6676
f 6547 6564 6676
f 6592 6536 6615
f 6581 6537 6604
f 6670 6537 6681
f 6605 6553 6616
f 6553 6567 6616
f 6630 6510 6617
f 6617 6568 6682
f 6569 6682 6594
f 6499 6570 6582
f 6654 6554 6655
f 6624 6673 6574
f 6673 6479 6574
f 6625 6587 6609
f 6575 6576 6610
f 6610 6576 6626
f 6598 6513 6562
f 6544 6514 6600
f 6523 6577 6639
f 6391 6601 6697
f 6707 6533 6590
f 6707 6590 6651
f 6662 6578 6627
f 6677 6627 6417
f 6689 6535 6592
f 6615 6580 6668
f 6525 6581 6604
f 6604 6537 6629
f 6771 6643 6606
f 6569 6526 6582
f 6724 6572 6631
f 6583 6584 6555
f 6672 6555 6620
f 6621 6556 6706
f 6706 6559 6622
f 6608 6585 6595
f 6650 6587 6625
f 6597 6575 6541
f 6541 6575 6610
f 6468 6513 6638
f 6638 6513 6598
f 6600 6588 6695
f 6662 6676 6564
f 6642 6611 6678
f 6591 6663 6579
f 6679 6566 6711
f 6689 6592 6652
f 6592 6615 6653
f 6690 6615 6668
f 6668 6580 6669
f 6664 6629 6537
f 6630 6617 6671
f 6683 6619 6607
f 6684 6572 6724
f 6623 6596 6673
f 6596 6673 6632
f 6649 6634 6587
f 6686 6532 6599
f 6544 6600 6702
f 6660 6523 6674
f 6667 6601 6661
f 6661 6533 6707
f 6687 6579 6613
f 6614 6679 6720
f 6711 6550 6628
f 6602 6603 6689
f 6669 6604 6691
f 6664 6537 6670
f 6593 6605 6616
f 6665 6630 6671
f 6759 6682 6569
f 6618 6582 6570
f 6570 6619 6683
f 6683 6607 6572
f 6672 6761 6555
f 6761 6583 6555
f 6560 6608 6622
f 6622 6608 6693
f 6608 6595 6693
f 6656 6574 6586
f 6656 6586 6685
f 6685 6480 6634
f 6625 6609 6694
f 6610 6626 6541
f 6626 6468 6638
f 6639 6391 6697
f 6640 6601 6667
f 6709 6662 6627
f 6735 6627 6677
f 6611 6612 6678
f 6612 6687 6678
f 6550 6602 6628
f 6712 6681 6517
f 6671 6617 6682
f 6582 6618 6569
f 6618 6570 6569
f 6672 6620 6644
f 6693 6595 6585
f 6585 6623 6673
f 6574 6656 6633
f 6646 6634 6635
f 6635 6634 6636
f 6636 6634 6637
f 6634 6649 6637
f 6650 6625 6694
f 6638 6532 6686
f 6658 6599 6544
f 6701 6544 6702
f 6702 6600 6659
f 6659 6600 6695
f 6523 6639 6674
f 6697 6601 6640
f 6667 6661 6641
f 6641 6661 6707
f 6703 6677 6642
f 6604 6629 6664
f 6704 6712 6517
f 6704 6593 6722
f 6593 6616 6722
f 6771 6722 6616
f 6683 6572 6684
f 6620 6621 6706
f 6596 6632 6673
f 6673 6624 6574
f 6656 6685 6657
f 6685 6634 6645
f 6645 6634 6646
f 6646 6635 6647
f 6647 6635 6648
f 6635 6636 6648
f 6636 6637 6648
f 6637 6649 6666
f 6649 6587 6650
f 6541 6626 6799
f 6626 6638 6686
f 6658 6544 6701
f 6747 6697 6667
f 6697 6640 6667
f 6703 6642 6678
f 6615 6690 6653
f 6691 6604 6664
f 6616 6643 6771
f 6671 6682 6732
f 6724 6631 6654
f 6692 6654 6655
f 6655 6761 6692
f 6700 6644 6706
f 6644 6620 6706
f 6716 6622 6693
f 6633 6656 6773
f 6645 6646 6647
f 6647 6648 6666
f 6648 6637 6666
f 6658 6686 6599
f 6695 6588 6660
f 6734 6639 6697
f 6675 6651 6676
f 6709 6627 6735
f 6579 6663 6614
f 6689 6652 6768
f 6592 6653 6728
f 6668 6669 6680
f 6741 6670 6681
f 6570 6683 6787
f 6672 6644 6700
f 6693 6585 6673
f 6574 6633 6773
f 6656 6657 6773
f 6685 6645 6647
f 6666 6649 6650
f 6674 6639 6726
f 6726 6639 6696
f 6696 6639 6734
f 6676 6662 6709
f 6688 6602 6689
f 6768 6652 6592
f 6669 6691 6736
f 6630 6665 6713
f 6665 6705 6713
f 6732 6682 6759
f 6715 6672 6700
f 6743 6673 6574
f 6666 6650 6717
f 6702 6659 6745
f 6659 6695 6745
f 6745 6695 6746
f 6695 6660 6674
f 6698 6675 6676
f 6703 6699 6677
f 6613 6579 6614
f 6768 6592 6728
f 6680 6669 6736
f 6691 6664 6741
f 6664 6670 6741
f 6665 6671 6731
f 6759 6569 6570
f 6684 6724 6683
f 6761 6672 6738
f 6765 6673 6743
f 6657 6685 6783
f 6695 6674 6740
f 6740 6674 6726
f 6667 6641 6747
f 6641 6707 6747
f 6651 6675 6708
f 6698 6676 6786
f 6786 6676 6709
f 6754 6687 6719
f 6687 6613 6719
f 6679 6711 6720
f 6755 6711 6628
f 6688 6689 6768
f 6668 6680 6736
f 6741 6681 6712
f 6705 6665 6714
f 6714 6665 6731
f 6731 6671 6732
f 6759 6570 6760
f 6723 6683 6724
f 6724 6654 6725
f 6725 6654 6692
f 6738 6672 6715
f 6685 6647 6783
f 6717 6650 6694
f 6609 6541 6744
f 6541 6799 6744
f 6686 6658 6701
f 6707 6651 6708
f 6753 6735 6677
f 6678 6687 6754
f 6613 6614 6727
f 6755 6628 6791
f 6769 6690 6668
f 6712 6704 6750
f 6570 6787 6760
f 6788 6787 6683
f 6706 6622 6716
f 6574 6773 6815
f 6647 6666 6717
f 6796 6799 6626
f 6746 6695 6778
f 6747 6707 6779
f 6718 6779 6707
f 6708 6675 6818
f 6675 6698 6818
f 6763 6710 6678
f 6614 6720 6727
f 6804 6720 6711
f 6805 6602 6688
f 6653 6690 6769
f 6730 6750 6704
f 6630 6713 6606
f 6606 6713 6781
f 6752 6724 6725
f 6693 6673 6765
f 6694 6739 6717
f 6609 6744 6775
f 6626 6686 6776
f 6686 6701 6776
f 6701 6702 6776
f 6802 6726 6734
f 6726 6696 6734
f 6786 6709 6824
f 6824 6709 6735
f 6699 6703 6780
f 6763 6703 6710
f 6703 6678 6710
f 6719 6613 6789
f 6721 6628 6805
f 6628 6602 6805
f 6729 6736 6691
f 6757 6741 6712
f 6730 6704 6722
f 6834 6722 6751
f 6713 6705 6781
f 6700 6706 6716
f 6716 6693 6733
f 6774 6739 6694
f 6774 6694 6609
f 6702 6745 6776
f 6778 6695 6740
f 6707 6708 6748
f 6818 6698 6786
f 6677 6699 6753
f 6820 6727 6720
f 6804 6711 6755
f 6791 6628 6721
f 6756 6736 6729
f 6722 6834 6730
f 6826 6771 6606
f 6737 6788 6683
f 6723 6724 6737
f 6738 6715 6700
f 6716 6733 6762
f 6733 6693 6765
f 6782 6743 6574
f 6773 6657 6783
f 6647 6717 6739
f 6763 6678 6754
f 6613 6764 6789
f 6820 6720 6804
f 6805 6688 6768
f 6810 6768 6728
f 6668 6736 6769
f 6781 6705 6835
f 6742 6705 6731
f 6705 6714 6731
f 6793 6731 6732
f 6807 6732 6759
f 6827 6759 6760
f 6683 6723 6737
f 6700 6716 6762
f 6765 6743 6782
f 6783 6647 6739
f 6774 6609 6798
f 6718 6707 6785
f 6785 6707 6748
f 6780 6703 6763
f 6613 6727 6820
f 6791 6721 6805
f 6757 6712 6877
f 6751 6722 6771
f 6826 6606 6781
f 6742 6731 6793
f 6795 6725 6692
f 6738 6700 6772
f 6766 6697 6747
f 6824 6735 6753
f 6804 6755 6790
f 6792 6791 6805
f 6728 6653 6810
f 6770 6736 6756
f 6877 6712 6750
f 6758 6751 6771
f 6737 6724 6752
f 6761 6738 6772
f 6782 6574 6815
f 6798 6609 6775
f 6784 6746 6778
f 6778 6740 6726
f 6747 6779 6766
f 6753 6699 6780
f 6764 6613 6820
f 6749 6805 6768
f 6769 6736 6770
f 6904 6760 6787
f 6752 6725 6808
f 6808 6725 6795
f 6739 6774 6822
f 6776 6745 6801
f 6745 6746 6784
f 6779 6718 6785
f 6785 6748 6708
f 6803 6708 6823
f 6754 6719 6789
f 6790 6755 6791
f 6691 6741 6806
f 6732 6807 6793
f 6772 6700 6857
f 6700 6762 6857
f 6857 6762 6733
f 6796 6626 6776
f 6824 6753 6767
f 6753 6780 6767
f 6789 6764 6820
f 6839 6810 6653
f 6756 6729 6812
f 6729 6691 6812
f 6741 6757 6806
f 6827 6760 6904
f 6788 6737 6752
f 6794 6752 6813
f 6692 6761 6772
f 6852 6733 6765
f 6775 6744 6799
f 6816 6796 6776
f 6800 6776 6801
f 6801 6745 6784
f 6784 6778 6777
f 6778 6726 6802
f 6802 6734 6766
f 6734 6697 6766
f 6832 6831 6818
f 6832 6818 6885
f 6885 6818 6819
f 6818 6786 6819
f 6809 6824 6767
f 6805 6749 6810
f 6749 6768 6810
f 6812 6691 6806
f 6877 6750 6730
f 6758 6834 6751
f 6835 6705 6742
f 6807 6759 6827
f 6852 6765 6782
f 6773 6783 6836
f 6777 6778 6797
f 6766 6779 6817
f 6803 6779 6785
f 6708 6818 6823
f 6767 6780 6809
f 6809 6780 6926
f 6763 6754 6789
f 6849 6791 6792
f 6838 6805 6810
f 6839 6653 6811
f 6653 6769 6811
f 6811 6769 6770
f 6806 6757 6868
f 6758 6771 6826
f 6904 6787 6828
f 6871 6813 6752
f 6815 6773 6843
f 6822 6774 6844
f 6798 6775 6845
f 6845 6775 6799
f 6864 6799 6796
f 6816 6776 6800
f 6817 6779 6803
f 6785 6708 6803
f 6786 6824 6848
f 6825 6780 6763
f 6826 6781 6835
f 6835 6742 6841
f 6889 6742 6793
f 6871 6752 6808
f 6857 6733 6814
f 6774 6798 6844
f 6853 6778 6829
f 6778 6802 6865
f 6802 6766 6817
f 6926 6780 6825
f 6868 6757 6877
f 6730 6834 6869
f 6828 6787 6788
f 6788 6752 6794
f 6814 6733 6852
f 6863 6782 6815
f 6843 6773 6836
f 6783 6739 6836
f 6836 6739 6822
f 6784 6777 6801
f 6777 6797 6801
f 6797 6778 6853
f 6778 6865 6829
f 6763 6789 6820
f 6833 6820 6804
f 6804 6790 6837
f 6837 6790 6900
f 6790 6791 6866
f 6849 6792 6805
f 6834 6758 6887
f 6788 6794 6813
f 6821 6772 6857
f 6852 6782 6863
f 6843 6863 6815
f 6816 6800 6801
f 6866 6791 6849
f 6849 6805 6838
f 6810 6839 6838
f 6877 6730 6869
f 6826 6835 6758
f 6850 6788 6856
f 6795 6692 6920
f 6905 6836 6822
f 6845 6799 6846
f 6864 6796 6816
f 6847 6801 6797
f 6865 6802 6817
f 6817 6803 6883
f 6819 6786 6848
f 6848 6824 6809
f 6854 6825 6763
f 6811 6770 6756
f 6812 6806 6868
f 6841 6742 6902
f 6793 6807 6870
f 6856 6788 6871
f 6871 6788 6813
f 6692 6772 6920
f 6920 6772 6821
f 6857 6814 6851
f 6846 6799 6864
f 6816 6801 6925
f 6925 6801 6847
f 6859 6817 6883
f 6830 6823 6818
f 6899 6763 6820
f 6839 6811 6756
f 6756 6812 6861
f 6812 6868 6867
f 6902 6742 6889
f 6842 6807 6827
f 6788 6850 6828
f 6803 6823 6884
f 6898 6818 6831
f 6854 6763 6899
f 6899 6820 6916
f 6916 6820 6833
f 6833 6804 6916
f 6756 6861 6840
f 6834 6887 6869
f 6862 6850 6878
f 6850 6856 6878
f 6872 6808 6795
f 6852 6863 6938
f 6843 6836 6858
f 6865 6817 6859
f 6884 6883 6803
f 6831 6832 6874
f 6848 6809 6926
f 6756 6840 6927
f 6861 6812 6930
f 6930 6812 6867
f 6758 6835 6911
f 6793 6870 6889
f 6870 6807 6842
f 6880 6843 6858
f 6846 6864 6907
f 6864 6816 6895
f 6847 6797 6925
f 6859 6921 6865
f 6898 6831 6874
f 6891 6916 6804
f 6855 6790 6866
f 6849 6838 6886
f 6927 6839 6756
f 6902 6835 6841
f 6851 6814 6852
f 6858 6836 6881
f 6844 6798 6845
f 6864 6895 6929
f 6816 6925 6895
f 6823 6830 6884
f 6825 6854 6923
f 6804 6837 6875
f 6838 6839 6886
f 6911 6835 6902
f 6870 6842 6903
f 6890 6827 6904
f 6904 6828 6850
f 6871 6808 6912
f 6912 6808 6872
f 6821 6857 6851
f 6852 6879 6851
f 6863 6843 6880
f 6905 6822 6882
f 6822 6844 6873
f 6844 6845 6873
f 6846 6907 6845
f 6830 6818 6898
f 6908 6874 6885
f 6874 6832 6885
f 6825 6923 6860
f 6891 6804 6875
f 6866 6849 6886
f 6889 6870 6946
f 6904 6850 6862
f 6852 6938 6879
f 6882 6822 6873
f 6926 6825 6860
f 6866 6886 6917
f 6901 6868 6877
f 6893 6877 6869
f 6893 6869 6887
f 6887 6758 6911
f 6827 6890 6903
f 6912 6856 6871
f 6924 6851 6879
f 6881 6836 6949
f 6949 6836 6905
f 6853 6829 6797
f 6897 6884 6914
f 6900 6790 6855
f 6876 6917 6839
f 6917 6886 6839
f 6876 6839 6927
f 6840 6861 6930
f 6902 6889 6888
f 6842 6827 6903
f 6904 6862 6878
f 6924 6920 6821
f 6938 6863 6880
f 6829 6865 6921
f 6898 6914 6884
f 6830 6898 6884
f 6899 6916 6909
f 6875 6837 6900
f 6906 6840 6930
f 6930 6867 6892
f 6867 6868 6901
f 6893 6887 6918
f 6872 6795 6920
f 6880 6858 6881
f 6873 6845 6907
f 6883 6884 6896
f 6896 6884 6897
f 6898 6874 6933
f 6819 6848 6885
f 6909 6854 6899
f 6891 6875 6900
f 6901 6877 6893
f 6888 6889 6894
f 6903 6890 6904
f 6904 6878 6958
f 6880 6881 6949
f 6905 6882 6913
f 6964 6925 6797
f 6859 6883 6896
f 6933 6874 6908
f 6908 6885 6922
f 6926 6860 6923
f 6935 6900 6855
f 6902 6888 6894
f 6878 6856 6931
f 6920 6943 6872
f 6913 6949 6905
f 6882 6873 6913
f 6907 6864 6939
f 6929 6895 6925
f 6797 6829 6921
f 6954 6859 6896
f 6885 6848 6926
f 6901 6892 6867
f 6911 6902 6894
f 6931 6912 6872
f 6924 6821 6851
f 6914 6898 6965
f 6933 6908 6950
f 6916 6891 6935
f 6891 6900 6935
f 6935 6855 6866
f 6928 6901 6910
f 6901 6893 6910
f 6945 6887 6911
f 6894 6889 6946
f 6903 6904 6958
f 6931 6856 6912
f 6953 6873 6907
f 6964 6797 6932
f 6965 6898 6933
f 6908 6955 6950
f 6915 6955 6908
f 6940 6926 6923
f 6909 6916 6956
f 6917 6876 6936
f 6930 6892 6901
f 6910 6893 6918
f 6878 6931 6947
f 6879 6938 6952
f 6938 6880 6979
f 6913 6873 6953
f 6939 6864 6929
f 6932 6797 6921
f 6954 6896 6897
f 6994 6897 6914
f 6934 6885 6926
f 6923 6854 6940
f 6957 6917 6936
f 6840 6906 6927
f 6918 6887 6945
f 6945 6911 6976
f 6911 6894 6919
f 6931 6872 6943
f 6979 6880 6949
f 6915 6908 6922
f 6854 6909 6940
f 6936 6876 6942
f 6876 6927 6942
f 6928 6910 6918
f 6937 6911 6919
f 6946 6870 6903
f 6962 6903 7007
f 6958 6878 6947
f 6949 6913 6984
f 6984 6913 6953
f 7003 6897 6994
f 6922 6885 6934
f 6941 6935 6866
f 6911 6937 6976
f 6903 6962 6946
f 6973 6920 6924
f 6953 6907 6969
f 6921 6859 6954
f 6954 6897 7003
f 6915 6922 6944
f 6944 6922 6934
f 6934 6926 6940
f 6866 6917 6941
f 6930 6901 6960
f 6960 6901 6928
f 6943 6920 6973
f 6924 6879 6948
f 6979 6949 6984
f 6929 6925 6964
f 6955 6915 6966
f 6966 6915 6944
f 7000 6909 6956
f 6956 6916 6935
f 6941 6917 7001
f 6917 6957 7001
f 6942 6927 6906
f 7002 6931 6943
f 6948 6879 6983
f 6879 6952 6983
f 6969 6907 6939
f 6959 6939 6964
f 6939 6929 6964
f 6906 6930 6960
f 6928 6918 6961
f 6919 6894 6946
f 6964 6932 7021
f 6994 6914 6965
f 6934 6940 6951
f 6940 6909 7000
f 6903 6958 7007
f 6973 6968 6943
f 6973 6924 6948
f 7003 6921 6954
f 6971 6966 6944
f 6944 6934 7027
f 6957 6936 6991
f 6936 6942 6992
f 6942 6906 6992
f 6961 6918 6976
f 6967 6931 7002
f 6948 6983 6973
f 6965 6933 6950
f 6950 6955 7004
f 7004 6955 6970
f 6951 6940 7000
f 6956 6935 6941
f 6991 7001 6957
f 6918 6945 6976
f 6977 6976 6937
f 6919 6946 6993
f 6947 6931 6967
f 6952 6938 6979
f 6985 6953 6969
f 6932 6921 7010
f 6950 6987 6965
f 6975 6955 6966
f 6971 6944 6972
f 6906 6960 6992
f 6958 6947 6967
f 7002 6943 6968
f 6984 6953 7009
f 6953 6985 7009
f 6969 6939 6963
f 6980 6959 6964
f 6994 6965 6987
f 6987 6950 7004
f 6970 6955 6975
f 6934 6951 7027
f 6956 6941 7001
f 7019 6928 6961
f 6939 6959 6963
f 6980 6964 7021
f 6986 6921 7003
f 6982 6970 6975
f 6991 6936 6992
f 6960 6928 7019
f 6993 6946 6962
f 6969 6963 6985
f 6921 6986 7010
f 6975 6966 6971
f 6972 6944 6989
f 7141 6976 6977
f 6937 6919 6993
f 7007 6958 7036
f 6958 6967 7036
f 6983 6952 6979
f 7021 6932 7010
f 6970 6982 6974
f 6989 6944 7027
f 7019 6961 6976
f 7073 6937 6993
f 6993 6962 7034
f 6968 6973 6978
f 6978 6973 6983
f 7011 6994 6987
f 7004 6970 6981
f 6970 6974 6981
f 6974 6982 7039
f 7000 6956 6990
f 7002 6968 6978
f 6959 6980 7095
f 6986 7003 7044
f 6982 6975 7077
f 6998 7078 6975
f 6956 7001 6990
f 6991 6992 7028
f 6992 6960 7019
f 7221 6967 7002
f 6983 6979 7024
f 6979 6984 7024
f 7009 6985 7236
f 6963 6959 6985
f 7022 6981 6974
f 7027 7070 7041
f 7070 7027 6951
f 6951 7000 7070
f 6990 7001 7033
f 7028 6992 7043
f 7019 6976 7141
f 7173 6983 7020
f 7010 6986 7044
f 7011 6987 7004
f 7004 6981 7011
f 6974 7039 7022
f 7012 7077 6975
f 7045 6988 6995
f 6995 6988 6996
f 6996 6988 6997
f 6988 7045 6997
f 7045 6975 7078
f 6975 6971 6998
f 6998 6971 7069
f 7069 6971 6972
f 7032 6972 6989
f 7001 6991 7042
f 7043 6992 7019
f 7141 6977 6937
f 7073 6993 7142
f 7094 7221 7002
f 7002 6978 7008
f 7024 6984 7009
f 6985 6959 7095
f 7003 6994 7011
f 7011 6981 7022
f 7012 6975 7045
f 6995 6996 7045
f 6996 6997 7045
f 7078 6998 7013
f 7013 6999 7005
f 7005 6999 7005
f 7005 6999 6998
f 6999 7013 6998
f 7069 6972 7032
f 7033 7001 7042
f 7042 6991 7028
f 7120 6937 7073
f 7034 6962 7035
f 7035 6962 7007
f 7035 7007 7036
f 7094 7002 7173
f 7173 7002 7008
f 6978 6983 7008
f 7008 6983 7173
f 7095 6980 7021
f 7044 7003 7199
f 7039 6982 7077
f 7013 7005 7026
f 7026 7005 7014
f 7005 7005 7014
f 7014 7005 6998
f 6998 7069 7015
f 7015 7069 7016
f 7069 7006 7016
f 7023 7016 7017
f 7016 7006 7017
f 7006 7069 7017
f 7070 7000 7071
f 7000 6990 7071
f 7142 6993 7034
f 7271 6983 7024
f 7236 6985 7038
f 7038 6985 7095
f 7199 7003 7096
f 7096 7003 7011
f 7030 7022 7121
f 7076 7022 7039
f 7025 7039 7077
f 7078 7013 7026
f 7014 6998 7026
f 6998 7015 7026
f 7015 7016 7023
f 7017 7069 7023
f 7032 6989 7018
f 7018 6989 7139
f 7071 6990 7033
f 7095 7021 7010
f 7011 7022 7029
f 7022 7075 7121
f 7075 7022 7076
f 7031 7039 7025
f 7032 7018 7040
f 7139 6989 7027
f 7071 7033 7072
f 7033 7042 7093
f 7043 7019 7141
f 7141 6937 7120
f 7197 7035 7036
f 7020 6983 7271
f 7271 7024 7009
f 7009 7236 7037
f 7011 7029 7030
f 7029 7022 7030
f 7078 7026 7023
f 7026 7015 7023
f 7139 7027 7041
f 7044 7095 7010
f 7030 7121 7097
f 7039 7031 7025
f 7077 7012 7045
f 7119 7069 7032
f 7234 7139 7041
f 7142 7034 7171
f 7173 7020 7198
f 7236 7038 7095
f 7074 7030 7097
f 7039 7025 7077
f 7078 4077 7046
f 7176 4121 7145
f 7493 4123 7079
f 7126 4158 7147
f 4158 7048 7147
f 7048 4159 7177
f 7081 7050 7182
f 7051 7050 7183
f 7207 4162 7150
f 7052 4183 7244
f 7319 7152 7106
f 7302 7106 7357
f 7303 4074 7107
f 7107 4074 7054
f 7185 7083 7155
f 7210 4149 7389
f 4149 7129 7389
f 4185 7188 4164
f 7157 4186 7158
f 7213 7110 4165
f 7213 4165 7062
f 4166 4187 7214
f 4116 7131 7130
f 7113 7090 7190
f 7090 7114 7190
f 7346 4138 7394
f 4138 4172 7247
f 7248 4173 7067
f 7164 4190 7137
f 7194 4191 7250
f 7091 4156 7287
f 7289 7218 7117
f 7119 7032 7233
f 7032 7040 7233
f 7220 7041 7070
f 7072 7033 7093
f 7093 7042 7028
f 7028 7043 7141
f 7036 6967 7221
f 7172 7094 7173
f 7011 7030 7096
f 7030 7074 7254
f 7174 7097 7121
f 7143 7076 7039
f 7077 7045 7078
f 7175 7047 7224
f 7334 4045 7144
f 4107 7125 4080
f 7101 7049 4161
f 7102 4178 4179
f 4179 4180 7316
f 4180 4144 7316
f 4144 4181 7316
f 7182 7050 7183
f 7050 7051 7183
f 4127 7207 7127
f 4162 7052 7150
f 7228 7208 7082
f 7228 7082 4074
f 7054 4132 7358
f 7358 4132 7083
f 7386 7084 7085
f 7186 7055 7209
f 7086 4133 7264
f 4133 7056 7264
f 7057 4148 7128
f 4148 7340 7128
f 7340 7058 7088
f 7058 4163 7387
f 4135 7060 7059
f 7060 7108 7059
f 7390 7129 7156
f 7212 4186 7061
f 7109 7061 7110
f 7062 4150 7159
f 7159 4150 7089
f 7111 7214 4167
f 7215 7111 4168
f 4168 7063 7282
f 7063 4168 7112
f 7344 7112 7064
f 7090 7189 4152
f 7090 7136 7325
f 4151 7065 7066
f 7115 7267 7192
f 7162 4138 7346
f 7394 4138 7247
f 7116 4096 4155
f 7165 7091 7286
f 7117 4141 7167
f 7168 7068 7169
f 7118 7078 7023
f 7220 7070 7071
f 7071 7072 7268
f 7140 7141 7120
f 7034 7035 7171
f 7171 7035 7197
f 7271 7009 7272
f 7009 7037 7272
f 7236 7095 7373
f 7096 7030 7254
f 7143 7039 7122
f 7039 7077 7122
f 7077 7078 7122
f 7078 7046 7122
f 7122 7046 7223
f 7223 7046 7175
f 7144 4101 7124
f 7225 7296 7124
f 7256 7098 7493
f 7098 4123 7493
f 7099 7080 7445
f 7445 7080 7353
f 7080 7100 7353
f 4159 4160 7446
f 7446 4160 7178
f 7178 4160 7258
f 4160 7049 7258
f 7258 7049 7101
f 7101 4161 7102
f 7149 7316 7179
f 7316 4181 7179
f 4181 4182 7179
f 7180 7081 7242
f 7242 7081 7182
f 7152 7319 7381
f 4074 7303 7228
f 7358 7083 7185
f 4007 7087 7264
f 7087 7057 7321
f 7321 7057 7128
f 7088 7058 7387
f 4185 7280 7188
f 7157 7280 4185
f 7089 4166 7214
f 7215 4168 7282
f 7344 4169 7130
f 7190 4151 7066
f 7191 7190 4153
f 4172 4118 7248
f 7286 7091 7287
f 7169 7078 7118
f 7023 7069 7118
f 7069 7119 7118
f 7040 7018 7233
f 7071 7348 7220
f 7348 7071 7370
f 7140 7028 7141
f 7197 7036 7221
f 7221 7094 7172
f 7198 7020 7271
f 7272 7037 7236
f 7044 7199 7222
f 7199 7096 7254
f 7254 7074 7294
f 7295 7097 7255
f 7075 7076 7143
f 7224 7047 7273
f 7123 7144 7124
f 7145 7098 7335
f 7335 7098 7238
f 7238 7098 7256
f 7079 7099 7445
f 7298 4080 7125
f 7125 4158 7126
f 7240 7147 7048
f 7177 4159 7446
f 7150 7052 7244
f 7244 7103 7104
f 7103 4184 7104
f 7319 7106 7302
f 7107 7054 7358
f 7185 7155 7338
f 7386 7085 7186
f 7156 4164 7188
f 7061 7109 7110
f 7215 7214 7111
f 7063 7112 7344
f 7131 4152 7189
f 7189 7090 7307
f 7265 7136 7133
f 7136 7134 7133
f 7133 7134 7134
f 7134 7134 7135
f 7135 7134 7161
f 7134 7136 7161
f 7136 7113 7161
f 7114 4151 7190
f 4153 7192 7191
f 7232 4188 7163
f 7326 7163 7193
f 7397 7116 7249
f 7249 7116 7365
f 7164 7137 7216
f 7251 7092 7166
f 7118 7119 7233
f 7233 7018 7219
f 7219 7018 7139
f 7041 7220 7235
f 7370 7071 7268
f 7471 7093 7028
f 7423 7221 7172
f 7373 7095 7044
f 7255 7097 7174
f 7223 7121 7075
f 7047 7334 7273
f 7123 7124 7296
f 7124 7200 7225
f 7176 7145 7335
f 4080 7226 7427
f 7125 7126 7147
f 7048 7177 7240
f 7177 7446 7148
f 7102 4179 7316
f 7184 7105 7152
f 7153 7357 7106
f 7153 7106 7154
f 7086 7264 7263
f 7387 7059 7187
f 7059 7108 7210
f 7389 7129 7390
f 7322 7390 7156
f 7061 7110 7231
f 7062 7159 7213
f 7159 7089 7214
f 7282 7063 7344
f 7130 7131 7189
f 7132 7136 7265
f 7133 7134 7265
f 7134 7135 7265
f 7135 7161 7265
f 7437 4172 7248
f 7248 7067 7232
f 7116 4155 7164
f 7365 7164 7285
f 7216 7137 7194
f 7250 4098 7420
f 7287 7138 7196
f 7196 7138 7288
f 7288 7217 7347
f 7289 7167 7168
f 7400 7168 7169
f 7234 7041 7235
f 7268 7072 7421
f 7170 7072 7093
f 7073 7142 7120
f 7171 7197 7270
f 7423 7172 7173
f 7075 7143 7223
f 7143 7122 7223
f 7334 7144 7123
f 7100 7146 7257
f 7257 7146 4080
f 7226 4080 7298
f 7125 7147 7298
f 7298 7147 7239
f 7147 7240 7315
f 7177 7148 7204
f 7101 7299 7258
f 7379 7149 7179
f 7241 7179 7180
f 7227 7242 7182
f 7207 7150 7151
f 7150 7244 7151
f 7302 7357 7407
f 7153 7154 7208
f 7304 7209 7305
f 7263 7209 7086
f 7264 7087 7321
f 7187 7059 7388
f 7059 7278 7388
f 7280 7157 7246
f 7110 7213 7231
f 7307 7090 7325
f 7267 7162 7346
f 7232 7163 7326
f 7193 7467 7326
f 7116 7164 7365
f 7164 7216 7285
f 7195 7165 7286
f 7329 7092 7251
f 7330 7218 7331
f 7117 7167 7289
f 7289 7168 7400
f 7169 7118 7400
f 7219 7139 7290
f 7472 7471 7028
f 7140 7120 7350
f 7272 7236 7373
f 7199 7254 7222
f 7237 7174 7121
f 7224 7223 7175
f 7200 7176 7335
f 7239 7147 7315
f 7315 7240 7177
f 7204 7202 7201
f 7201 7202 7203
f 7203 7202 7204
f 7178 7258 7446
f 7299 7101 7259
f 7259 7101 7102
f 7243 7242 7227
f 7227 7181 7205
f 7205 7181 7206
f 7181 7227 7206
f 7355 7183 7127
f 7127 7207 7151
f 7104 7276 7244
f 7430 7184 7301
f 7184 7152 7301
f 7338 7155 7411
f 7155 7084 7386
f 7186 7209 7230
f 7088 7387 7277
f 7387 7187 7388
f 7188 7280 7211
f 7324 7157 7158
f 7306 4186 7281
f 4186 7212 7281
f 7281 7212 7061
f 7213 7159 7342
f 7344 7130 7189
f 7308 7325 7136
f 7113 7190 7310
f 7190 7191 7310
f 7193 7397 7467
f 7285 7216 7607
f 7216 7194 7366
f 7366 7194 7250
f 7217 7092 7329
f 7166 4177 7251
f 4177 7330 7251
f 7330 4177 7218
f 7400 7118 7233
f 7290 7139 7234
f 7220 7348 7332
f 7421 7072 7269
f 7142 7171 7270
f 7373 7044 7222
f 7255 7174 7237
f 7334 7123 7296
f 7444 7225 7274
f 7225 7200 7297
f 7200 7335 7376
f 7353 7100 7257
f 7201 7203 7204
f 7148 7446 12
f 7446 7258 7336
f 7259 7102 7316
f 7379 7179 7241
f 7242 7243 7260
f 7205 7206 7227
f 7182 7183 7355
f 7498 7381 7319
f 7153 7208 7228
f 7228 7303 7229
f 7262 7358 7185
f 7386 7186 7459
f 7230 7209 7460
f 7460 7209 7304
f 7305 7209 7263
f 7278 7059 7389
f 7059 7210 7389
f 7158 4186 7306
f 7231 7213 7342
f 7159 7214 7342
f 7214 7215 7342
f 7344 7189 7283
f 7265 7161 7113
f 7465 7267 7346
f 7247 4172 7437
f 7438 7248 7232
f 7326 7467 7327
f 4098 7195 7420
f 7287 7196 7398
f 7219 7290 7252
f 7234 7235 7220
f 7072 7170 7269
f 7170 7093 7471
f 7291 7472 7028
f 7197 7221 7423
f 7173 7198 7549
f 7293 7271 7272
f 7294 7074 7097
f 7295 7255 7313
f 7121 7223 7237
f 7274 7225 7297
f 7297 7200 7376
f 7616 7335 7238
f 7352 7238 7256
f 7427 7226 7298
f 7177 7204 7315
f 7259 7316 7449
f 7180 7242 7241
f 7300 7242 7260
f 7300 7260 7337
f 7260 7243 7337
f 7337 7243 7261
f 7245 7228 7229
f 7303 7107 7358
f 7186 7230 7460
f 7263 7264 7321
f 7156 7188 7436
f 7323 7188 7211
f 7281 7061 7231
f 7343 7215 7282
f 7283 7189 7307
f 7418 7136 7309
f 7136 7132 7309
f 7265 7113 7310
f 7191 7192 7310
f 7192 7284 7266
f 7346 7394 7584
f 7437 7394 7247
f 7438 7395 7248
f 7420 7195 7286
f 7515 7286 7287
f 7398 7196 7288
f 7233 7219 7400
f 7400 7219 7252
f 7253 7370 7268
f 7028 7140 7291
f 7350 7120 7142
f 7270 7197 7333
f 7423 7173 7372
f 7372 7173 7549
f 7425 7272 7373
f 7351 7222 7254
f 7255 7237 7313
f 7616 7238 7352
f 7298 7239 7315
f 7316 7149 7662
f 7242 7317 7241
f 7242 7300 7317
f 7227 7182 7478
f 7478 7182 7355
f 7244 7276 7406
f 7356 7319 7302
f 7245 7229 7303
f 7320 7185 7338
f 7411 7155 7386
f 7459 7186 7460
f 7340 7088 7277
f 7436 7188 7392
f 7279 7392 7188
f 7211 7280 7323
f 7157 7324 7246
f 7342 7215 7343
f 7308 7136 7418
f 7464 7309 7132
f 7310 7192 7266
f 7284 7192 7267
f 7437 7248 7395
f 7397 7249 7468
f 7657 7285 7607
f 7347 7217 7367
f 7329 7251 7517
f 7518 7331 7660
f 7331 7218 7289
f 7252 7290 7400
f 7234 7312 7290
f 7401 7234 7220
f 7292 7142 7270
f 7293 7272 7589
f 7351 7254 7294
f 7443 7097 7404
f 7223 7224 7237
f 7296 7225 7444
f 7377 7256 7493
f 7550 7427 7298
f 7315 7204 7148
f 7148 12 7494
f 7259 7449 7448
f 7354 7241 7275
f 7275 7241 7317
f 7243 7227 7478
f 7355 7127 7318
f 7301 7152 7381
f 7153 7228 7382
f 7228 7245 7382
f 7358 7262 7320
f 7262 7185 7320
f 7279 7188 7323
f 7280 7246 7415
f 7416 7231 7342
f 7132 7160 7464
f 7345 7132 7310
f 7132 7265 7310
f 7310 7266 7284
f 7284 7267 7465
f 7438 7232 7364
f 7364 7232 7311
f 7311 7232 7326
f 7250 7420 7366
f 7517 7251 7368
f 7368 7251 7518
f 7251 7330 7518
f 7312 7400 7290
f 7333 7292 7270
f 7198 7271 7589
f 7294 7097 7443
f 7224 7273 7237
f 4080 7427 7257
f 7336 7258 7447
f 7428 7259 7448
f 7554 7379 7241
f 7554 7241 7354
f 7406 7276 7735
f 7504 7407 7357
f 7409 7358 7320
f 7321 7128 7360
f 7412 7390 7341
f 7246 7324 7415
f 7281 7231 7416
f 7362 7342 7343
f 7343 7282 7344
f 7345 7310 7284
f 7249 7365 7328
f 7286 7566 7420
f 7398 7515 7287
f 7398 7288 7347
f 7312 7234 7401
f 7349 7170 7471
f 7291 7140 7350
f 7350 7142 7548
f 7142 7292 7548
f 7549 7198 7589
f 7271 7293 7589
f 7351 7373 7222
f 7294 7443 7442
f 7404 7097 7295
f 7334 7296 7444
f 7444 7274 7426
f 7352 7256 7377
f 7701 7493 7079
f 7353 7257 7314
f 7314 7257 7427
f 7258 7299 7428
f 7299 7259 7428
f 7495 7316 7662
f 7337 7261 7243
f 7430 7301 7595
f 7498 7319 7573
f 7302 7407 7356
f 7357 7153 7382
f 7384 7358 7409
f 7411 7386 7645
f 7304 7305 7359
f 7305 7263 7359
f 7359 7263 7461
f 7461 7263 7339
f 7339 7263 7321
f 7321 7360 7461
f 7540 7390 7322
f 7323 7280 7415
f 7324 7158 7281
f 7158 7306 7281
f 7342 7362 7463
f 7418 7309 7564
f 7564 7309 7631
f 7464 7160 7393
f 7160 7132 7345
f 7465 7346 7584
f 7437 7395 7721
f 7364 7311 7326
f 7364 7326 7396
f 7468 7249 7544
f 7544 7249 7328
f 7544 7328 7365
f 7469 7365 7285
f 7566 7286 7515
f 7367 7217 7329
f 7331 7289 7660
f 7399 7289 7400
f 7401 7220 7369
f 7371 7370 7253
f 7421 7269 7170
f 7524 7351 7294
f 7473 7404 7295
f 7237 7273 7374
f 7274 7297 7376
f 7335 7616 7376
f 7701 7079 7445
f 7315 7148 7494
f 7258 7378 7447
f 7378 7258 7428
f 7300 7275 7317
f 7355 7318 7405
f 7318 7127 7405
f 7127 7151 7406
f 7151 7244 7406
f 7276 7430 7595
f 7573 7319 7356
f 7245 7303 7358
f 7454 7409 7320
f 7456 7338 7411
f 7341 7390 7540
f 7392 7279 7323
f 7415 7324 7281
f 7343 7344 7563
f 7344 7283 7512
f 7585 7396 7326
f 7469 7285 7657
f 7607 7216 7366
f 7439 7398 7347
f 7347 7367 7439
f 7330 7331 7518
f 7400 7312 7401
f 7220 7332 7369
f 7371 7253 7268
f 7422 7421 7402
f 7421 7170 7402
f 7349 7471 7488
f 7548 7292 7570
f 7589 7272 7425
f 7525 7294 7526
f 7294 7442 7526
f 7403 7442 7443
f 7374 7273 7375
f 7334 7444 7273
f 7426 7274 7492
f 7474 7353 7427
f 7353 7314 7427
f 7315 7550 7298
f 7446 7336 7637
f 7662 7149 7379
f 7300 7337 7380
f 7337 7243 7380
f 7380 7243 7478
f 7478 7355 7638
f 7638 7355 7497
f 7127 7406 7405
f 7498 7301 7381
f 7504 7665 7407
f 7505 7504 7357
f 7408 7357 7382
f 7383 7382 7642
f 7642 7382 7245
f 11 7358 7384
f 7455 7320 7338
f 7339 7321 7461
f 7483 7360 7128
f 7128 7340 7462
f 7340 7277 7462
f 7392 7323 7361
f 7416 7342 7582
f 7463 7362 7602
f 7563 7344 7512
f 7307 7325 7583
f 7583 7325 7308
f 7393 7160 7363
f 7363 7160 7284
f 7160 7345 7284
f 7466 7394 7437
f 7585 7326 7487
f 7326 7327 7487
f 7398 7439 7608
f 7545 7289 7399
f 7399 7400 7369
f 7332 7348 7369
f 7369 7348 7370
f 7170 7349 7488
f 7570 7292 7441
f 7441 7292 7633
f 7633 7292 7333
f 7424 7372 7634
f 7373 7351 7523
f 7473 7295 7313
f 7313 7237 7374
f 7273 7444 7375
f 7274 7376 7492
f 7592 7445 7353
f 7475 7427 7550
f 7449 7552 7429
f 7495 7552 7449
f 7593 7662 7379
f 7477 7379 7554
f 7380 7275 7300
f 7357 7479 7451
f 7479 7357 7480
f 7452 7382 7383
f 7642 7245 7532
f 7245 7358 7532
f 7532 7358 11
f 7410 7409 7454
f 7338 7385 7455
f 7645 7386 7533
f 7533 7386 7458
f 7461 7360 7483
f 7483 7128 7462
f 7561 7388 7278
f 7538 7389 7390
f 7538 7390 7412
f 7412 7341 7540
f 7392 7361 7511
f 7582 7342 7417
f 7342 7463 7417
f 7602 7343 7563
f 7283 7307 7583
f 7393 7363 7284
f 7465 7584 7486
f 7466 7584 7394
f 7438 7364 7396
f 7514 7396 7585
f 7544 7365 7469
f 7515 7398 7782
f 7660 7289 7545
f 7369 7400 7401
f 7471 7472 7546
f 7546 7472 7520
f 7472 7547 7520
f 7472 7291 7547
f 7423 7372 7424
f 7372 7549 7634
f 7425 7373 7523
f 7524 7523 7351
f 7524 7294 7525
f 7473 7313 7374
f 7352 7377 7617
f 7592 7353 7474
f 7550 7315 7551
f 7494 12 7446
f 7637 7336 7447
f 7378 7428 7637
f 7429 7552 7733
f 7449 7316 7495
f 7593 7379 7477
f 7554 7354 7594
f 7354 7275 7594
f 7497 7355 7527
f 7527 7355 7405
f 7356 7528 7573
f 7528 7356 7407
f 10 7407 7665
f 7357 7408 7480
f 7408 7382 7531
f 7481 7382 7452
f 7383 7642 7453
f 7384 7409 7506
f 7385 7338 7507
f 7507 7338 7456
f 7457 7411 7645
f 7458 7386 7578
f 7386 7459 7578
f 7598 7359 7560
f 7277 7387 7561
f 7387 7388 7561
f 7278 7389 7538
f 7412 7414 7413
f 7413 7414 7413
f 7413 7414 7412
f 7391 7412 7540
f 7361 7323 7511
f 7511 7323 7415
f 7362 7343 7602
f 7283 7583 7603
f 7464 7393 7419
f 7393 7284 7485
f 7655 7437 7721
f 7780 7395 7543
f 7543 7395 7438
f 7690 7397 7468
f 7743 7420 7566
f 7782 7398 7516
f 7694 7516 7398
f 7368 7518 7569
f 7370 7371 7369
f 7421 7470 7440
f 7421 7586 7470
f 7402 7170 7488
f 7333 7197 7612
f 7443 7404 7473
f 7770 7444 7426
f 7492 7376 7615
f 7616 7352 7790
f 7771 7701 7445
f 7591 7445 7592
f 7474 7427 7475
f 7551 7315 7494
f 7431 7432 7433
f 7432 7504 7433
f 7433 7504 7434
f 7531 7382 7481
f 7452 7383 7453
f 7454 7320 7576
f 7560 7359 7461
f 7461 7483 7560
f 7758 7483 7462
f 7412 7413 7435
f 7413 7413 7435
f 7435 7413 7412
f 7510 7322 7156
f 7652 7436 7392
f 7582 7417 7463
f 7631 7309 7513
f 7513 7309 7484
f 7464 7419 7542
f 7438 7396 7514
f 7397 7690 7467
f 7366 7420 7743
f 7367 7329 7609
f 7517 7368 7569
f 7399 7369 7440
f 7440 7369 7371
f 7268 7421 7371
f 7421 7422 7586
f 7291 7350 7522
f 7612 7197 7675
f 7675 7197 7423
f 7617 7377 7493
f 7447 7378 7637
f 7449 7429 7733
f 7476 7552 7495
f 7662 7593 7496
f 7594 7275 7734
f 7405 7406 7735
f 7528 7407 7596
f 7504 7432 7665
f 7432 7431 7665
f 7665 7431 7504
f 7504 7431 7450
f 7431 7433 7450
f 7433 7434 7450
f 7450 7434 7504
f 7575 7479 7480
f 7576 7409 7454
f 7409 7410 7454
f 7644 7456 7411
f 7304 7359 7559
f 7559 7359 7598
f 7462 7277 7758
f 7561 7278 7738
f 7738 7278 7509
f 7509 7278 7538
f 7540 7322 7510
f 7652 7392 7511
f 7511 7415 7281
f 7582 7463 7671
f 7485 7284 7465
f 7543 7438 7514
f 7692 7469 7657
f 7694 7398 7608
f 7608 7439 7567
f 7567 7439 7367
f 7545 7399 7440
f 7371 7421 7440
f 7488 7471 7546
f 7696 7441 7633
f 7634 7549 7730
f 7526 7442 7403
f 7749 7615 7376
f 7790 7352 7617
f 7771 7445 7591
f 7494 7446 7637
f 7732 7428 7448
f 7495 7662 7620
f 7527 7405 7735
f 7735 7276 7705
f 7595 7301 7498
f 7572 7498 7573
f 7596 7407 10
f 10 7529 7555
f 7641 7505 7357
f 7357 7451 7479
f 7480 7408 7575
f 11 7384 7667
f 7384 7506 7576
f 7506 7409 7576
f 7757 7455 7385
f 7507 7456 7577
f 7482 7458 7578
f 7459 7304 7669
f 7459 7460 7304
f 7534 7277 7561
f 7412 7391 7740
f 7740 7391 7540
f 7510 7156 7436
f 7511 7281 7416
f 7583 7308 7541
f 7541 7308 7418
f 7309 7464 7565
f 7565 7464 7542
f 7419 7393 7485
f 7584 7466 7720
f 7720 7466 7437
f 7327 7467 7690
f 7469 7692 7544
f 7657 7607 7606
f 7607 7366 7723
f 7609 7329 7517
f 7725 7517 7569
f 7518 7660 7744
f 7440 7470 7586
f 7586 7402 7488
f 7520 7521 7489
f 7490 7491 7521
f 7491 7489 7521
f 7520 7547 7521
f 7547 7291 7522
f 7727 7548 7570
f 7423 7424 7675
f 7443 7473 7375
f 7375 7473 7374
f 7787 7426 7492
f 7493 7701 7791
f 7380 7478 7638
f 7529 8 7556
f 7499 7499 7500
f 7500 7499 7502
f 7502 7499 7501
f 7499 7499 7501
f 7499 7624 7501
f 7501 7624 7502
f 7499 7500 7624
f 7500 7556 7624
f 7624 7556 7503
f 7556 8 7503
f 7503 8 8
f 8 9 8
f 8 9 7529
f 7357 7479 7575
f 7481 7452 7453
f 7532 11 7667
f 7577 7385 7507
f 7411 7457 7645
f 7458 7482 7578
f 7304 7559 7646
f 7758 7277 7630
f 7630 7277 7534
f 7508 7738 7509
f 7509 7538 7539
f 7510 7436 7652
f 7741 7511 7562
f 7511 7416 7562
f 7562 7416 7582
f 7829 7418 7564
f 7419 7485 7604
f 7465 7486 7605
f 7605 7486 7584
f 7690 7468 7656
f 7723 7366 7658
f 7568 7367 7609
f 7517 7725 7610
f 7422 7402 7586
f 7520 7489 7491
f 7489 7491 7491
f 7491 7490 7491
f 7491 7490 7611
f 7490 7521 7611
f 7522 7350 7548
f 7570 7441 7696
f 7549 7589 7571
f 7589 7425 7805
f 7590 7524 7525
f 7403 7443 7375
f 7787 7770 7426
f 7731 7492 7615
f 7749 7376 7616
f 7617 7493 7791
f 7592 7474 7618
f 7448 7449 7732
f 7732 7449 7733
f 7476 7495 7619
f 7593 7477 7553
f 7477 7554 7553
f 7734 7275 7380
f 7638 7497 7639
f 7639 7497 7527
f 7705 7276 7595
f 7595 7498 7572
f 7573 7528 7621
f 7500 7502 7556
f 7502 7624 7530
f 7624 6 7530
f 7574 7530 6
f 7530 6 6
f 6 7 6
f 6 7 7574
f 7624 7503 7529
f 7503 8 7529
f 7505 7641 7504
f 7531 7481 7408
f 7408 7481 7708
f 7576 7320 7557
f 7320 7455 7557
f 7757 7557 7455
f 7456 7644 7577
f 7645 7644 7411
f 7533 7458 7645
f 7559 7598 7581
f 7598 7560 7599
f 7560 7483 7601
f 7683 7561 7738
f 7738 7508 7535
f 7535 7508 7536
f 7536 7508 7537
f 7508 7509 7537
f 7739 7539 7538
f 7540 7510 7740
f 7652 7511 7741
f 7671 7463 7602
f 7685 7602 7563
f 7563 7512 7685
f 7541 7418 7800
f 7800 7418 7829
f 7778 7564 7631
f 7686 7631 7513
f 7513 7484 7686
f 7485 7465 7604
f 7721 7395 7687
f 7395 7780 7687
f 7543 7514 7761
f 7487 7689 7585
f 7656 7468 7544
f 7691 7544 7692
f 7566 7515 7782
f 7659 7516 7694
f 7567 7367 7568
f 7569 7518 7744
f 7491 7611 7520
f 7547 7522 7674
f 7333 7612 7633
f 7730 7549 7635
f 7425 7523 7613
f 7526 7403 7614
f 7474 7475 7751
f 7751 7475 7550
f 7552 7476 7619
f 7662 7496 7593
f 7752 7595 7773
f 7596 10 7555
f 7530 7574 7502
f 7641 7357 7575
f 7642 7532 7666
f 7578 7459 7627
f 7627 7459 7669
f 7558 7669 7304
f 7304 7710 7558
f 7579 7304 7646
f 7758 7630 7681
f 7535 7536 7738
f 7738 7536 7509
f 7536 7537 7509
f 7283 7603 7512
f 7583 7541 7800
f 7686 7484 7672
f 7484 7309 7565
f 7565 7542 7653
f 7542 7654 7653
f 7780 7543 7761
f 7487 7327 7690
f 7658 7366 7743
f 7567 7568 7608
f 7609 7517 7610
f 7611 7521 7547
f 7587 7547 7674
f 7570 7767 7727
f 7523 7524 7590
f 7403 7375 7614
f 7751 7550 7772
f 7550 7551 7772
f 7551 7494 7636
f 7494 7637 7702
f 7733 7552 7703
f 7495 7620 7619
f 7679 7380 7638
f 7595 7572 7773
f 7753 7528 7596
f 7529 7556 7622
f 7556 7502 7622
f 7574 7624 7597
f 7625 7529 10
f 7708 7481 7453
f 7642 7666 7709
f 7666 7532 7626
f 7626 7532 7667
f 7643 7576 7668
f 7576 7557 7668
f 7757 7385 7577
f 7710 7304 7579
f 7580 7559 7670
f 7670 7559 7581
f 7630 7534 7651
f 7684 7683 7738
f 7797 7741 7562
f 7685 7512 7603
f 7465 7605 7604
f 7605 7584 7720
f 7761 7514 7585
f 7656 7544 7763
f 7763 7544 7691
f 7743 7566 7850
f 7782 7516 7659
f 7725 7569 7765
f 7744 7660 7852
f 7673 7545 7440
f 7488 7546 7520
f 7548 7727 7522
f 7767 7570 7696
f 7635 7549 7571
f 7805 7425 7818
f 7525 7677 7590
f 7525 7526 7614
f 7731 7787 7492
f 7789 7616 7790
f 7806 7790 7617
f 7703 7552 7619
f 7593 7553 7662
f 7553 7554 7594
f 7527 7735 7639
f 7573 7621 7572
f 7555 7529 7596
f 7596 7529 7622
f 7502 7574 7597
f 7680 7597 7623
f 7665 7504 7641
f 7384 7775 7667
f 7559 7580 7670
f 7600 7599 7601
f 7601 7599 7560
f 7483 7758 7647
f 7682 7561 7683
f 7538 7412 7739
f 7739 7412 7740
f 7778 7631 7686
f 7542 7419 7604
f 7655 7720 7437
f 7761 7585 7688
f 7762 7487 7690
f 7606 7607 7693
f 7568 7865 7608
f 7695 7586 7488
f 7611 7547 7661
f 7815 7547 7674
f 7547 7587 7674
f 7633 7612 7675
f 7675 7424 7785
f 7571 7589 7805
f 7699 7613 7523
f 7523 7590 7700
f 7614 7375 7444
f 7771 7591 7750
f 7591 7592 7618
f 7772 7551 7636
f 7636 7494 7702
f 7734 7380 7679
f 7773 7572 7753
f 7753 7572 7621
f 7502 7597 7622
f 7597 7624 7707
f 7384 7576 7643
f 7668 7557 7757
f 7458 7578 7627
f 7669 7558 7710
f 7599 7600 7628
f 7628 7600 7629
f 7600 7601 7629
f 7601 7483 7712
f 7712 7483 7647
f 7534 7682 7714
f 7682 7534 7561
f 7509 7539 7739
f 7652 7741 7843
f 7715 7582 7798
f 7798 7582 7671
f 7671 7602 7828
f 7828 7602 7799
f 7602 7685 7799
f 7778 7829 7564
f 7716 7778 7686
f 7484 7565 7632
f 7565 7653 7632
f 7742 7690 7656
f 7693 7657 7606
f 7850 7566 7782
f 7609 7610 7568
f 7673 7440 7519
f 7440 7586 7519
f 7695 7488 7520
f 7520 7611 7661
f 7588 7522 7816
f 7522 7727 7816
f 7746 7696 7633
f 7633 7728 7801
f 7785 7424 7817
f 7425 7613 7818
f 7523 7700 7854
f 7614 7444 7525
f 7770 7525 7444
f 7616 7789 7749
f 7591 7618 7750
f 7838 7428 7732
f 7732 7733 7678
f 7679 7638 7663
f 7663 7639 7735
f 7705 7595 7752
f 7621 7528 7753
f 7596 7622 7597
f 7640 7680 7756
f 7680 7623 7756
f 7895 7641 7575
f 7775 7384 7643
f 7757 7577 7644
f 7458 7627 7795
f 7599 7628 7601
f 7628 7629 7601
f 7712 7647 7776
f 7758 7648 7649
f 7649 7648 7650
f 7650 7648 7758
f 7713 7651 7534
f 7562 7582 7715
f 7685 7603 7800
f 7603 7583 7800
f 7484 7632 7759
f 7718 7654 7542
f 7605 7542 7604
f 7913 7721 7687
f 7915 7689 7487
f 7724 7608 7865
f 7746 7633 7801
f 7424 7634 7817
f 7817 7634 7730
f 7730 7635 7571
f 7804 7571 7805
f 7699 7523 7748
f 7523 7854 7748
f 7952 7474 7751
f 7772 7636 7702
f 7637 7428 7702
f 7808 7703 7619
f 7638 7639 7663
f 7753 7596 7597
f 7680 7640 7754
f 7756 7623 7707
f 7623 7597 7707
f 7625 10 7810
f 7810 10 7665
f 7895 7575 7794
f 7708 7453 7709
f 7453 7642 7709
f 7775 7643 7668
f 7645 7458 7795
f 7710 7579 7559
f 7579 7646 7559
f 7670 7581 7897
f 7598 7599 7711
f 7776 7601 7712
f 7649 7650 7758
f 7681 7630 7713
f 7630 7651 7713
f 7797 7562 7715
f 7845 7685 7800
f 7720 7719 7605
f 7720 7655 7721
f 7915 7487 7762
f 7722 7690 7742
f 7742 7656 7763
f 7692 7657 7693
f 7693 7607 7723
f 7764 7659 7694
f 7783 7608 7724
f 7610 7725 7865
f 7569 7744 7765
f 7660 7545 7673
f 7519 7586 7673
f 7673 7586 7695
f 7726 7695 7520
f 7520 7661 7726
f 7661 7547 7815
f 7674 7522 7815
f 7522 7588 7815
f 7588 7816 7853
f 7768 7633 7675
f 7820 7613 7699
f 7702 7428 7838
f 7733 7703 7808
f 7662 7553 7594
f 7891 7594 7734
f 7735 7705 7752
f 7597 7680 7754
f 7774 7793 7664
f 7707 7624 7529
f 7529 7625 7810
f 7709 7666 7626
f 7559 7670 7897
f 7711 7581 7598
f 7510 7652 7843
f 7798 7797 7715
f 7800 7829 7811
f 7686 7672 7830
f 7672 7484 7759
f 7831 7632 7717
f 7632 7653 7717
f 7653 7654 7718
f 7913 7687 7780
f 7903 7688 7585
f 7903 7585 7689
f 7764 7694 7608
f 7766 7852 7660
f 7815 7588 7853
f 7696 7746 7990
f 7728 7633 7768
f 7675 7785 7729
f 7819 7818 7613
f 7819 7613 7820
f 7699 7676 7820
f 7820 7676 7697
f 7697 7676 7698
f 7698 7676 7699
f 7677 7525 7770
f 7881 7806 7617
f 7920 7772 7702
f 7619 7620 7808
f 7662 7594 7704
f 7679 7822 7734
f 7679 7663 7822
f 7752 7773 7706
f 7664 7640 7756
f 7858 7708 7709
f 7626 7667 7775
f 7775 7668 7859
f 7644 7645 7795
f 7627 7669 7827
f 7827 7669 7710
f 7711 7601 7776
f 7713 7534 7714
f 7714 7682 7684
f 7684 7682 7683
f 7910 7684 7738
f 7740 7510 7843
f 7777 7671 7828
f 7716 7686 7830
f 7542 7605 7718
f 7718 7605 7719
f 7762 7690 7722
f 7763 7691 7692
f 7781 7743 7814
f 7814 7743 7850
f 7782 7659 7850
f 7764 7608 7783
f 7568 7610 7865
f 7851 7765 7744
f 7673 7695 7726
f 7768 7675 7802
f 7802 7675 7729
f 7769 7805 7818
f 7697 7698 7820
f 7820 7698 7699
f 7881 7617 7791
f 7791 7701 7771
f 7771 7750 7906
f 7808 7620 7809
f 7662 7704 7809
f 7704 7594 7809
f 7809 7594 7891
f 7822 7663 7735
f 7752 7706 7855
f 7855 7706 7773
f 7823 7753 7597
f 7640 7664 7792
f 7664 7793 7736
f 7736 7793 7737
f 7408 7708 7858
f 7709 7626 7858
f 7795 7627 7796
f 7827 7710 7559
f 7559 7897 7827
f 7776 7647 7758
f 7758 7681 7713
f 7898 7738 7509
f 7878 7741 7797
f 7777 7798 7671
f 7799 7685 7845
f 7778 7716 7812
f 7760 7759 7846
f 7718 7719 7720
f 7848 7720 7913
f 7720 7721 7913
f 7761 7688 7903
f 7903 7689 7915
f 7916 7763 7692
f 7863 7693 7723
f 7865 7725 7765
f 7660 7673 7726
f 7816 7727 7745
f 7727 7767 7745
f 7767 7696 7784
f 7801 7728 7867
f 7785 7747 7729
f 7804 7730 7571
f 7700 7590 7854
f 7940 7615 7749
f 7890 7750 7618
f 7678 7733 7808
f 7620 7662 7809
f 7822 7735 7752
f 7840 7753 7823
f 7754 7640 7792
f 7792 7664 7793
f 7664 7736 7755
f 7736 7737 7755
f 7755 7737 7793
f 7793 7774 7825
f 7774 7664 7756
f 7756 7707 7874
f 7707 7529 7810
f 7897 7581 7711
f 7910 7738 7898
f 7509 7739 7898
f 7828 7799 7899
f 7829 7778 7900
f 7885 7672 7759
f 7916 7692 7949
f 7692 7693 7849
f 7814 7658 7781
f 7658 7743 7781
f 7850 7659 7764
f 7764 7783 7834
f 7766 7660 7938
f 7726 7661 7815
f 7784 7696 7990
f 7836 7804 7805
f 7590 7786 7821
f 7590 7677 7786
f 7786 7677 7770
f 7731 7615 7940
f 7749 7789 7790
f 7618 7474 7952
f 7823 7597 7754
f 7664 7755 7793
f 7793 7825 7856
f 7874 7707 7810
f 7665 7641 7895
f 7575 7408 7794
f 7668 7757 7968
f 7925 7795 7841
f 7599 7601 7711
f 7713 7714 7926
f 7860 7800 7811
f 7929 7812 7716
f 7885 7759 7760
f 7780 7761 7914
f 7915 7762 7987
f 7762 7722 7833
f 7833 7722 7742
f 7742 7763 7988
f 7693 7863 7849
f 7723 7658 7864
f 7864 7658 7814
f 7851 7744 7852
f 7745 7767 7784
f 7728 7768 7802
f 7889 7805 7904
f 7699 7748 7820
f 7820 7748 7854
f 7854 7590 7821
f 7786 7770 7821
f 7770 7787 7939
f 7787 7731 7788
f 7791 7771 7906
f 7906 7750 7807
f 7752 7855 7871
f 7773 7753 7855
f 7840 7855 7753
f 7823 7754 7792
f 7874 7774 7756
f 7858 7794 7408
f 7883 7858 7626
f 7626 7775 7859
f 7644 7795 7757
f 7795 7796 7841
f 7711 7776 7842
f 7843 7741 7878
f 7878 7797 7798
f 7844 7798 7828
f 7798 7777 7828
f 7999 7800 7860
f 8037 7811 7829
f 7900 7778 7812
f 7885 7930 7672
f 7760 7779 7861
f 7779 7760 7846
f 7831 7717 7813
f 7717 7653 7813
f 7653 7718 7813
f 7718 7720 7847
f 7847 7720 7848
f 7913 7780 7832
f 7832 7780 7914
f 7914 7761 7903
f 7987 7762 7833
f 7850 7764 8068
f 7766 7938 7852
f 7852 7938 8047
f 7660 7726 7887
f 7990 7746 7867
f 7747 7835 7729
f 7836 7805 7889
f 7805 7769 7818
f 7770 7939 7821
f 7939 7787 7788
f 7868 7731 7940
f 7749 7790 7806
f 7806 7881 7749
f 7807 7750 7890
f 7952 7751 7772
f 7920 7702 7837
f 7870 7702 7838
f 7678 7808 7979
f 7823 7792 7922
f 7792 7793 7922
f 7894 7825 7857
f 7857 7825 7874
f 7825 7774 7874
f 7810 7665 7895
f 7883 7626 7859
f 7841 7796 7627
f 7897 7711 7876
f 7739 7740 7843
f 7799 7845 7899
f 7929 7716 7830
f 7903 7915 7974
f 7783 7724 7918
f 7918 7724 7865
f 7865 7765 7851
f 7726 7815 7938
f 7745 7784 7880
f 7880 7784 7990
f 7746 7801 7867
f 7867 7728 7802
f 7729 7888 7802
f 7747 7785 7835
f 7785 7817 7835
f 7803 7817 7730
f 7730 7804 7836
f 7904 7805 7818
f 7904 7819 7820
f 7868 7788 7731
f 8006 7791 7906
f 7732 7678 7979
f 7943 7808 7839
f 7839 7808 7809
f 7856 7825 7824
f 7825 7894 7893
f 7627 7827 7841
f 7827 7897 7841
f 7713 7926 7758
f 7843 7878 7959
f 7798 7844 7878
f 7999 7845 7800
f 7862 7742 7988
f 7863 7723 7864
f 7864 7814 7975
f 7814 7850 7975
f 7879 7852 8047
f 7938 7815 7853
f 7867 7802 7888
f 7835 7817 7803
f 7904 7818 7819
f 7904 7820 7919
f 7854 7821 7939
f 7788 7868 7939
f 7941 7749 7881
f 8006 7881 7791
f 7890 7618 7952
f 7921 7838 7732
f 7921 7732 7979
f 7943 7809 7891
f 7734 7822 8021
f 7840 7823 7922
f 7922 7793 7856
f 7859 7668 7826
f 7826 7668 7968
f 7925 7757 7795
f 7925 7841 7875
f 7876 7711 7877
f 7877 7711 7842
f 7758 7926 7776
f 7714 7684 7910
f 7844 7828 7899
f 7860 7811 8037
f 8037 7829 7900
f 7884 7929 7911
f 7830 7911 7929
f 7830 7672 7911
f 7885 7760 7861
f 7632 7831 7847
f 7831 7813 7847
f 7813 7718 7847
f 7833 7742 7862
f 7850 8068 7975
f 8002 7918 7865
f 8002 7865 7866
f 7950 7851 7852
f 7950 7852 7879
f 7938 7660 7887
f 7853 7816 7880
f 7816 7745 7880
f 7888 7729 7835
f 7730 7836 7919
f 7854 7939 7820
f 7906 7807 7890
f 7920 7837 7869
f 7837 7702 7869
f 7869 7702 7870
f 7838 7921 7870
f 7979 7808 7943
f 7839 7809 7943
f 7822 7752 7871
f 7856 7824 7825
f 7909 7894 7874
f 7894 7857 7874
f 7924 7874 7810
f 7776 7926 7947
f 7958 7898 7739
f 7900 7812 7929
f 8016 7861 7931
f 7861 7948 7931
f 7948 7861 7901
f 7779 7846 7902
f 7759 7632 7847
f 7974 7915 7987
f 7763 7916 7988
f 7937 7864 8110
f 8068 7764 8097
f 7865 7851 7866
f 7938 7853 7880
f 7835 7803 7919
f 7803 7730 7919
f 7919 7836 7889
f 7907 7870 7921
f 7855 7840 7872
f 7840 7922 7872
f 7856 7825 7873
f 7825 7882 7922
f 7893 7882 7825
f 7923 7993 7894
f 7909 7874 7956
f 7956 7874 7924
f 7895 7794 7957
f 7957 7794 8012
f 7794 7858 8012
f 7859 7826 7968
f 7757 7925 7968
f 7875 7841 7897
f 7897 7876 7997
f 7998 7844 7899
f 7885 7861 8016
f 7846 7759 7902
f 7759 7847 7848
f 7933 7913 7914
f 7913 7832 7914
f 7934 7914 7903
f 8027 7987 7833
f 7764 7834 8097
f 7834 7783 7917
f 7918 7917 7783
f 7866 7851 7950
f 7867 7888 7965
f 7888 7835 8004
f 7940 7749 7941
f 7952 7772 7942
f 7869 7870 7907
f 7921 7979 8009
f 8021 7822 7871
f 7856 7873 7922
f 7873 7825 7922
f 7923 7894 7909
f 8012 7858 8013
f 7883 7859 7967
f 7876 7877 7842
f 7947 7842 7776
f 7958 7739 7959
f 7739 7843 7959
f 7927 7878 7844
f 7860 8037 7999
f 7900 7929 7928
f 7911 7672 7930
f 8038 7930 7885
f 7901 7861 7971
f 7861 7886 7971
f 7902 7759 7913
f 7759 7848 7913
f 7833 7862 7988
f 7692 7849 8018
f 7863 7864 7937
f 7864 7975 8111
f 7887 7726 7938
f 7990 7867 7965
f 8004 7835 7919
f 7939 7868 7976
f 7966 7868 7905
f 7905 7868 7940
f 7942 7772 8007
f 7920 7869 7978
f 7978 7869 8008
f 8021 7871 8100
f 7871 7855 7892
f 7892 7855 7872
f 7908 7922 7893
f 7922 7882 7893
f 7858 7883 8013
f 8013 7883 7967
f 7967 7859 7982
f 7982 7859 7968
f 7896 7925 7875
f 7997 7876 7842
f 7926 7714 7983
f 7983 7714 7910
f 7960 7959 7927
f 7959 7878 7927
f 7899 7845 7999
f 8038 7885 7961
f 7861 7779 7912
f 7912 7779 7902
f 7903 7974 7936
f 7951 8047 7938
f 8059 7888 8004
f 7889 7904 7919
f 7941 7881 8006
f 8072 8006 7906
f 7991 7906 7952
f 7906 7890 7952
f 8032 7869 7907
f 7891 7734 7944
f 8062 7922 7908
f 7893 7894 7908
f 7908 7894 7993
f 7945 7923 7946
f 7810 7895 7957
f 8049 7968 7925
f 7875 7897 8044
f 7984 7910 7958
f 7910 7898 7958
f 7985 7959 8035
f 8036 8035 7959
f 7998 7899 7969
f 8037 7900 7970
f 7929 7884 8053
f 7902 7913 7963
f 7914 7934 8001
f 7934 7903 7935
f 8027 7833 7988
f 7949 7692 8018
f 7849 7863 8105
f 7917 7918 8002
f 8002 7866 8003
f 7866 7950 8003
f 7938 7880 7964
f 8059 7965 7888
f 7820 7939 7919
f 7966 7905 7940
f 8007 7772 7978
f 7978 7772 7920
f 8032 7907 7921
f 7921 8009 8033
f 7944 7734 8021
f 7923 7909 7955
f 7955 7909 7956
f 7910 8177 7983
f 8050 7927 8051
f 7927 7844 7998
f 7969 7899 7999
f 8083 7999 8015
f 7999 8037 8015
f 7970 7900 8025
f 7900 7928 8025
f 7961 7885 8016
f 7962 7948 7901
f 7972 7901 7971
f 7912 7902 7963
f 7963 7913 7972
f 7972 7913 7933
f 7933 7914 8001
f 7935 7903 7973
f 7988 7916 8028
f 8028 7916 7949
f 8042 8110 7864
f 8097 7834 8019
f 7989 7950 7879
f 7990 7964 7880
f 7977 7976 7868
f 7872 7922 7992
f 8062 7908 7993
f 7994 7946 7923
f 7994 7923 7955
f 7995 7924 7810
f 7995 7810 7957
f 7925 7896 8106
f 8044 7897 7997
f 8092 8177 7910
f 8036 7959 7960
f 8045 8037 7970
f 7928 7929 8053
f 7932 7948 7962
f 7934 7973 8026
f 7934 7935 7973
f 7903 7936 7973
f 8096 7974 7987
f 7863 7937 8110
f 8019 7834 7917
f 8088 8002 8003
f 7989 7879 8047
f 8070 7938 7964
f 8030 8004 7919
f 7919 7939 8005
f 7966 7940 7977
f 7977 7940 8031
f 8072 7906 7991
f 7979 7943 7953
f 7953 7943 7954
f 7891 7944 7943
f 7943 7944 8021
f 7992 7922 8062
f 7923 7945 7946
f 7957 8012 8080
f 8013 7967 7982
f 8049 7925 8106
f 7842 7947 8102
f 8053 7884 8171
f 7884 7911 8064
f 8064 7911 7930
f 8017 7931 7948
f 7948 7932 8017
f 7962 7901 7972
f 7971 7886 7861
f 7861 7912 7963
f 8001 7934 8026
f 7973 7936 7974
f 8105 7863 8110
f 8042 7864 8111
f 8003 7950 7989
f 7977 7868 7966
f 8061 7940 7941
f 8020 7941 8006
f 7952 7942 8007
f 8033 8009 8114
f 8100 7871 8022
f 7872 7992 8022
f 7993 7923 7980
f 7946 7994 8023
f 7955 7956 7994
f 7968 8049 8034
f 8107 7997 7842
f 8092 7910 7984
f 7959 7985 7958
f 8051 7927 7998
f 8093 7999 8083
f 7986 8038 8016
f 8038 7961 8016
f 7932 8000 8017
f 7861 7963 7972
f 8068 8111 7975
f 8058 8002 8159
f 8159 8002 8088
f 8088 8003 8029
f 7951 7938 8043
f 7938 8070 8043
f 8090 7991 7952
f 8008 7869 8032
f 8032 7921 8033
f 8073 8009 7979
f 7954 7943 8021
f 7892 7872 8022
f 7923 7946 7980
f 8023 7994 8011
f 7981 8011 7994
f 7982 7968 7996
f 7896 7875 8044
f 7998 7969 8155
f 8155 7969 8140
f 8014 7969 7999
f 8141 8037 8045
f 8000 7932 8040
f 7971 7861 7972
f 7972 7933 8001
f 8070 7964 7990
f 8030 7919 8071
f 7939 7976 8005
f 8005 7976 7977
f 8061 8020 8006
f 8135 7952 8007
f 8007 7978 8008
f 8073 7979 7953
f 7953 7954 8021
f 7871 7892 8022
f 7946 8023 7980
f 8024 7981 8078
f 7994 7956 8079
f 7956 7924 8129
f 7995 7957 8191
f 8012 8013 8080
f 8101 8013 7996
f 8013 7982 7996
f 8107 7842 8102
f 7960 7927 8050
f 8140 7969 8014
f 8016 7931 8017
f 8040 8055 8000
f 7932 7962 7972
f 8027 7988 8041
f 8041 7988 8028
f 8028 7949 8018
f 8003 7989 8112
f 8047 7951 8124
f 8070 7990 7965
f 7965 8059 8089
f 8071 8004 8030
f 8031 7940 8061
f 8061 7941 8020
f 8061 8006 8099
f 8072 7991 8090
f 8022 7992 8062
f 8062 7993 7980
f 8011 8010 8023
f 8078 7981 7994
f 8079 7956 8117
f 8117 7956 8129
f 7924 7995 8129
f 8191 7957 8080
f 8080 8013 8101
f 7958 7985 8035
f 8014 7999 8093
f 8093 8083 8119
f 8094 8171 7884
f 8064 7930 8038
f 7973 7974 8096
f 7987 8027 8046
f 8019 7917 8058
f 7917 8002 8058
f 7989 8047 8112
f 8059 8004 8071
f 7953 8021 8074
f 8023 8062 7980
f 7981 8024 8010
f 8010 8024 8091
f 8188 8078 7994
f 8102 7947 8137
f 8137 7947 7926
f 7926 7983 8177
f 8035 8036 7958
f 8052 7998 8155
f 8025 7928 8053
f 8016 8017 7986
f 8000 8055 8017
f 8040 7932 8066
f 8066 7932 7972
f 8028 8018 8041
f 8041 8018 8087
f 8205 8018 7849
f 8097 8019 8146
f 8029 8003 8112
f 8098 8005 7977
f 7977 8031 8200
f 8099 8006 8072
f 8074 8021 8100
f 8100 8022 8238
f 8127 8062 8023
f 8010 8011 7981
f 8048 7994 8079
f 8101 7996 7968
f 8248 7896 8044
f 8081 8177 8092
f 8051 7998 8052
f 8014 8093 8082
f 8083 8015 8037
f 8142 8038 7986
f 8017 8055 8054
f 8055 8040 8066
f 8096 7987 8046
f 8046 8027 8067
f 8067 8027 8041
f 8205 7849 8105
f 8088 8029 8160
f 8047 8124 8173
f 8148 7965 8089
f 8149 8059 8150
f 7919 8005 8098
f 8090 7952 8135
f 8008 8032 8136
f 8077 8076 8078
f 8076 8091 8078
f 8188 7994 8048
f 8118 8129 7995
f 8101 7968 8131
f 7968 8034 8131
f 8044 7997 8107
f 8050 8103 7960
f 8154 8050 8051
f 8083 8037 8141
f 8045 7970 8084
f 7970 8025 8193
f 7884 8064 8094
f 8064 8038 8142
f 8055 8039 8121
f 7972 8001 8066
f 8066 8001 8026
f 8065 8026 7973
f 8056 8096 8046
f 8087 8018 8205
f 8110 8042 8057
f 8057 8042 8111
f 8112 8047 8069
f 8183 8043 8070
f 8070 7965 8148
f 8150 8059 8071
f 8071 7919 8060
f 7919 8098 8060
f 8033 8114 8032
f 8073 7953 8074
f 8073 8074 8126
f 8091 8076 8063
f 8091 8024 8078
f 8242 8131 8034
f 8167 8106 7896
f 8311 8092 7984
f 8036 7960 8103
f 8084 7970 8193
f 8120 8171 8156
f 8109 8064 8142
f 7986 8017 8054
f 8055 8121 8054
f 8096 8056 8214
f 8146 8019 8058
f 8069 8047 8173
f 8124 7951 8043
f 8070 8148 8147
f 8071 8060 8150
f 7977 8200 8098
f 8061 8256 8031
f 8136 8032 8114
f 8022 8062 8238
f 8115 8127 8023
f 8023 8010 8115
f 8188 8048 8079
f 7995 8191 8176
f 8049 8106 8034
f 8168 7926 8177
f 8051 8052 8155
f 8025 8053 8120
f 8053 8171 8120
f 8142 7986 8054
f 8121 8039 8134
f 8055 8066 8065
f 8159 8088 8160
f 8089 8059 8149
f 8236 8072 8090
f 8114 8009 8073
f 8165 8073 8257
f 8074 8100 8126
f 8238 8062 8127
f 8091 8063 8075
f 8188 8077 8078
f 8118 7995 8176
f 8130 8080 8223
f 8248 8044 8107
f 8202 7958 8036
f 8094 8064 8227
f 8085 8227 8064
f 8134 8039 8055
f 8065 8066 8026
f 8065 7973 8096
f 8104 8096 8214
f 8046 8067 8086
f 8067 8041 8086
f 8145 8086 8041
f 8145 8041 8205
f 8111 8068 8182
f 8182 8068 8097
f 8160 8029 8112
f 8216 8112 8123
f 8112 8069 8173
f 8031 8256 8200
f 8114 8073 8125
f 8115 8010 8091
f 8153 8116 8076
f 8191 8080 8130
f 8080 8101 8223
f 8242 8034 8167
f 8167 8034 8106
f 8137 7926 8168
f 8311 7984 7958
f 8014 8082 8169
f 8082 8093 8169
f 8084 8193 8045
f 8108 8193 8025
f 8064 8109 8085
f 8180 8054 8121
f 8143 8121 8095
f 8041 8087 8205
f 8110 8057 8182
f 8123 8112 8173
f 8124 8043 8183
f 8148 8089 8149
f 8256 8061 8113
f 8236 8090 8135
f 8073 8126 8174
f 8126 8100 8238
f 8115 8091 8075
f 8249 8102 8137
f 8202 8036 8103
f 8154 8103 8050
f 8119 8083 8141
f 8108 8025 8120
f 8180 8121 8143
f 8143 8095 8133
f 8134 8055 8104
f 8055 8065 8104
f 8065 8096 8104
f 8204 8046 8086
f 8197 8105 8110
f 8146 8058 8122
f 8183 8070 8147
f 8072 8151 8061
f 8257 8073 8174
f 8128 8116 8153
f 8076 8077 8188
f 8189 8188 8117
f 8188 8079 8117
f 8107 8102 8210
f 8177 8081 8138
f 8202 8103 8178
f 8178 8103 8261
f 8261 8103 8154
f 8261 8154 8051
f 8169 8093 8132
f 8094 8227 8157
f 8227 8085 8109
f 8056 8046 8204
f 8182 8097 8146
f 8234 8122 8058
f 8294 8148 8149
f 8149 8150 8294
f 8164 8200 8256
f 8151 8113 8061
f 8135 8007 8008
f 8008 8136 8237
f 8076 8116 8075
f 8129 8118 8176
f 7896 8280 8167
f 8248 8280 7896
f 8210 8102 8249
f 7958 8202 8139
f 8193 8108 8120
f 8205 8105 8314
f 8314 8105 8197
f 8197 8110 8198
f 8057 8111 8182
f 8173 8124 8183
f 8294 8150 8295
f 8099 8072 8061
f 8008 8152 8135
f 8152 8008 8237
f 8114 8125 8136
f 8201 8238 8127
f 8063 8076 8075
f 8075 8116 8128
f 8153 8076 8188
f 8247 8101 8131
f 8248 8107 8210
f 8311 7958 8139
f 8140 8014 8169
f 8093 8119 8132
f 8119 8141 8132
f 8141 8045 8170
f 8171 8094 8226
f 8109 8142 8179
f 8180 8143 8158
f 8133 8095 8143
f 8143 8095 8144
f 8144 8095 8134
f 8095 8121 8134
f 8104 8214 8134
f 8230 8214 8231
f 8231 8214 8056
f 8110 8182 8198
f 8234 8058 8159
f 8160 8112 8216
f 8123 8173 8217
f 8163 8060 8200
f 8060 8098 8200
f 8151 8072 8184
f 8335 8184 8072
f 8185 8073 8165
f 8174 8126 8238
f 8128 8166 8075
f 8166 8128 8153
f 8117 8129 8260
f 8191 8130 8223
f 8247 8131 8242
f 8081 8092 8311
f 8155 8261 8051
f 8193 8120 8156
f 8156 8171 8226
f 8158 8143 8181
f 8181 8143 8196
f 8215 8056 8204
f 8232 8205 8314
f 8233 8182 8146
f 8245 8159 8160
f 8206 8173 8183
f 8349 8183 8147
f 8150 8060 8162
f 8256 8113 8151
f 8135 8152 8237
f 8219 8136 8125
f 8125 8073 8185
f 8201 8127 8115
f 8175 8115 8075
f 8075 8166 8186
f 8153 8188 8209
f 8189 8117 8260
f 8223 8101 8247
f 8249 8137 8192
f 8155 8140 8203
f 8140 8169 8203
f 8132 8141 8212
f 8212 8141 8170
f 8170 8045 8193
f 8195 8193 8226
f 8193 8156 8226
f 8227 8109 8179
f 8142 8054 8179
f 8179 8054 8228
f 8228 8054 8180
f 8180 8158 8172
f 8144 8134 8214
f 8086 8145 8264
f 8264 8145 8205
f 8147 8148 8294
f 8162 8060 8235
f 8163 8200 8199
f 8335 8072 8236
f 8219 8125 8185
f 8201 8115 8175
f 8209 8187 8166
f 8166 8153 8209
f 8260 8129 8176
f 8081 8311 8138
f 8261 8155 8376
f 8376 8155 8203
f 8194 8193 8195
f 8228 8227 8179
f 8143 8144 8214
f 8204 8086 8264
f 8254 8198 8182
f 8233 8146 8122
f 8159 8245 8234
f 8245 8160 8216
f 8236 8135 8237
f 8304 8136 8219
f 8176 8190 8260
f 8241 8176 8191
f 8242 8167 8280
f 8138 8168 8177
f 8298 8202 8178
f 8211 8132 8212
f 8212 8170 8193
f 8226 8094 8157
f 8262 8180 8244
f 8180 8172 8244
f 8196 8143 8214
f 8254 8182 8233
f 8233 8122 8234
f 8183 8349 8206
f 8295 8150 8161
f 8162 8235 8150
f 8060 8163 8235
f 8237 8136 8370
f 8257 8174 8238
f 8296 8238 8201
f 8239 8075 8186
f 8186 8166 8187
f 8208 8187 8221
f 8241 8191 8223
f 8319 8280 8248
f 8168 8138 8137
f 8138 8311 8224
f 8271 8178 8261
f 8169 8132 8299
f 8299 8132 8211
f 8321 8226 8157
f 8228 8180 8262
f 8172 8158 8252
f 8231 8056 8215
f 8217 8173 8206
f 8147 8294 8218
f 8303 8256 8151
f 8151 8184 8335
f 8207 8236 8237
f 8219 8185 8165
f 8351 8257 8275
f 8296 8201 8258
f 8201 8175 8239
f 8175 8075 8239
f 8186 8187 8208
f 8209 8188 8259
f 8188 8189 8222
f 8190 8176 8308
f 8308 8176 8241
f 8270 8248 8210
f 8192 8137 8138
f 8311 8139 8202
f 8203 8169 8243
f 8212 8193 8225
f 8193 8194 8225
f 8194 8195 8226
f 8158 8181 8252
f 8252 8181 8214
f 8181 8196 8214
f 8204 8264 8253
f 8282 8264 8205
f 8282 8205 8232
f 8314 8197 8291
f 8198 8254 8255
f 8265 8245 8216
f 8163 8199 8235
f 8235 8199 8164
f 8199 8200 8164
f 8208 8221 8220
f 8267 8220 8221
f 8221 8187 8209
f 8318 8188 8222
f 8318 8222 8189
f 8285 8247 8242
f 8298 8178 8271
f 8213 8172 8263
f 8215 8204 8253
f 8197 8198 8255
f 8217 8206 8292
f 8161 8150 8235
f 8235 8164 8256
f 8335 8236 8316
f 8370 8136 8304
f 8275 8257 8238
f 8186 8208 8239
f 8221 8277 8267
f 8277 8221 8240
f 8221 8209 8259
f 8318 8189 8260
f 8260 8190 8269
f 8192 8138 8320
f 8243 8169 8299
f 8194 8226 8329
f 8172 8213 8244
f 8281 8229 8213
f 8281 8213 8263
f 8263 8172 8252
f 8252 8214 8230
f 8291 8197 8332
f 8332 8197 8255
f 8233 8234 8368
f 8273 8234 8245
f 8123 8217 8380
f 8380 8217 8333
f 8147 8218 8349
f 8303 8151 8335
f 8316 8236 8317
f 8239 8208 8220
f 8240 8221 8259
f 8356 8285 8242
f 8319 8248 8328
f 8342 8138 8224
f 8310 8311 8202
f 8299 8211 8212
f 8225 8194 8212
f 8358 8344 8194
f 8345 8226 8321
f 8157 8227 8251
f 8227 8228 8251
f 8289 8251 8228
f 8244 8213 8229
f 8301 8229 8281
f 8231 8215 8313
f 8313 8215 8253
f 8282 8232 8314
f 8234 8273 8368
f 8333 8217 8292
f 8293 8292 8206
f 8218 8294 8349
f 8349 8294 8361
f 8236 8207 8317
f 8305 8257 8351
f 8239 8220 8267
f 8267 8277 8297
f 8246 8277 8259
f 8277 8240 8259
f 8279 8260 8269
f 8269 8190 8307
f 8365 8307 8190
f 8285 8223 8247
f 8356 8242 8280
f 8286 8270 8249
f 8270 8210 8249
f 8249 8192 8286
f 8212 8250 8357
f 8359 8321 8157
f 8262 8244 8229
f 8254 8233 8255
f 8216 8123 8380
f 8219 8165 8257
f 8275 8238 8296
f 8258 8201 8413
f 8201 8239 8276
f 8297 8239 8267
f 8277 8246 8268
f 8278 8246 8259
f 8365 8190 8308
f 8284 8241 8223
f 8284 8223 8285
f 8328 8248 8270
f 8202 8298 8310
f 8376 8203 8431
f 8203 8243 8448
f 8448 8243 8299
f 8357 8250 8194
f 8250 8212 8194
f 8358 8194 8329
f 8346 8157 8289
f 8157 8251 8289
f 8263 8252 8230
f 8348 8253 8264
f 8273 8245 8324
f 8324 8245 8265
f 8265 8216 8380
f 8295 8161 8411
f 8235 8256 8325
f 8256 8303 8392
f 8303 8335 8369
f 8274 8207 8237
f 8304 8219 8266
f 8219 8257 8305
f 8296 8258 8363
f 8413 8201 8276
f 8259 8188 8278
f 8340 8188 8318
f 8318 8260 8279
f 8328 8270 8286
f 8320 8138 8342
f 8342 8224 8311
f 8271 8261 8343
f 8343 8261 8408
f 8194 8344 8357
f 8329 8226 8345
f 8262 8229 8272
f 8229 8301 8272
f 8348 8264 8282
f 8331 8282 8314
f 8255 8233 8283
f 8293 8206 8349
f 8411 8235 8325
f 8317 8207 8274
f 8362 8351 8275
f 8268 8246 8327
f 8340 8246 8278
f 8308 8241 8284
f 8328 8286 8417
f 8309 8286 8192
f 8431 8203 8448
f 8312 8228 8262
f 8301 8322 8272
f 8263 8230 8231
f 8380 8333 8360
f 8161 8235 8411
f 8316 8317 8423
f 8274 8237 8393
f 8370 8304 8489
f 8394 8219 8305
f 8362 8275 8296
f 8297 8277 8439
f 8277 8268 8439
f 8306 8327 8340
f 8327 8246 8340
f 8278 8188 8340
f 8318 8279 8269
f 8280 8319 8356
f 8417 8286 8309
f 8299 8212 8357
f 8357 8344 8287
f 8345 8321 8397
f 8359 8157 8288
f 8157 8409 8288
f 8346 8289 8377
f 8289 8228 8312
f 8262 8272 8322
f 8263 8302 8281
f 8302 8263 8231
f 8294 8295 8315
f 8325 8256 8392
f 8393 8237 8370
f 8304 8266 8394
f 8266 8219 8394
f 8336 8351 8362
f 8276 8239 8352
f 8439 8268 8326
f 8326 8268 8327
f 8318 8269 8341
f 8310 8342 8311
f 8298 8271 8343
f 8396 8448 8299
f 8409 8157 8346
f 8322 8290 8262
f 8301 8281 8302
f 8314 8291 8332
f 8332 8255 8401
f 8292 8293 8333
f 8361 8294 8403
f 8334 8303 8369
f 8274 8393 8317
f 8383 8296 8363
f 8239 8297 8352
f 8395 8297 8439
f 8306 8340 8339
f 8372 8341 8269
f 8285 8356 8430
f 8397 8329 8345
f 8359 8288 8409
f 8290 8300 8262
f 8322 8301 8347
f 8302 8231 8301
f 8231 8347 8301
f 8231 8313 8347
f 8330 8253 8348
f 8399 8331 8314
f 8399 8314 8332
f 8401 8255 8402
f 8255 8283 8323
f 8472 8233 8368
f 8368 8273 8422
f 8454 8349 8361
f 8392 8303 8334
f 8489 8304 8394
f 8363 8258 8413
f 8429 8318 8341
f 8372 8269 8373
f 8373 8269 8365
f 8269 8307 8365
f 8417 8309 8320
f 8309 8192 8320
f 8437 8310 8298
f 8262 8300 8390
f 8313 8322 8347
f 8348 8282 8470
f 8470 8282 8331
f 8255 8323 8402
f 8379 8273 8324
f 8381 8333 8293
f 8294 8315 8403
f 8315 8295 8456
f 8295 8411 8456
f 8369 8335 8423
f 8335 8316 8423
f 8443 8423 8317
f 8362 8296 8383
f 8352 8297 8395
f 8340 8318 8388
f 8388 8318 8429
f 8436 8320 8342
f 8437 8298 8343
f 8408 8261 8376
f 8396 8299 8357
f 8366 8357 8287
f 8344 8358 8366
f 8397 8321 8359
f 8289 8312 8367
f 8312 8262 8367
f 8253 8330 8313
f 8400 8399 8332
f 8323 8233 8472
f 8324 8265 8380
f 8382 8325 8392
f 8350 8317 8393
f 8383 8363 8413
f 8439 8326 8371
f 8306 8339 8364
f 8364 8339 8337
f 8355 8337 8339
f 8365 8308 8374
f 8374 8308 8284
f 8375 8284 8430
f 8284 8285 8430
f 8319 8328 8416
f 8417 8320 8436
f 8366 8287 8344
f 8389 8397 8359
f 8289 8427 8377
f 8367 8262 8390
f 8290 8322 8313
f 8313 8330 8410
f 8283 8233 8323
f 8428 8380 8381
f 8381 8380 8360
f 8360 8333 8381
f 8411 8325 8382
f 8334 8369 8392
f 8443 8317 8350
f 8351 8336 8305
f 8326 8327 8306
f 8337 8338 8353
f 8338 8338 8353
f 8353 8338 8337
f 8337 8338 8354
f 8338 8338 8354
f 8338 8337 8354
f 8337 8355 8354
f 8339 8340 8388
f 8356 8319 8416
f 8342 8310 8406
f 8406 8310 8437
f 8437 8343 8407
f 8464 8407 8343
f 8500 8346 8377
f 8289 8367 8427
f 8293 8349 8454
f 8276 8352 8395
f 8364 8337 8404
f 8354 8355 8337
f 8429 8341 8415
f 8341 8372 8460
f 8284 8375 8435
f 8436 8342 8405
f 8464 8343 8497
f 8358 8329 8366
f 8467 8329 8397
f 8389 8359 8418
f 8390 8300 8420
f 8400 8332 8401
f 8454 8361 8403
f 8306 8364 8326
f 8415 8341 8460
f 8373 8365 8374
f 8374 8284 8373
f 8405 8342 8406
f 8366 8329 8467
f 8420 8300 8378
f 8290 8313 8421
f 8421 8313 8410
f 8472 8368 8432
f 8454 8403 8513
f 8392 8369 8433
f 8364 8404 8326
f 8385 8414 8386
f 8386 8414 8387
f 8424 8384 8355
f 8495 8460 8372
f 8435 8373 8284
f 8416 8328 8462
f 8482 8328 8417
f 8497 8343 8408
f 8408 8376 8447
f 8357 8366 8449
f 8418 8359 8409
f 8500 8377 8427
f 8300 8290 8391
f 8432 8368 8422
f 8379 8324 8380
f 8380 8428 8473
f 8455 8403 8315
f 8383 8413 8362
f 8413 8276 8520
f 8414 8385 8386
f 8385 8386 8386
f 8386 8387 8386
f 8386 8387 8414
f 8424 8355 8339
f 8339 8388 8424
f 8388 8429 8424
f 8495 8372 8373
f 8435 8375 8430
f 8463 8405 8406
f 8466 8357 8465
f 8465 8357 8449
f 8483 8409 8346
f 8367 8390 8398
f 8300 8391 8378
f 8422 8273 8379
f 8442 8403 8455
f 8411 8382 8456
f 8382 8392 8412
f 8392 8433 8412
f 8457 8443 8350
f 8350 8393 8476
f 8393 8370 8476
f 8519 8394 8434
f 8337 8355 8404
f 8355 8384 8404
f 8384 8414 8459
f 8462 8328 8482
f 8497 8408 8447
f 8396 8466 8448
f 8396 8357 8466
f 8467 8397 8498
f 8397 8389 8418
f 8500 8427 8450
f 8451 8367 8419
f 8367 8398 8419
f 8398 8390 8469
f 8421 8391 8290
f 8410 8330 8348
f 8331 8399 8400
f 8473 8379 8380
f 8428 8381 8453
f 8476 8370 8489
f 8489 8394 8519
f 8458 8434 8394
f 8336 8362 8520
f 8414 8384 8424
f 8426 8460 8495
f 8495 8373 8446
f 8496 8430 8356
f 8462 8356 8416
f 8436 8405 8463
f 8418 8409 8483
f 8468 8427 8451
f 8427 8367 8451
f 8378 8391 8421
f 8421 8410 8517
f 8470 8410 8348
f 8401 8402 8452
f 8452 8402 8472
f 8402 8323 8472
f 8422 8379 8432
f 8432 8379 8512
f 8512 8379 8473
f 8453 8381 8293
f 8455 8315 8518
f 8518 8315 8531
f 8457 8350 8476
f 8458 8394 8305
f 8539 8305 8336
f 8520 8362 8413
f 8276 8395 8621
f 8404 8384 8459
f 8459 8414 8444
f 8425 8460 8426
f 8373 8435 8446
f 8507 8430 8496
f 8447 8376 8431
f 8465 8448 8466
f 8467 8449 8366
f 8498 8397 8545
f 8545 8397 8418
f 8483 8346 8500
f 8420 8378 8421
f 8331 8400 8511
f 8401 8438 8400
f 8315 8456 8475
f 8369 8423 8443
f 8458 8305 8539
f 8621 8395 8514
f 8514 8395 8439
f 8326 8404 8477
f 8414 8424 8429
f 8429 8415 8460
f 8460 8425 8582
f 8507 8435 8430
f 8574 8417 8436
f 8406 8437 8441
f 8437 8407 8464
f 8450 8427 8468
f 8469 8390 8421
f 8390 8420 8421
f 8511 8400 8438
f 8513 8403 8442
f 8433 8369 8443
f 8440 8444 8532
f 8445 8532 8444
f 8445 8444 8414
f 8425 8426 8461
f 8545 8418 8483
f 8508 8483 8500
f 8578 8410 8470
f 8472 8432 8581
f 8453 8473 8428
f 8531 8315 8475
f 8501 8456 8382
f 8496 8356 8535
f 8535 8356 8462
f 8536 8437 8464
f 8447 8431 8557
f 8586 8448 8465
f 8451 8419 8510
f 8470 8331 8471
f 8382 8412 8501
f 8501 8412 8433
f 8501 8433 8610
f 8371 8326 8477
f 8477 8404 8502
f 8502 8404 8459
f 8524 8445 8414
f 8495 8446 8534
f 8463 8406 8525
f 8406 8441 8536
f 8441 8437 8536
f 8557 8431 8448
f 8557 8448 8586
f 8609 8483 8593
f 8547 8450 8468
f 8547 8468 8527
f 8517 8398 8469
f 8421 8517 8469
f 8517 8410 8578
f 8471 8331 8511
f 8548 8512 8473
f 8549 8453 8293
f 8488 8610 8433
f 8551 8443 8457
f 8538 8476 8489
f 8276 8621 8520
f 8459 8444 8502
f 8490 8532 8445
f 8414 8429 8524
f 8524 8429 8460
f 8497 8447 8557
f 8449 8467 8498
f 8508 8500 8499
f 8500 8450 8547
f 8419 8398 8517
f 8579 8470 8471
f 8511 8438 8401
f 8401 8452 8530
f 8530 8452 8580
f 8549 8293 8474
f 8293 8454 8474
f 8513 8442 8518
f 8442 8455 8518
f 8488 8433 8443
f 8457 8476 8538
f 8434 8458 8519
f 8336 8520 8540
f 8445 8524 8523
f 8524 8460 8582
f 8425 8461 8491
f 8491 8461 8503
f 8479 8493 8505
f 8505 8493 8478
f 8535 8462 8482
f 8535 8482 8515
f 8482 8417 8555
f 8555 8417 8607
f 8574 8436 8463
f 8526 8465 8449
f 8593 8483 8558
f 8483 8508 8558
f 8468 8451 8509
f 8509 8451 8485
f 8451 8486 8485
f 8485 8486 8486
f 8486 8486 8487
f 8486 8451 8487
f 8487 8451 8516
f 8530 8511 8401
f 8452 8472 8580
f 8548 8473 8453
f 8548 8453 8568
f 8513 8518 8561
f 8531 8475 8501
f 8475 8456 8501
f 8514 8439 8371
f 8371 8477 8502
f 8444 8440 8502
f 8440 8532 8502
f 8582 8425 8491
f 8533 8426 8504
f 8426 8505 8504
f 8480 8481 8494
f 8505 8426 8481
f 8534 8446 8507
f 8446 8435 8507
f 8525 8406 8575
f 8406 8536 8556
f 8546 8500 8547
f 8527 8468 8484
f 8509 8484 8468
f 8509 8485 8516
f 8485 8486 8516
f 8486 8487 8516
f 8451 8510 8516
f 8516 8510 8419
f 8516 8419 8517
f 8580 8472 8581
f 8581 8432 8512
f 8549 8474 8454
f 8488 8443 8610
f 8538 8489 8519
f 8660 8458 8539
f 8502 8532 8552
f 8582 8491 8503
f 8461 8426 8533
f 8505 8478 8492
f 8478 8493 8479
f 8553 5 8543
f 8543 5 8480
f 8494 8481 8426
f 8426 8495 8534
f 8554 8534 8507
f 8507 8496 8554
f 8607 8417 8574
f 8574 8463 8525
f 8575 8406 8556
f 8464 8497 8536
f 8526 8449 8637
f 8449 8498 8637
f 8545 8483 8609
f 8500 8546 8499
f 8549 8454 8561
f 8454 8513 8561
f 8610 8443 8551
f 8551 8457 8538
f 8371 8502 8589
f 8563 8532 8490
f 8490 8521 8563
f 8582 8503 8461
f 8505 8492 8572
f 8583 8492 8478
f 8553 8543 8542
f 8543 8480 8426
f 8480 8494 8426
f 8536 8497 8544
f 8544 8497 8557
f 8637 8498 8545
f 8595 8508 8546
f 8508 8499 8546
f 8580 8581 8560
f 8512 8548 8581
f 8531 8501 8550
f 8550 8501 8610
f 8519 8458 8660
f 8539 8336 8540
f 8614 8540 8520
f 8614 8520 8621
f 8588 8514 8371
f 8478 8479 8583
f 8479 8506 8553
f 8554 8496 8535
f 8555 8515 8482
f 8586 8465 8591
f 8592 8465 8526
f 8565 8547 8559
f 8566 8547 8527
f 8484 8528 8529
f 8528 8528 8529
f 8528 8527 8529
f 8527 8484 8529
f 8578 8509 8516
f 8518 8531 8599
f 8660 8539 8661
f 8614 8539 8540
f 8621 8514 8588
f 8521 8490 8615
f 8504 8505 8572
f 8653 8479 8553
f 8543 8426 8534
f 8574 8525 8575
f 8546 8547 8565
f 8577 8527 8537
f 8527 8528 8537
f 8528 8528 8537
f 8537 8528 8484
f 8484 8509 8578
f 8578 8516 8517
f 8579 8471 8667
f 8511 8530 8567
f 8530 8580 8567
f 8567 8580 8596
f 8659 8581 8548
f 8453 8549 8598
f 8569 8518 8599
f 8611 8610 8551
f 8562 8551 8538
f 8538 8519 8642
f 8519 8660 8642
f 8522 8521 8615
f 8615 8582 8461
f 8461 8533 8504
f 8606 8572 8492
f 8479 8653 8583
f 8542 8541 8654
f 8541 8542 8585
f 8554 8535 8603
f 8591 8465 8592
f 8618 8545 8609
f 8537 8484 8577
f 8471 8511 8567
f 8596 8580 8560
f 8560 8581 8596
f 8568 8453 8598
f 8518 8569 8561
f 8588 8371 8589
f 8606 8492 8583
f 8653 8553 8573
f 8553 8542 8564
f 8564 8542 8654
f 8585 8542 8543
f 8603 8535 8555
f 8535 8515 8555
f 8536 8544 8608
f 8558 8508 8587
f 8629 8561 8668
f 8668 8561 8569
f 8599 8531 8570
f 8531 8550 8570
f 8611 8551 8562
f 8589 8502 8563
f 8502 8552 8563
f 8521 8522 8601
f 8624 8522 8691
f 8490 8445 8523
f 8573 8553 8616
f 8636 8607 8574
f 8575 8556 8536
f 8544 8557 8608
f 8608 8557 8586
f 8637 8545 8698
f 8741 8593 8587
f 8593 8558 8587
f 8587 8508 8627
f 8508 8595 8594
f 8673 8546 8565
f 8559 8547 8576
f 8547 8566 8576
f 8527 8577 8566
f 8484 8578 8577
f 8578 8470 8579
f 8667 8471 8628
f 8659 8548 8568
f 8549 8561 8677
f 8570 8550 8610
f 8614 8661 8539
f 8490 8523 8615
f 8523 8524 8615
f 8553 8564 8654
f 8543 8534 8585
f 8585 8534 8603
f 8603 8534 8554
f 8607 8603 8555
f 8666 8559 8566
f 8566 8559 8576
f 8628 8471 8567
f 8569 8599 8668
f 8613 8538 8642
f 8552 8532 8563
f 8563 8521 8601
f 8522 8624 8601
f 8522 8615 8602
f 8615 8461 8652
f 8461 8504 8571
f 8504 8572 8571
f 8571 8606 8605
f 8571 8572 8606
f 8653 8573 8616
f 8553 8654 8584
f 8541 8617 8646
f 8617 8541 8585
f 8636 8574 8575
f 8575 8536 8591
f 8536 8608 8591
f 8566 8577 8666
f 8596 8581 8659
f 8562 8538 8613
f 8622 8563 8601
f 8691 8522 8602
f 8524 8582 8615
f 8606 8583 8653
f 8605 8653 8590
f 8553 8584 8616
f 8654 8541 8646
f 8617 8585 8603
f 8591 8592 8721
f 8638 8618 8609
f 8627 8508 8594
f 8595 8546 8673
f 8565 8559 8604
f 8577 8578 8666
f 8666 8578 8579
f 8619 8579 8745
f 8745 8579 8667
f 8676 8659 8597
f 8659 8568 8597
f 8676 8568 8598
f 8677 8561 8629
f 8620 8614 8621
f 8621 8588 8600
f 8589 8563 8643
f 8699 8624 8691
f 8653 8605 8606
f 8626 8616 8695
f 8616 8584 8654
f 8608 8586 8591
f 8609 8593 8741
f 8744 8594 8595
f 8604 8559 8666
f 8619 8666 8579
f 8567 8596 8674
f 8676 8597 8568
f 8630 8610 8611
f 8611 8562 8612
f 8621 8600 8620
f 8600 8588 8620
f 8601 8624 8701
f 8691 8602 8615
f 8461 8571 8652
f 8738 8590 8653
f 8634 8653 8616
f 8708 8626 8695
f 8616 8654 8695
f 8696 8617 8655
f 8635 8603 8607
f 8575 8591 8711
f 8637 8592 8526
f 8609 8741 8638
f 8594 8744 8671
f 8669 8611 8612
f 8643 8563 8622
f 8571 8605 8652
f 8626 8708 8777
f 8655 8617 8635
f 8617 8603 8635
f 8698 8545 8618
f 8618 8638 8698
f 8627 8594 8657
f 8673 8565 8639
f 8676 8598 8549
f 8678 8599 8570
f 8570 8610 8630
f 8669 8612 8562
f 8562 8613 8669
f 8669 8613 8642
f 8661 8614 8620
f 8728 8620 8588
f 8623 3 8683
f 8644 3 8679
f 8680 8632 8622
f 8632 8679 8622
f 8622 8601 8633
f 8701 8624 8670
f 8702 8624 8690
f 8615 8652 8625
f 8652 8700 8625
f 8634 8616 8626
f 8592 8637 8656
f 8741 8587 8627
f 8595 8673 8681
f 8641 8604 8666
f 8682 8619 8745
f 8675 8596 8715
f 8715 8596 8659
f 8669 8570 8630
f 8630 8611 8669
f 8661 8620 8768
f 8728 8588 8589
f 8643 8622 8623
f 8650 8623 8631
f 8670 8624 8702
f 8691 8615 8625
f 8605 8590 8645
f 8590 8738 8645
f 8645 8738 8712
f 8808 8626 8707
f 8707 8626 8739
f 8739 8626 8777
f 8646 8617 8696
f 8697 8655 8740
f 8655 8635 8740
f 8636 8575 8711
f 8721 8592 8656
f 8741 8627 8722
f 8722 8627 8657
f 8686 8595 8681
f 8565 8604 8641
f 8795 8676 8549
f 8677 8629 8717
f 8668 8599 8678
f 8650 8643 8623
f 8699 8690 8624
f 8738 8733 8712
f 8721 8711 8591
f 8594 8723 8657
f 8673 8648 8647
f 8647 8648 8648
f 8673 8648 8649
f 8648 8648 8649
f 8648 8673 8649
f 8673 8639 8649
f 8565 8640 8639
f 8639 8640 8565
f 8666 8619 8682
f 8667 8628 8567
f 8675 8674 8596
f 8718 8669 8660
f 8669 8642 8660
f 8589 8643 8728
f 8631 8623 8683
f 8633 8601 8701
f 8691 8625 8651
f 8652 8605 8645
f 8719 8653 8634
f 8654 8646 8696
f 8696 8655 8709
f 8635 8607 8636
f 8635 8636 8720
f 8686 8681 8658
f 8647 8648 8673
f 8649 8639 8673
f 8639 8565 8755
f 8717 8629 8668
f 8643 8650 8687
f 8683 3 8684
f 3 8644 8684
f 8622 8633 8680
f 8685 8723 8594
f 8671 8744 8663
f 8664 8658 8665
f 8673 8639 8755
f 8565 8641 8755
f 8666 8682 8714
f 8746 8745 8667
f 8675 8746 8674
f 8715 8659 8676
f 8795 8549 8677
f 8774 8669 8718
f 8689 8644 8750
f 8750 8644 8730
f 8713 8730 8644
f 8713 8644 8679
f 8686 8658 8672
f 8658 8664 8672
f 8672 8664 8664
f 8664 8665 8664
f 8664 8665 8686
f 8665 8658 8686
f 8641 8666 8714
f 8714 8682 8745
f 8746 8667 8567
f 8668 8678 8726
f 8570 8669 8747
f 8718 8660 8661
f 8727 8661 8768
f 8768 8620 8728
f 8728 8643 8687
f 8687 8650 8631
f 2 8631 8684
f 8631 8683 8684
f 8713 8679 8662
f 8685 8594 8671
f 8744 8595 8823
f 8672 8664 8686
f 8686 8658 8681
f 8673 8755 8681
f 8567 8674 8746
f 8678 8570 8726
f 8688 8631 2
f 8632 8680 8662
f 8680 8633 8701
f 8823 8595 8686
f 8746 8675 8715
f 8803 8677 8717
f 8747 8669 8826
f 8718 8661 8727
f 8727 8768 8734
f 8631 8688 8704
f 8738 8653 8719
f 8706 8626 8808
f 8695 8654 8731
f 8656 8637 8779
f 8779 8637 8698
f 8638 8741 8732
f 8699 8685 8690
f 8685 8702 8690
f 8651 8625 8781
f 8700 8652 8645
f 8662 8680 8743
f 8641 8714 8755
f 8784 8714 8745
f 8717 8668 8726
f 8747 8726 8570
f 8826 8669 8804
f 8631 8704 8687
f 8703 8704 8729
f 8692 8688 8693
f 8688 2 8693
f 8684 8644 8689
f 8706 8719 8634
f 8634 8626 8706
f 8778 8695 8731
f 8709 8655 8697
f 8772 8685 8699
f 8691 8651 8781
f 8701 8670 8702
f 8745 8813 8784
f 8795 8677 8803
f 8804 8669 8805
f 8805 8669 8774
f 8687 8704 8703
f 8688 8692 8705
f 8692 8693 8705
f 8693 2 8705
f 8733 8738 8788
f 8817 8777 8708
f 8770 8708 8799
f 8708 8694 8799
f 8694 8708 8778
f 8708 8695 8778
f 8800 8654 8709
f 8654 8696 8709
f 8740 8635 8720
f 8721 8656 8759
f 8779 8698 8789
f 8698 8638 8732
f 8771 8741 8722
f 8699 8691 8781
f 8700 8645 8625
f 8782 8730 8713
f 8713 8662 8851
f 8851 8662 8743
f 8724 8794 8701
f 8701 8702 8685
f 8725 8685 8671
f 8671 8663 8744
f 8823 8686 8681
f 8728 8687 8703
f 8705 2 8688
f 8730 8733 8788
f 8854 8808 8707
f 8817 8708 8770
f 8710 8740 8720
f 8759 8711 8721
f 8780 8741 8771
f 8657 8833 8742
f 8723 8685 8833
f 8685 8772 8833
f 8751 8781 8625
f 8645 8712 8625
f 8782 8733 8730
f 8851 8812 8713
f 8680 8701 8794
f 8701 8685 8760
f 8681 8755 8824
f 8714 8784 8755
f 8716 8715 8676
f 8839 8717 8747
f 8734 8768 8756
f 2 8684 8689
f 8750 8730 8788
f 8738 8719 8845
f 8709 8697 8800
f 8800 8697 8740
f 8720 8636 8711
f 8789 8698 8732
f 8722 8657 8742
f 8657 8723 8833
f 8699 8781 8792
f 8821 8712 8782
f 8712 8733 8782
f 8671 8744 8725
f 8823 8681 8824
f 8717 8726 8747
f 8728 8703 8769
f 8703 8729 8749
f 8729 8735 8736
f 8736 8735 8736
f 8736 8735 8735
f 8735 8735 8737
f 8735 8729 8737
f 8688 8853 8704
f 8739 8758 8707
f 8809 8710 8711
f 8710 8720 8711
f 8857 8722 8742
f 8699 8792 8810
f 8625 8712 8751
f 8782 8713 8812
f 8802 8743 8794
f 8743 8680 8794
f 8715 8825 8746
f 8825 8715 8716
f 8717 8839 8803
f 8796 8747 8826
f 8816 8727 8734
f 8756 8768 8797
f 8827 8728 8769
f 8853 8769 8703
f 8729 8736 8749
f 8749 8736 8748
f 8736 8736 8748
f 8748 8736 8749
f 8736 8735 8749
f 8735 8737 8749
f 8737 8729 8749
f 8749 8729 8853
f 8729 8704 8853
f 8688 2 8853
f 8888 8689 8750
f 8788 8738 8880
f 8880 8738 8845
f 8854 8707 8911
f 8778 8731 8900
f 8800 8740 8881
f 8740 8710 8881
f 8809 8711 8759
f 8789 8732 8741
f 8751 8712 8821
f 8783 8794 8752
f 8753 8752 8754
f 8752 8794 8754
f 8794 8724 8754
f 8724 8783 8754
f 8724 8701 8783
f 8783 8701 8773
f 8773 8701 8760
f 8685 8725 8876
f 8725 8744 8876
f 8745 8746 8813
f 8761 8734 8756
f 8797 8768 8764
f 8768 8728 8827
f 8775 8750 8788
f 8739 8777 8899
f 8855 8799 8694
f 8759 8801 8809
f 8759 8656 8779
f 8741 8780 8789
f 8851 8743 8802
f 8752 8753 8783
f 8753 8754 8783
f 8824 8755 8784
f 8813 8746 8825
f 8716 8676 8878
f 8878 8676 8795
f 8839 8747 8796
f 8718 8727 8816
f 8797 8757 8787
f 8787 8757 8762
f 8787 8762 8763
f 8762 8757 8763
f 8763 8757 8764
f 8757 8797 8764
f 8764 8768 8798
f 8765 8766 8767
f 8767 8766 8807
f 8766 8765 8807
f 8703 8749 8853
f 8853 2 8689
f 8888 8750 8775
f 8845 8719 8808
f 8719 8706 8808
f 8911 8707 8758
f 8855 8694 8778
f 8731 8654 8800
f 8881 8710 8809
f 8790 8771 8722
f 8699 8810 8772
f 8821 8792 8781
f 8773 8760 8685
f 8774 8718 8841
f 8734 8761 8786
f 8787 8763 8764
f 8798 8768 8807
f 8765 8767 8807
f 8807 8768 8827
f 8776 8808 8854
f 8900 8731 8800
f 8881 8809 8828
f 8801 8759 8779
f 8861 8779 8789
f 8818 8789 8780
f 8780 8771 8790
f 8811 8810 8792
f 8793 8782 8884
f 8836 8794 8783
f 8744 8823 8876
f 8784 8813 8785
f 8841 8718 8816
f 8786 8761 8806
f 8761 8756 8797
f 8769 8853 8905
f 8880 8888 8788
f 8888 8775 8788
f 8899 8777 8817
f 8770 8799 8912
f 8829 8779 8890
f 8848 8779 8861
f 8722 8857 8849
f 8864 8772 8791
f 8772 8810 8791
f 8781 8751 8821
f 8821 8782 8822
f 8822 8782 8793
f 8802 8794 8836
f 8837 8783 8773
f 8784 8785 8824
f 8785 8813 8852
f 8825 8716 8878
f 8878 8795 8803
f 8887 8804 8805
f 8816 8734 8842
f 8842 8734 8786
f 8827 8769 8844
f 8844 8769 8905
f 8817 8770 8912
f 8912 8799 8847
f 8809 8801 8828
f 8801 8779 8829
f 8890 8779 8848
f 8861 8789 8818
f 8780 8790 8722
f 8932 8833 8772
f 8851 8802 8907
f 8773 8685 8876
f 8893 8876 8823
f 8796 8814 8839
f 8815 8774 8841
f 8761 8797 8764
f 8889 8855 8778
f 8778 8900 8889
f 8828 8801 8922
f 8872 8862 8722
f 8862 8780 8722
f 8872 8722 8831
f 8857 8742 8819
f 8772 8864 8932
f 8874 8810 8811
f 8884 8782 8812
f 8907 8802 8836
f 8836 8783 8837
f 8823 8824 8852
f 8824 8785 8852
f 8878 8803 8838
f 8803 8839 8838
f 8826 8804 8868
f 8868 8804 8887
f 8887 8805 8774
f 8895 8774 8815
f 8845 8808 8776
f 8739 8899 8758
f 8931 8899 8817
f 8906 8846 8817
f 8847 8799 8855
f 8900 8800 8915
f 8831 8722 8891
f 8722 8849 8891
f 8820 8742 8833
f 8834 8850 8835
f 8791 8810 8874
f 8792 8821 8811
f 8837 8773 8865
f 8865 8773 8876
f 8894 8893 8823
f 8839 8814 8903
f 8887 8774 8840
f 8895 8815 8841
f 8841 8816 8842
f 8896 8842 8786
f 8806 8761 8948
f 8797 8787 8764
f 8807 8827 8843
f 8843 8827 8844
f 8905 8853 8689
f 8897 8888 8879
f 8919 8776 8854
f 8931 8817 8846
f 8855 8889 8856
f 8915 8800 8859
f 8800 8881 8859
f 8780 8862 8901
f 8862 8872 8830
f 8742 8820 8832
f 8811 8821 8874
f 8874 8821 8883
f 8821 8822 8793
f 8884 8812 8851
f 8813 8825 8878
f 8903 8814 8796
f 8908 8796 8867
f 8796 8826 8918
f 8840 8774 8895
f 8858 8895 8841
f 8928 8786 8948
f 8786 8806 8948
f 8689 8888 8905
f 8888 8880 8879
f 8906 8817 8912
f 8912 8847 8913
f 8801 8829 8860
f 8860 8829 8890
f 8820 8833 8873
f 8873 8833 8835
f 8850 8834 8835
f 8835 8833 8932
f 8883 8821 8793
f 8837 8865 8955
f 8838 8839 8947
f 8903 8796 8908
f 8918 8826 8868
f 8963 8895 8858
f 8841 8842 8896
f 8896 8786 8928
f 8843 8844 8807
f 8905 8888 8897
f 8931 8846 8906
f 8913 8847 8855
f 8859 8881 8915
f 8881 8828 8922
f 8922 8801 8860
f 8890 8848 8922
f 8848 8861 8869
f 8872 8831 8863
f 8864 8791 8924
f 8837 8955 8836
f 8894 8823 8852
f 8852 8813 8877
f 8867 8796 8918
f 8948 8761 8764
f 8764 8798 8998
f 8798 8807 8904
f 8880 8845 8978
f 8845 8776 8978
f 8913 8855 8914
f 8989 8856 8889
f 8920 8889 8900
f 8832 8820 8873
f 8851 8907 8793
f 8955 8907 8836
f 8894 8852 8877
f 8877 8813 8941
f 8886 8878 8838
f 8866 8838 8935
f 8947 8839 8903
f 9039 8840 8963
f 8840 8895 8963
f 8905 8904 8807
f 8807 8844 8905
f 8950 8880 8978
f 8919 8854 8911
f 8911 8758 8964
f 8758 8899 8999
f 8921 8881 8922
f 8860 8890 8922
f 8922 8848 8869
f 8869 8861 8818
f 8923 8818 8780
f 8923 8780 8901
f 8901 8862 8830
f 8830 8870 8901
f 8830 8872 8871
f 8831 8891 8882
f 8742 8832 8873
f 8932 8864 8924
f 8884 8851 8793
f 8876 8893 8865
f 9039 8887 8840
f 8858 8841 8963
f 8879 8880 8898
f 8978 8776 8910
f 8919 8910 8776
f 8964 8758 8999
f 8871 8872 8902
f 8902 8872 8863
f 8849 8857 8892
f 8857 8819 8892
f 8819 8742 8892
f 8924 8791 8875
f 8791 8874 8875
f 8793 8874 8883
f 8894 8877 8926
f 8813 8878 8886
f 8886 8838 8866
f 8935 8838 8947
f 8976 8868 9045
f 8963 8841 8896
f 8928 8948 8986
f 8998 8798 8904
f 8964 8951 8911
f 8954 8931 8906
f 8989 8889 8920
f 8830 8871 8902
f 8916 8882 8891
f 8892 8742 8873
f 8873 8835 8932
f 8875 8874 8793
f 8793 8907 8938
f 8907 8955 8969
f 8955 8865 9006
f 8925 8894 8926
f 8926 8877 8917
f 8917 8877 8941
f 8941 8813 8886
f 8908 8867 8909
f 8918 8868 8962
f 8868 8887 9045
f 8897 8879 8898
f 8914 8855 8966
f 8855 8856 8966
f 9012 8881 9000
f 9000 8881 8921
f 8922 8869 9013
f 8870 8830 8901
f 8901 8830 8902
f 8831 8902 8863
f 8831 8882 8916
f 8891 8849 8916
f 8916 8849 8892
f 8983 8865 8894
f 8865 8893 8894
f 9045 8887 9039
f 8948 8764 8998
f 8905 8897 8949
f 8929 8897 8930
f 8930 8897 8950
f 8897 8898 8950
f 8999 8899 8952
f 8906 8912 8954
f 8920 8900 8936
f 9013 8869 8818
f 8923 8901 8902
f 8892 8873 8932
f 8793 8938 8875
f 8969 8938 8907
f 8894 8925 8885
f 8917 8941 9015
f 8941 8886 8927
f 8933 8866 8934
f 8947 8903 8908
f 8909 8867 8918
f 8962 8868 8976
f 8898 8880 8950
f 8919 8911 8951
f 8913 8914 9011
f 8966 8856 8989
f 8881 9012 8915
f 9013 8818 8923
f 9022 8932 8924
f 8983 9006 8865
f 8983 8894 8939
f 8894 8885 8939
f 8927 8886 8866
f 8934 8866 8935
f 8963 8896 8928
f 8905 8949 8904
f 8949 8897 8929
f 8954 8912 8980
f 8912 8913 8980
f 8980 8913 9011
f 9000 8921 8922
f 9004 8922 9013
f 8939 8885 8970
f 8996 8917 9015
f 8935 8947 9018
f 8908 8909 8962
f 8909 8918 8962
f 9039 8963 9041
f 8948 8998 8977
f 9011 8914 8981
f 8981 8914 8982
f 8965 8914 9057
f 9057 8914 8966
f 9013 8923 9005
f 9005 8923 8968
f 8923 8902 8968
f 8902 8831 8968
f 8968 8831 8916
f 8916 8892 8932
f 8916 8932 9022
f 8924 8875 9022
f 8875 9014 9022
f 8875 8938 8937
f 8885 8925 8970
f 8959 8941 9016
f 8941 8927 9016
f 8928 8986 8963
f 8948 8987 8986
f 8929 8930 8950
f 8979 8910 8919
f 9031 8964 8999
f 8899 8931 8953
f 8980 9011 9025
f 8914 8965 8982
f 8989 8920 8936
f 8900 8915 9034
f 9034 8915 9012
f 9000 8922 9004
f 8925 8926 8992
f 8992 8926 8917
f 8940 9015 8958
f 9015 8941 8959
f 8927 8866 8933
f 8975 8943 8944
f 8944 8943 8945
f 8945 8943 8946
f 8943 8975 8946
f 9017 8934 8935
f 9017 8935 9018
f 9044 8950 8978
f 8988 8919 8951
f 8953 8931 8954
f 9011 9082 9036
f 8989 8936 8967
f 9005 8916 9022
f 8970 8925 8991
f 8991 8925 8992
f 8996 9015 8956
f 9015 8940 8956
f 8956 8940 8940
f 8940 8940 8957
f 8957 8940 8958
f 9016 8927 8960
f 8927 8942 8960
f 8942 8942 8960
f 8960 8942 8975
f 8975 8942 8961
f 8942 8942 8961
f 8942 8927 8961
f 8927 8975 8961
f 8927 8933 8975
f 8944 8945 8975
f 8945 8946 8975
f 9018 8947 9059
f 8947 8908 9059
f 9059 8908 8962
f 8987 8948 8977
f 8977 8998 8997
f 8998 8904 9043
f 8904 8949 9043
f 8979 8919 8988
f 8951 8964 9031
f 8999 8952 9010
f 9010 8899 9055
f 9011 8981 8982
f 9101 8989 9021
f 8900 9034 8936
f 8968 8916 9005
f 9038 8875 8990
f 8875 8937 8990
f 8990 8937 8938
f 8955 9006 8969
f 8993 8992 8917
f 8956 8940 8996
f 8940 8957 8996
f 8957 8958 8996
f 9015 8959 8972
f 8972 8959 8973
f 8973 8959 8974
f 8974 8959 9016
f 8960 8975 9016
f 8988 8951 9019
f 9031 8999 9061
f 8952 8899 9010
f 8899 8953 9055
f 9021 8989 9032
f 8989 8967 9032
f 8938 8969 8990
f 8993 8971 8984
f 8984 8971 8984
f 8984 8971 8995
f 8971 8993 8995
f 8993 8917 8995
f 8996 8958 9015
f 9015 8972 8973
f 8972 8973 8973
f 8973 8973 8985
f 8973 8974 8985
f 8933 8934 9017
f 8962 8976 9028
f 8978 8910 9035
f 8910 8979 9035
f 8954 8980 9048
f 9057 8966 9020
f 9032 8967 8936
f 9014 8875 9038
f 8939 8970 9002
f 8993 8984 8994
f 8984 8984 8994
f 8994 8984 8995
f 8917 8996 9008
f 8973 8985 9015
f 8985 8974 9015
f 8974 9016 9015
f 8963 8986 9024
f 8929 8950 9044
f 8953 8954 9055
f 9055 8954 9048
f 9011 8982 8965
f 9020 8966 8989
f 9000 9004 9012
f 9013 9005 9027
f 8969 9001 8990
f 9002 8983 8939
f 8992 8993 9007
f 8993 8994 9007
f 8994 8995 9007
f 9059 8962 9028
f 9040 9039 9009
f 9039 9041 9009
f 9041 8963 9024
f 8986 8987 9042
f 8997 8998 9043
f 9044 8978 9035
f 9046 8988 9019
f 9011 9036 9025
f 9003 9082 9011
f 9003 9011 8965
f 9073 8965 9057
f 8989 9101 9020
f 9013 9027 9049
f 9069 9027 9005
f 9001 8969 9006
f 8970 8991 9002
f 8991 8992 9023
f 9023 8992 9007
f 8995 8917 9023
f 8917 9008 9023
f 8975 8933 9051
f 9029 8986 9042
f 8977 8997 9043
f 9065 8929 9044
f 8988 9054 8979
f 9048 8980 9062
f 9056 8980 9025
f 9012 9004 9085
f 9085 9004 9063
f 9063 9004 9102
f 9102 9004 9013
f 9069 9005 9022
f 9038 8990 9064
f 9006 8983 9001
f 8983 9002 9001
f 9007 8995 9023
f 9008 8996 9015
f 9050 9015 9016
f 9051 8933 9017
f 9072 9045 9039
f 9024 8986 9060
f 9060 8986 9029
f 9043 8949 9030
f 8949 8929 9030
f 9019 8951 9031
f 9061 8999 9067
f 9062 8980 9056
f 9032 8936 9037
f 9050 8975 9051
f 9059 9028 9052
f 8987 8977 9042
f 9030 8929 9065
f 9054 8988 9046
f 8999 9010 9067
f 9010 9055 9067
f 9107 9036 9082
f 9034 9012 9084
f 9084 9012 9085
f 9102 9013 9026
f 9026 9013 9049
f 9002 8991 9023
f 9050 9016 8975
f 9042 8977 9053
f 9057 9020 9109
f 9101 9021 9032
f 9037 8936 9034
f 9068 9049 9027
f 9069 9022 9014
f 9008 9015 9050
f 9017 9018 9059
f 9072 9039 9076
f 9040 9009 9041
f 9053 8977 9043
f 9044 9035 9096
f 9035 8979 9054
f 9056 9025 9036
f 9107 9082 9114
f 9099 9082 8965
f 9082 9003 8965
f 9099 8965 9073
f 9086 9026 9049
f 9027 9069 9068
f 9070 9002 9023
f 9058 9017 9059
f 9028 8976 9045
f 9060 9040 9041
f 9095 9043 9065
f 9043 9030 9065
f 9046 9019 9134
f 9019 9031 9066
f 9066 9031 9047
f 9047 9031 9061
f 9101 9032 9127
f 9079 9037 9034
f 9033 9034 9084
f 9069 9014 9121
f 9014 9038 9087
f 9001 9002 9116
f 9051 9017 9058
f 9052 9045 9072
f 9118 9039 9040
f 9041 9024 9060
f 9065 9044 9096
f 9019 9119 9134
f 9119 9019 9066
f 9092 9036 9107
f 9079 9034 9074
f 9074 9034 9033
f 9038 9064 9148
f 9002 9070 9075
f 9200 9059 9052
f 9052 9028 9045
f 9052 9072 9122
f 9029 9042 9090
f 9053 9043 9095
f 9126 9067 9055
f 9112 9062 9081
f 9062 9056 9081
f 9109 9020 9108
f 9108 9020 9101
f 9087 9038 9148
f 9117 9050 9051
f 9105 9042 9053
f 9145 9035 9106
f 9054 9046 9106
f 9126 9137 9061
f 9055 9048 9112
f 9048 9062 9112
f 9102 9026 9086
f 9116 8990 9001
f 9008 9050 9071
f 9117 9051 9058
f 9117 9058 9059
f 9118 9040 9089
f 9060 9029 9090
f 9096 9035 9145
f 9035 9054 9106
f 9125 9046 9134
f 9066 9047 9061
f 9037 9079 9032
f 9086 9094 9102
f 9167 9086 9136
f 9086 9049 9136
f 9136 9049 9068
f 9129 9121 9014
f 9070 9023 9088
f 9117 9059 9200
f 9104 9052 9122
f 9076 9039 9118
f 9066 9061 9137
f 9126 9061 9067
f 9056 9036 9092
f 9073 9057 9109
f 9032 9079 9128
f 9085 9063 9102
f 9148 9064 9116
f 9064 8990 9116
f 9116 9002 9075
f 9158 9070 9088
f 9088 9023 9080
f 9023 9008 9080
f 9050 9117 9103
f 9125 9106 9046
f 9126 9055 9112
f 9056 9092 9081
f 9098 9082 9099
f 9127 9032 9078
f 9129 9014 9087
f 9075 9070 9158
f 9008 9071 9080
f 9071 9050 9103
f 9169 9103 9117
f 9089 9060 9090
f 9090 9042 9105
f 9175 9105 9053
f 9142 9065 9096
f 9098 9114 9082
f 9099 9154 9153
f 9099 9073 9077
f 9073 9093 9077
f 9073 9109 9165
f 9100 9108 9101
f 9083 9127 9078
f 9078 9032 9083
f 9083 9032 9128
f 9079 9074 9084
f 9074 9033 9084
f 9116 9075 9158
f 9123 9072 9076
f 9040 9060 9089
f 9111 9105 9175
f 9135 9066 9091
f 9091 9066 9137
f 9097 9081 9188
f 9099 9077 9093
f 9093 9073 9165
f 9165 9109 9108
f 9236 9102 9094
f 9147 9086 9167
f 9110 9068 9069
f 9222 9200 9052
f 9123 9122 9072
f 9089 9090 9124
f 9171 9095 9142
f 9119 9066 9135
f 9112 9081 9113
f 9188 9081 9092
f 9079 9084 9120
f 9084 9085 9120
f 9158 9088 9139
f 9139 9088 9080
f 9222 9052 9104
f 9142 9095 9065
f 9144 9142 9096
f 9094 9086 9173
f 9136 9068 9110
f 9200 9149 9117
f 9161 9118 9089
f 9124 9090 9105
f 9105 9111 9124
f 9053 9095 9171
f 9144 9096 9145
f 9250 9081 9097
f 9217 9114 9098
f 9098 9099 9153
f 9154 9099 9093
f 9156 9101 9127
f 9128 9079 9120
f 9085 9102 9236
f 9129 9087 9148
f 9071 9103 9169
f 9169 9117 9149
f 9123 9076 9118
f 9175 9053 9170
f 9106 9125 9163
f 9135 9091 9137
f 9146 9150 9126
f 9146 9126 9112
f 9138 9112 9113
f 9092 9107 9188
f 9208 9093 9165
f 9155 9108 9156
f 9156 9100 9101
f 9173 9086 9147
f 9168 9136 9115
f 9136 9110 9115
f 9110 9069 9115
f 9220 9121 9129
f 9123 9140 9122
f 9170 9053 9171
f 9142 9144 9143
f 9187 9134 9119
f 9150 9137 9126
f 9146 9112 9138
f 9152 9113 9081
f 9107 9114 9164
f 9164 9114 9217
f 9108 9100 9156
f 9127 9083 9243
f 9115 9069 9121
f 9148 9116 9158
f 9196 9080 9071
f 9104 9122 9223
f 9223 9122 9140
f 9089 9124 9130
f 9145 9106 9186
f 9152 9081 9216
f 9188 9107 9164
f 9083 9128 9166
f 9128 9120 9190
f 9200 9222 9246
f 9160 9123 9197
f 9197 9123 9118
f 9197 9118 9161
f 9132 9131 9133
f 9131 9130 9133
f 9130 9124 9133
f 9124 9141 9133
f 9141 9124 9111
f 9162 9142 9182
f 9125 9134 9163
f 9216 9081 9250
f 9250 9097 9194
f 9217 9098 9153
f 9139 9080 9196
f 9071 9169 9196
f 9130 9141 9089
f 9130 9131 9141
f 9131 9132 9141
f 9132 9133 9141
f 9171 9142 9162
f 9097 9188 9269
f 9234 9108 9155
f 9156 9127 9157
f 9157 9127 9243
f 9180 9166 9128
f 9235 9128 9190
f 9167 9136 9168
f 9221 9148 9158
f 9159 9139 9196
f 9142 9143 9183
f 9163 9134 9187
f 9135 9137 9178
f 9189 9217 9153
f 9165 9108 9234
f 9180 9128 9272
f 9236 9094 9173
f 9209 9147 9167
f 9221 9129 9148
f 9158 9139 9159
f 9223 9140 9123
f 9182 9142 9254
f 9142 9176 9254
f 9142 9183 9176
f 9144 9145 9177
f 9177 9145 9184
f 9184 9145 9186
f 9119 9135 9192
f 9137 9150 9179
f 9311 9150 9205
f 9150 9146 9205
f 9138 9113 9152
f 9164 9217 9172
f 9189 9153 9154
f 9154 9093 9206
f 9272 9128 9235
f 9244 9190 9120
f 9244 9120 9236
f 9120 9085 9236
f 9173 9147 9286
f 9220 9129 9221
f 9222 9104 9223
f 9224 9223 9123
f 9123 9160 9202
f 9160 9197 9237
f 9175 9170 9225
f 9106 9163 9186
f 9146 9138 9151
f 9269 9194 9097
f 9269 9188 9233
f 9206 9093 9207
f 9156 9157 9243
f 9243 9083 9166
f 9195 9167 9168
f 9174 9196 9169
f 9201 9223 9224
f 9203 9160 9237
f 9197 9161 9308
f 9089 9141 9214
f 9141 9111 9175
f 9184 9186 9238
f 9191 9163 9187
f 9187 9119 9192
f 9193 9146 9151
f 9188 9164 9260
f 9189 9154 9206
f 9208 9165 9234
f 9252 9173 9286
f 9245 9147 9209
f 9209 9167 9195
f 9221 9158 9273
f 9169 9149 9200
f 9224 9123 9202
f 9308 9161 9198
f 9161 9089 9198
f 9170 9171 9225
f 9171 9181 9225
f 9171 9162 9182
f 9143 9144 9204
f 9205 9146 9193
f 9151 9138 9152
f 9193 9152 9216
f 9219 9217 9189
f 9207 9093 9208
f 9243 9166 9180
f 9173 9252 9236
f 9286 9147 9245
f 9115 9121 9199
f 9199 9121 9220
f 9210 9220 9221
f 9273 9158 9159
f 9141 9175 9248
f 9171 9267 9181
f 9267 9171 9182
f 9144 9177 9204
f 9226 9186 9163
f 9227 9163 9191
f 9230 9187 9192
f 9137 9179 9311
f 9311 9179 9150
f 9151 9152 9193
f 9193 9216 9315
f 9235 9190 9244
f 9168 9115 9195
f 9265 9115 9199
f 9222 9223 9213
f 9186 9185 9238
f 9229 9187 9230
f 9255 9230 9192
f 9137 9311 9259
f 9233 9188 9260
f 9271 9234 9155
f 9195 9115 9265
f 9196 9174 9211
f 9174 9169 9345
f 9198 9089 9214
f 9215 9176 9183
f 9183 9143 9215
f 9185 9186 9226
f 9231 9192 9135
f 9178 9137 9259
f 9194 9269 9250
f 9260 9164 9280
f 9338 9164 9172
f 9218 9217 9219
f 9180 9272 9263
f 9251 9272 9235
f 9359 9169 9200
f 9223 9201 9213
f 9276 9201 9224
f 9224 9202 9277
f 9203 9237 9308
f 9197 9308 9237
f 9247 9141 9248
f 9267 9182 9254
f 9215 9143 9204
f 9204 9177 9268
f 9232 9135 9178
f 9205 9193 9249
f 9216 9250 9392
f 9342 9155 9156
f 9235 9244 9284
f 9305 9199 9220
f 9344 9159 9211
f 9159 9196 9211
f 9211 9174 9212
f 9202 9160 9277
f 9277 9160 9308
f 9160 9203 9308
f 9214 9141 9247
f 9248 9175 9225
f 9177 9184 9268
f 9192 9231 9257
f 9241 9232 9361
f 9311 9205 9301
f 9249 9193 9315
f 9250 9269 9316
f 9338 9280 9164
f 9281 9217 9218
f 9218 9219 9325
f 9219 9262 9261
f 9219 9189 9206
f 9206 9207 9283
f 9207 9208 9283
f 9236 9252 9327
f 9264 9245 9209
f 9221 9273 9328
f 9273 9159 9266
f 9266 9159 9344
f 9212 9174 9345
f 9345 9169 9359
f 9200 9246 9359
f 9246 9222 9275
f 9198 9214 9289
f 9289 9214 9247
f 9254 9176 9215
f 9215 9204 9268
f 9226 9163 9227
f 9191 9187 9229
f 9239 9229 9230
f 9255 9192 9240
f 9240 9192 9256
f 9256 9192 9257
f 9135 9241 9231
f 9232 9178 9278
f 9302 9205 9295
f 9295 9205 9249
f 9315 9216 9392
f 9172 9217 9400
f 9270 9219 9242
f 9219 9206 9242
f 9297 9206 9283
f 9287 9286 9245
f 9265 9199 9305
f 9359 9246 9274
f 9275 9222 9213
f 9213 9201 9276
f 9248 9225 9253
f 9253 9225 9181
f 9184 9238 9268
f 9185 9226 9347
f 9347 9226 9227
f 9227 9228 9347
f 9227 9191 9228
f 9239 9230 9255
f 9135 9232 9241
f 9361 9232 9278
f 9269 9233 9260
f 9400 9217 9281
f 9262 9219 9270
f 9242 9206 9282
f 9208 9234 9283
f 9356 9234 9326
f 9234 9271 9326
f 9251 9235 9284
f 9244 9236 9327
f 9343 9245 9264
f 9210 9221 9328
f 9276 9224 9288
f 9288 9224 9277
f 9268 9238 9330
f 9238 9185 9347
f 9191 9239 9228
f 9239 9191 9229
f 9278 9178 9279
f 9178 9259 9299
f 9300 9311 9301
f 9322 9250 9316
f 9269 9260 9280
f 9325 9219 9261
f 9282 9206 9377
f 9206 9297 9377
f 9342 9156 9243
f 9420 9251 9284
f 9244 9285 9284
f 9285 9244 9327
f 9327 9252 9304
f 9287 9245 9343
f 9247 9248 9289
f 9258 9255 9240
f 9279 9178 9299
f 9392 9250 9322
f 9340 9283 9356
f 9283 9234 9356
f 9420 9263 9272
f 9272 9251 9420
f 9195 9317 9209
f 9305 9220 9306
f 9220 9210 9306
f 9266 9344 9329
f 9211 9212 9344
f 9274 9246 9275
f 9275 9213 9298
f 9308 9198 9289
f 9289 9248 9290
f 9253 9181 9267
f 9267 9254 9215
f 9228 9239 9372
f 9239 9255 9372
f 9255 9258 9372
f 9240 9256 9258
f 9257 9231 9258
f 9231 9241 9258
f 9291 9278 9292
f 9348 9301 9205
f 9325 9261 9296
f 9261 9262 9296
f 9180 9263 9243
f 9243 9263 9368
f 9357 9284 9369
f 9284 9285 9369
f 9304 9252 9286
f 9264 9209 9343
f 9435 9328 9273
f 9360 9359 9274
f 9346 9275 9307
f 9253 9267 9319
f 9267 9215 9319
f 9215 9268 9330
f 9330 9238 9309
f 9256 9257 9258
f 9291 9361 9278
f 9299 9259 9363
f 9310 9259 9311
f 9293 9311 9300
f 9349 9205 9302
f 9249 9315 9314
f 9315 9392 9314
f 9281 9218 9325
f 9296 9262 9270
f 9297 9283 9377
f 9377 9283 9367
f 9271 9155 9342
f 9286 9287 9304
f 9358 9209 9317
f 9317 9195 9265
f 9273 9266 9435
f 9344 9212 9443
f 9274 9275 9318
f 9318 9275 9346
f 9307 9275 9298
f 9213 9276 9298
f 9308 9289 9416
f 9347 9228 9372
f 9278 9279 9292
f 9279 9299 9292
f 9362 9299 9363
f 9363 9259 9331
f 9300 9301 9373
f 9348 9205 9312
f 9294 9350 9302
f 9386 9295 9249
f 9314 9366 9249
f 9323 9280 9338
f 9338 9172 9355
f 9324 9172 9400
f 9270 9242 9296
f 9242 9282 9377
f 9326 9271 9341
f 9285 9327 9369
f 9306 9210 9328
f 9435 9266 9461
f 9298 9276 9407
f 9276 9288 9407
f 9409 9518 9289
f 9409 9289 9290
f 9507 9215 9330
f 9364 9310 9311
f 9364 9311 9293
f 9313 9349 9302
f 9302 9295 9294
f 9294 9295 9321
f 9365 9386 9249
f 9467 9280 9323
f 9172 9324 9388
f 9400 9281 9339
f 9281 9303 9339
f 9367 9283 9394
f 9283 9340 9394
f 9284 9357 9453
f 9304 9287 9343
f 9415 9209 9358
f 9317 9265 9358
f 9443 9212 9390
f 9274 9318 9383
f 9307 9298 9407
f 9288 9277 9407
f 9309 9238 9347
f 9373 9301 9348
f 9205 9349 9312
f 9320 9302 9350
f 9352 9295 9386
f 9322 9316 9337
f 9303 9281 9325
f 9419 9325 9510
f 9401 9296 9242
f 9368 9342 9243
f 9420 9284 9460
f 9284 9433 9460
f 9369 9327 9378
f 9343 9209 9415
f 9305 9306 9370
f 9461 9266 9329
f 9360 9274 9381
f 9381 9274 9382
f 9346 9307 9407
f 9424 9289 9518
f 9248 9253 9319
f 9319 9215 9448
f 9385 9347 9372
f 9449 9372 9258
f 9291 9417 9361
f 9259 9310 9331
f 9331 9310 9364
f 9348 9312 9391
f 9302 9320 9313
f 9351 9350 9294
f 9365 9249 9374
f 9249 9366 9374
f 9314 9387 9366
f 9375 9314 9392
f 9418 9337 9316
f 9316 9269 9418
f 9269 9280 9376
f 9355 9172 9388
f 9339 9303 9325
f 9401 9242 9377
f 9341 9271 9342
f 9413 9263 9420
f 9370 9306 9328
f 9384 9407 9277
f 9416 9289 9424
f 9409 9290 9248
f 9448 9215 9507
f 9417 9291 9292
f 9292 9299 9362
f 9293 9300 9364
f 9364 9300 9391
f 9300 9373 9391
f 9321 9332 9294
f 9294 9332 9333
f 9332 9334 9333
f 9333 9334 9321
f 9334 9332 9321
f 9335 9387 9336
f 9387 9314 9336
f 9336 9314 9354
f 9322 9393 9392
f 9418 9269 9376
f 9325 9296 9510
f 9342 9368 9459
f 9304 9482 9327
f 9304 9343 9482
f 9390 9212 9345
f 9404 9345 9359
f 9382 9274 9383
f 9416 9277 9308
f 9248 9319 9410
f 9507 9330 9309
f 9417 9258 9361
f 9258 9241 9361
f 9312 9349 9440
f 9349 9313 9440
f 9313 9320 9350
f 9313 9350 9294
f 9294 9350 9351
f 9333 9321 9294
f 9387 9335 9353
f 9353 9335 9335
f 9335 9336 9335
f 9335 9336 9354
f 9354 9314 9375
f 9323 9338 9355
f 9388 9324 9400
f 9419 9339 9325
f 9394 9340 9356
f 9341 9342 9402
f 9433 9284 9453
f 9378 9327 9389
f 9358 9265 9434
f 9434 9265 9305
f 9461 9329 9371
f 9371 9329 9488
f 9329 9344 9443
f 9390 9345 9404
f 9360 9381 9380
f 9318 9346 9383
f 9409 9248 9410
f 9309 9347 9385
f 9449 9258 9417
f 9373 9348 9391
f 9295 9352 9427
f 9353 9335 9387
f 9335 9354 9387
f 9323 9355 9429
f 9400 9339 9419
f 9394 9356 9326
f 9326 9341 9402
f 9403 9402 9342
f 9368 9263 9459
f 9395 9305 9370
f 9346 9407 9406
f 9492 9410 9319
f 9362 9363 9331
f 9331 9364 9391
f 9313 9294 9321
f 9352 9386 9427
f 9396 9374 9366
f 9396 9366 9441
f 9441 9366 9387
f 9322 9337 9398
f 9337 9418 9399
f 9376 9280 9467
f 9429 9355 9388
f 9510 9296 9430
f 9401 9377 9367
f 9403 9342 9459
f 9459 9263 9413
f 9482 9343 9421
f 9421 9343 9415
f 9395 9434 9305
f 9370 9328 9435
f 9359 9360 9379
f 9384 9277 9416
f 9492 9319 9448
f 9385 9372 9425
f 9417 9292 9426
f 9440 9391 9312
f 9321 9295 9427
f 9365 9374 9412
f 9412 9374 9396
f 9354 9375 9496
f 9323 9429 9428
f 9509 9419 9510
f 9414 9433 9453
f 9378 9389 9369
f 9423 9405 9359
f 9360 9380 9379
f 9382 9383 9346
f 9407 9384 9408
f 9409 9410 9506
f 9507 9309 9457
f 9309 9385 9425
f 9426 9292 9362
f 9313 9321 9440
f 9427 9386 9412
f 9386 9365 9412
f 9496 9387 9354
f 9397 9392 9393
f 9393 9322 9398
f 9466 9337 9399
f 9429 9388 9476
f 9430 9296 9401
f 9394 9326 9402
f 9413 9420 9452
f 9389 9469 9369
f 9443 9390 9473
f 9404 9359 9405
f 9359 9379 9423
f 9380 9381 9382
f 9457 9309 9425
f 9425 9372 9411
f 9411 9372 9449
f 9458 9362 9331
f 9496 9375 9392
f 9398 9337 9466
f 9467 9323 9428
f 9388 9400 9476
f 9431 9402 9403
f 9432 9459 9413
f 9414 9453 9468
f 9469 9389 9327
f 9358 9434 9415
f 9405 9423 9446
f 9382 9346 9438
f 9384 9416 9481
f 9439 9518 9409
f 9331 9391 9508
f 9412 9396 9441
f 9418 9376 9467
f 9476 9400 9419
f 9430 9401 9367
f 9367 9394 9498
f 9431 9403 9459
f 9369 9469 9454
f 9514 9415 9470
f 9434 9395 9370
f 9488 9329 9472
f 9473 9504 9443
f 9473 9390 9422
f 9390 9404 9422
f 9404 9405 9437
f 9406 9407 9447
f 9447 9407 9408
f 9533 9518 9439
f 9425 9411 9449
f 9449 9417 9474
f 9426 9362 9548
f 9458 9331 9475
f 9495 9321 9427
f 9427 9412 9441
f 9496 9392 9397
f 9393 9398 9466
f 9466 9399 9418
f 9442 9460 9477
f 9477 9460 9433
f 9521 9453 9357
f 9415 9434 9470
f 9516 9371 9488
f 9472 9329 9443
f 9422 9404 9505
f 9379 9380 9438
f 9380 9382 9438
f 9464 9384 9481
f 9506 9410 9492
f 9475 9331 9508
f 9418 9450 9497
f 9498 9394 9402
f 9537 9402 9431
f 9432 9413 9452
f 9452 9420 9442
f 9442 9420 9460
f 9469 9327 9482
f 9421 9415 9514
f 9370 9435 9515
f 9490 9488 9472
f 9505 9404 9436
f 9446 9423 9379
f 9446 9379 9438
f 9346 9406 9447
f 9481 9416 9424
f 9534 9492 9448
f 9425 9449 9546
f 9474 9417 9493
f 9417 9426 9493
f 9548 9362 9458
f 9440 9321 9495
f 9393 9466 9397
f 9519 9466 9418
f 9519 9418 9497
f 9450 9467 9451
f 9451 9467 9476
f 9467 9428 9476
f 9476 9419 9557
f 9419 9509 9557
f 9537 9431 9459
f 9459 9432 9520
f 9528 9468 9453
f 9512 9369 9454
f 9482 9421 9551
f 9461 9371 9516
f 9488 9490 9489
f 9444 9443 9491
f 9436 9404 9437
f 9437 9405 9445
f 9481 9424 9518
f 9439 9409 9506
f 9523 9425 9546
f 9449 9474 9546
f 9391 9440 9494
f 9427 9441 9495
f 9428 9429 9476
f 9357 9369 9512
f 9552 9470 9434
f 9370 9515 9483
f 9484 9516 9488
f 9472 9443 9455
f 9443 9444 9455
f 9472 9455 9456
f 9455 9444 9456
f 9456 9444 9491
f 9443 9504 9491
f 9463 9436 9437
f 9437 9445 9438
f 9445 9405 9438
f 9405 9446 9438
f 9457 9425 9612
f 9508 9391 9465
f 9494 9440 9495
f 9495 9441 9387
f 9495 9387 9496
f 9450 9418 9467
f 9510 9430 9526
f 9430 9367 9498
f 9432 9452 9442
f 9559 9433 9560
f 9433 9414 9478
f 9528 9453 9521
f 9515 9435 9522
f 9484 9488 9502
f 9456 9491 9472
f 9473 9422 9462
f 9422 9505 9462
f 9505 9436 9463
f 9463 9437 9438
f 9384 9464 9564
f 9553 9534 9448
f 9507 9457 9612
f 9465 9391 9494
f 9496 9397 9536
f 9586 9397 9466
f 9537 9459 9520
f 9477 9433 9559
f 9560 9433 9478
f 9521 9357 9501
f 9512 9454 9469
f 9488 9487 9479
f 9489 9490 9471
f 9505 9463 9438
f 9438 9346 9517
f 9346 9447 9571
f 9564 9464 9481
f 9548 9458 9508
f 9508 9458 9475
f 9536 9397 9586
f 9586 9466 9519
f 9450 9451 9476
f 9450 9476 9587
f 9526 9509 9510
f 9526 9430 9566
f 9566 9430 9498
f 9498 9402 9558
f 9558 9402 9537
f 9442 9477 9559
f 9469 9482 9512
f 9512 9482 1
f 9483 9434 9370
f 9461 9516 9435
f 9502 9488 9561
f 9488 9479 9561
f 9545 9472 9491
f 9517 9346 9571
f 9554 9507 9612
f 9641 9612 9425
f 9524 9546 9493
f 9546 9474 9493
f 9579 9432 9442
f 9478 9414 9468
f 1 9357 9512
f 9561 9479 9503
f 9479 9480 9503
f 9503 9480 9485
f 9485 9480 9486
f 9480 9479 9486
f 9562 9447 9563
f 9564 9481 9604
f 9604 9481 9574
f 9585 9439 9611
f 9611 9439 9506
f 9555 9523 9546
f 9556 9546 9524
f 9524 9493 9547
f 9493 9426 9547
f 9548 9508 9549
f 9508 9465 9494
f 9494 9495 9550
f 9495 9496 9550
f 9550 9496 9565
f 9519 9497 9450
f 9478 9468 9560
f 9468 9528 9527
f 9580 9528 9521
f 9500 9499 9501
f 9501 9357 1
f 1 9482 9609
f 9482 9551 9609
f 9421 9514 9513
f 9514 9470 9552
f 9522 9435 9583
f 9583 9435 9544
f 9544 9435 9516
f 9485 9486 9503
f 9486 9479 9503
f 9503 9479 9487
f 9487 9488 9489
f 9490 9472 9545
f 9572 9447 9408
f 9592 9481 9518
f 9585 9533 9439
f 9506 9492 9593
f 9492 9534 9593
f 9553 9448 9507
f 9565 9496 9536
f 9587 9476 9557
f 9605 9509 9526
f 9566 9498 9606
f 9537 9520 9607
f 9520 9432 9579
f 9579 9442 9559
f 9560 9468 9527
f 9580 9521 9501
f 9501 9499 9500
f 9499 9500 9500
f 9500 9500 9511
f 9500 9501 9511
f 9511 9501 9529
f 9501 9538 9529
f 9538 9501 1
f 9513 9514 9539
f 9539 9514 9552
f 9540 9552 9434
f 9515 9522 9531
f 9516 9649 9544
f 9516 9484 9584
f 9484 9502 9561
f 9487 9489 9532
f 9489 9471 9532
f 9471 9490 9545
f 9545 9491 9504
f 9504 9473 9517
f 9517 9473 9462
f 9517 9505 9438
f 9562 9571 9447
f 9572 9408 9626
f 9408 9384 9564
f 9690 9506 9593
f 9553 9507 9554
f 9425 9523 9641
f 9508 9494 9549
f 9519 9450 9577
f 9557 9509 9622
f 9622 9509 9605
f 9606 9498 9558
f 9501 9500 9529
f 9500 9511 9529
f 9597 9551 9421
f 9421 9513 9539
f 9483 9515 9530
f 9515 9531 9570
f 9503 9487 9532
f 9462 9505 9517
f 9626 9408 9573
f 9574 9481 9592
f 9518 9533 9592
f 9643 9548 9549
f 9549 9494 9525
f 9525 9494 9550
f 9595 9537 9646
f 9646 9537 9607
f 9560 9527 9608
f 9529 9538 9501
f 9597 9421 9539
f 9615 9539 9552
f 9600 9552 9540
f 9540 9434 9483
f 9569 9603 9483
f 9530 9515 9570
f 9545 9504 9517
f 9563 9447 9572
f 9546 9556 9594
f 9535 9548 9643
f 9578 9450 9587
f 9615 9552 9567
f 9540 9483 9568
f 9483 9590 9568
f 9581 9483 9582
f 9483 9603 9582
f 9569 9483 9530
f 9570 9531 9541
f 9531 9542 9541
f 9541 9542 9542
f 9542 9542 9543
f 9542 9531 9543
f 9543 9531 9522
f 9561 9503 9532
f 9619 9517 9571
f 9592 9533 9585
f 9593 9534 9655
f 9655 9534 9554
f 9534 9553 9554
f 9524 9547 9575
f 9547 9426 9548
f 9627 9550 9672
f 9672 9550 9565
f 9536 9586 9565
f 9586 9519 9576
f 9450 9578 9577
f 9558 9537 9595
f 9608 9527 9528
f 9648 9552 9600
f 9590 9483 9581
f 9541 9542 9570
f 9542 9543 9570
f 9570 9543 9522
f 9516 9584 9711
f 9561 9532 9711
f 9471 9545 9532
f 9517 9619 9532
f 9555 9546 9594
f 9575 9547 9684
f 9525 9550 9627
f 9630 9566 9606
f 9623 9580 9501
f 9596 9551 9597
f 9589 9567 9648
f 9567 9552 9648
f 9600 9540 9601
f 9711 9649 9516
f 9532 9545 9517
f 9408 9564 9573
f 9594 9556 9524
f 9547 9548 9535
f 9587 9557 9622
f 9613 9629 9566
f 9629 9526 9566
f 9607 9520 9579
f 9651 9579 9559
f 9559 9560 9608
f 9608 9528 9623
f 9623 9528 9580
f 9623 9501 9538
f 9538 1 9631
f 9596 9609 9551
f 9614 9597 9539
f 9583 9544 9653
f 9584 9484 9711
f 9561 9711 9484
f 9606 9558 9595
f 9559 9608 9700
f 9623 9538 9631
f 9631 1 9609
f 9648 9600 9610
f 9530 9570 9653
f 9653 9570 9522
f 9711 9532 9659
f 9626 9562 9572
f 9562 9563 9572
f 9626 9573 9564
f 9639 9604 9574
f 9639 9574 9592
f 9611 9506 9690
f 9655 9554 9620
f 9523 9555 9594
f 9524 9575 9684
f 9704 9672 9565
f 9586 9576 9621
f 9519 9577 9686
f 9645 9578 9587
f 9587 9622 9628
f 9613 9566 9630
f 9675 9606 9595
f 9607 9579 9651
f 9651 9559 9638
f 9601 9540 9568
f 9603 9569 9602
f 9602 9569 9530
f 9522 9583 9653
f 9626 9564 9604
f 9690 9593 9678
f 9662 9641 9523
f 9684 9547 9636
f 9621 9576 9519
f 9587 9628 9645
f 9605 9526 9629
f 9608 9623 9647
f 9615 9567 9652
f 9652 9567 9616
f 9616 9588 9598
f 9598 9588 9588
f 9588 9588 9599
f 9588 9616 9599
f 9616 9567 9599
f 9599 9567 9633
f 9617 9648 9610
f 9571 9562 9619
f 9619 9562 9670
f 9640 9639 9592
f 9620 9554 9612
f 9594 9524 9650
f 9663 9643 9549
f 9666 9525 9644
f 9644 9525 9627
f 9519 9686 9699
f 9577 9578 9686
f 9632 9631 9609
f 9596 9597 9632
f 9598 9588 9616
f 9588 9599 9616
f 9599 9633 9616
f 9633 9567 9589
f 9589 9648 9624
f 9617 9610 9600
f 9600 9601 9618
f 9601 9568 9618
f 9590 9625 9568
f 9590 9581 9625
f 9582 9603 9625
f 9603 9602 9625
f 9602 9530 9591
f 9653 9544 9649
f 9661 9654 9626
f 9626 9604 9639
f 9640 9592 9585
f 9620 9612 9641
f 9650 9524 9684
f 9547 9535 9636
f 9663 9549 9666
f 9549 9525 9666
f 9704 9565 9685
f 9565 9586 9685
f 9686 9578 9645
f 9622 9605 9656
f 9630 9606 9675
f 9646 9607 9658
f 9658 9607 9651
f 9638 9559 9700
f 9700 9608 9647
f 9647 9623 9748
f 9632 9609 9596
f 9614 9539 9652
f 9539 9615 9652
f 9618 9568 9625
f 9581 9582 9625
f 9591 9530 9653
f 9670 9562 9654
f 9562 9626 9654
f 9661 9626 9695
f 9713 9585 9690
f 9585 9611 9690
f 9523 9594 9650
f 9642 9636 9535
f 9685 9586 9621
f 9621 9519 9699
f 9629 9613 9657
f 9675 9595 9637
f 9652 9616 9633
f 9659 9532 9635
f 9532 9619 9635
f 9678 9593 9655
f 9662 9523 9679
f 9535 9643 9671
f 9644 9627 9672
f 9687 9645 9628
f 9628 9622 9656
f 9637 9595 9646
f 9597 9614 9676
f 9617 9600 9664
f 9600 9618 9664
f 9618 9625 9664
f 9634 9653 9649
f 9635 9619 9660
f 9691 9690 9678
f 9620 9641 9696
f 9679 9523 9650
f 9665 9684 9636
f 9665 9636 9671
f 9642 9535 9671
f 9685 9621 9673
f 9630 9675 9613
f 9623 9631 9694
f 9631 9632 9694
f 9632 9706 9694
f 9706 9632 9668
f 9668 9632 9597
f 9668 9597 9676
f 9614 9652 9676
f 9689 9624 9648
f 9625 9602 9591
f 9653 9634 9709
f 9649 9711 9710
f 9695 9639 9640
f 9655 9620 9696
f 9671 9636 9642
f 9699 9673 9621
f 9686 9645 9687
f 9646 9658 9726
f 9651 9638 9700
f 9634 9649 9709
f 9660 9619 9669
f 9669 9619 9670
f 9626 9639 9695
f 9729 9679 9650
f 9667 9672 9704
f 9680 9628 9656
f 9605 9629 9736
f 9629 9657 9736
f 9717 9675 9637
f 9589 9624 9633
f 9633 9624 9689
f 9689 9648 9664
f 9617 9664 9648
f 9709 9649 9710
f 9659 9635 9660
f 9695 9640 9677
f 9713 9640 9585
f 9682 9655 9696
f 9679 9696 9641
f 9697 9650 9684
f 9666 9644 9703
f 9725 9685 9673
f 9625 9591 9708
f 9591 9653 9708
f 9711 9659 9669
f 9670 9654 9712
f 9678 9655 9682
f 9729 9650 9697
f 9671 9643 9698
f 9643 9663 9698
f 9656 9605 9722
f 9651 9700 9658
f 9623 9694 9748
f 9633 9676 9652
f 9659 9660 9669
f 9654 9661 9750
f 9641 9662 9679
f 9605 9736 9722
f 9674 9657 9613
f 9681 9700 9647
f 9705 9694 9706
f 9689 9664 9625
f 9708 9653 9709
f 9750 9661 9695
f 9684 9665 9683
f 9663 9666 9703
f 9672 9667 9644
f 9692 9674 9613
f 9762 9613 9675
f 9646 9726 9688
f 9738 9676 9633
f 9746 9711 9669
f 9669 9670 9741
f 9697 9684 9716
f 9673 9699 9725
f 9687 9628 9680
f 9657 9674 9692
f 9692 9613 9693
f 9693 9613 9762
f 9717 9637 9646
f 9726 9658 9766
f 9668 9676 9738
f 9732 9625 9707
f 9708 9728 9625
f 9712 9654 9750
f 9702 9690 9691
f 9691 9678 9682
f 9683 9716 9684
f 9721 9704 9685
f 9793 9686 9735
f 9735 9686 9776
f 9776 9686 9687
f 9687 9680 9722
f 9736 9657 9692
f 9762 9675 9717
f 9717 9646 9688
f 9700 9681 9777
f 9705 9748 9694
f 9689 9625 9732
f 9724 9677 9640
f 9717 9688 9772
f 9773 9766 9658
f 9658 9700 9744
f 9777 9681 9647
f 9727 9647 9748
f 9701 9706 9668
f 9738 9633 9739
f 9633 9689 9739
f 9740 9708 9709
f 9784 9750 9695
f 9695 9677 9724
f 9713 9690 9702
f 9691 9682 9715
f 9720 9729 9697
f 9698 9663 9703
f 9699 9686 9793
f 9776 9687 9761
f 9680 9656 9722
f 9777 9647 9727
f 9706 9701 9718
f 9707 9625 9728
f 9741 9783 9669
f 9724 9713 9702
f 9702 9691 9714
f 9714 9691 9733
f 9682 9696 9715
f 9696 9679 9729
f 9775 9665 9730
f 9665 9671 9730
f 9671 9698 9743
f 9703 9644 9721
f 9644 9667 9721
f 9721 9667 9704
f 9687 9757 9761
f 9744 9700 9777
f 9718 9701 9668
f 9739 9689 9732
f 9746 9669 9723
f 9755 9691 9715
f 9720 9697 9716
f 9683 9665 9775
f 9757 9687 9722
f 9737 9727 9748
f 9705 9706 9718
f 9732 9707 9728
f 9728 9708 9740
f 9709 9710 9740
f 9740 9710 9746
f 9710 9711 9746
f 9783 9723 9669
f 9698 9703 9731
f 9764 9699 9793
f 9762 9717 9772
f 9773 9658 9744
f 9718 9668 9719
f 9719 9668 9738
f 9670 9712 9750
f 9754 9784 9695
f 9640 9713 9724
f 9715 9696 9734
f 9731 9703 9759
f 9757 9722 9736
f 9803 9692 9693
f 9737 9748 9747
f 9748 9705 9752
f 9705 9718 9758
f 9719 9738 9718
f 9741 9670 9769
f 9769 9670 9750
f 9754 9695 9724
f 9702 9714 9733
f 9696 9729 9734
f 9742 9729 9720
f 9743 9698 9787
f 9759 9703 9721
f 9760 9685 9725
f 9766 9688 9726
f 9752 9705 9749
f 9691 9755 9733
f 9742 9720 9716
f 9775 9716 9683
f 9787 9698 9731
f 9721 9685 9760
f 9760 9725 9779
f 9777 9727 9737
f 9749 9705 9758
f 9745 9718 9738
f 9820 9728 9813
f 9728 9740 9813
f 9734 9729 9742
f 9730 9671 9756
f 9731 9759 9771
f 9739 9732 9774
f 9746 9723 9768
f 9723 9783 9805
f 9724 9702 9785
f 9755 9715 9751
f 9715 9734 9742
f 9742 9716 9792
f 9775 9730 9756
f 9725 9699 9779
f 9735 9776 9793
f 9757 9736 9765
f 9765 9736 9692
f 9753 9738 9782
f 9738 9739 9782
f 9783 9741 9769
f 9810 9769 9750
f 9806 9702 9755
f 9702 9733 9755
f 9792 9716 9775
f 9671 9743 9770
f 9759 9721 9760
f 9765 9692 9803
f 9772 9688 9766
f 9795 9777 9747
f 9777 9737 9747
f 9753 9758 9718
f 9718 9745 9753
f 9745 9738 9753
f 9732 9728 9774
f 9778 9746 9768
f 9754 9724 9785
f 9785 9702 9806
f 9756 9671 9770
f 9832 9831 9761
f 9767 9744 9777
f 9747 9748 9795
f 9812 9748 9752
f 9752 9749 9758
f 9782 9739 9823
f 9740 9746 9778
f 9810 9750 9784
f 9715 9742 9792
f 9802 9779 9699
f 9699 9764 9802
f 9803 9693 9788
f 9773 9744 9767
f 9795 9748 9812
f 9752 9758 9799
f 9818 9806 9755
f 9770 9743 9787
f 9839 9771 9759
f 9793 9776 9831
f 9761 9757 9780
f 9772 9766 9794
f 9791 9769 9810
f 9818 9755 9751
f 9792 9751 9715
f 9792 9775 9800
f 9759 9760 9763
f 9776 9761 9831
f 9798 9761 9780
f 9788 9693 9762
f 9794 9766 9773
f 9812 9752 9799
f 9758 9753 9799
f 9823 9739 9774
f 9813 9740 9778
f 9784 9754 9785
f 9821 9775 9787
f 9787 9775 9770
f 9775 9756 9770
f 9839 9759 9801
f 9759 9763 9801
f 9763 9760 9801
f 9760 9779 9802
f 9832 9761 9798
f 9757 9765 9781
f 9790 9777 9795
f 9774 9728 9820
f 9768 9723 9805
f 9783 9769 9805
f 9796 9810 9784
f 9797 9784 9785
f 9786 9785 9806
f 9787 9731 9850
f 9731 9771 9850
f 9780 9757 9826
f 9781 9765 9803
f 9762 9772 9794
f 9794 9773 9811
f 9811 9773 9789
f 9753 9782 9845
f 9823 9774 9808
f 9825 9778 9804
f 9804 9778 9768
f 9805 9769 9791
f 9784 9797 9814
f 9801 9760 9802
f 9764 9793 9831
f 9826 9757 9781
f 9790 9773 9767
f 9767 9777 9790
f 9797 9785 9786
f 9803 9788 9794
f 9788 9762 9794
f 9789 9773 9790
f 9845 9782 9823
f 9810 9796 9814
f 9796 9784 9814
f 9827 9751 9792
f 9764 9831 9819
f 9813 9778 9825
f 9809 9805 9791
f 9818 9751 9827
f 9815 9771 9839
f 9781 9803 9851
f 9817 9794 9811
f 9790 9795 9807
f 9812 9799 9848
f 9835 9823 9808
f 9808 9774 9835
f 9838 9800 9775
f 9850 9771 9815
f 9840 9802 9764
f 9780 9826 9822
f 9803 9794 9833
f 9817 9833 9794
f 9835 9774 9820
f 9846 9768 9805
f 9792 9800 9838
f 9838 9775 9828
f 9828 9775 9821
f 9821 9787 9829
f 9787 9850 9829
f 9839 9801 9863
f 9851 9803 9833
f 9811 9789 9842
f 9862 9789 9834
f 9807 9795 9812
f 9825 9804 9768
f 9836 9791 9810
f 9786 9806 9797
f 9797 9806 9827
f 9837 9827 9792
f 9792 9838 9837
f 9801 9802 9863
f 9817 9811 9842
f 9842 9789 9862
f 9790 9807 9812
f 9799 9753 9845
f 9820 9813 9825
f 9840 9764 9819
f 9816 9798 9780
f 9841 9781 9851
f 9846 9805 9858
f 9858 9805 9809
f 9810 9814 9797
f 9827 9806 9818
f 9863 9802 9840
f 9826 9781 9841
f 9833 9817 9844
f 9835 9820 9884
f 9809 9791 9836
f 9810 9797 9836
f 9836 9797 9827
f 9815 9839 9872
f 9832 9798 9816
f 9816 9780 9822
f 9789 9790 9834
f 9790 9812 9848
f 9848 9799 9845
f 9884 9820 9824
f 9824 9820 9825
f 9827 9837 9865
f 9840 9819 9831
f 9816 9822 9826
f 9844 9851 9833
f 9844 9817 9842
f 9823 9835 9845
f 9846 9825 9768
f 9837 9838 9856
f 9828 9821 9829
f 9872 9839 9830
f 9879 9840 9831
f 9831 9832 9879
f 9790 9848 9834
f 9848 9845 9849
f 9845 9835 9853
f 9882 9836 9843
f 9838 9828 9829
f 9872 9829 9850
f 9850 9815 9872
f 9866 9863 9840
f 9826 9841 9854
f 9845 9857 9868
f 9853 9835 9884
f 9884 9824 9877
f 9809 9836 9847
f 9843 9836 9827
f 9865 9837 9856
f 9856 9838 9829
f 9855 9834 9852
f 9858 9809 9847
f 9882 9843 9827
f 9830 9839 9863
f 9880 9841 9851
f 9834 9848 9852
f 9849 9845 9868
f 9827 9865 9860
f 9889 9816 9854
f 9816 9826 9854
f 9873 9841 9880
f 9851 9844 9842
f 9891 9834 9855
f 9848 9849 9868
f 9881 9853 9884
f 9824 9825 9846
f 9878 9846 9858
f 9858 9847 9859
f 9847 9836 9882
f 9882 9827 9860
f 9872 9830 9861
f 9861 9830 9898
f 9880 9842 9862
f 9855 9852 9848
f 9845 9853 9881
f 9824 9846 9877
f 9871 9858 9859
f 9879 9832 9889
f 9832 9816 9889
f 9880 9851 9842
f 9862 9834 9880
f 9891 9855 9848
f 9857 9845 9881
f 9874 9847 9882
f 9887 9860 9865
f 9829 9869 9856
f 9898 9830 9863
f 9866 9840 9879
f 9893 9854 9841
f 9880 9834 9875
f 9875 9834 9891
f 9868 9857 9881
f 9878 9858 9871
f 9871 9859 9847
f 9869 9829 9872
f 9864 9872 9898
f 9872 9861 9898
f 9863 9866 9888
f 9893 9841 9873
f 9867 9891 9868
f 9891 9848 9868
f 9898 9863 9910
f 9885 9877 9846
f 9882 9860 9887
f 9872 9864 9901
f 9910 9863 9888
f 9888 9866 9879
f 9885 9846 9878
f 9871 9847 9886
f 9870 9865 9869
f 9865 9856 9869
f 9869 9872 9870
f 9872 9883 9870
f 9868 9899 9876
f 9899 9868 9881
f 9892 9865 9870
f 9909 9883 9872
f 9889 9854 9893
f 9893 9873 9880
f 9867 9868 9876
f 9886 9847 9897
f 9897 9847 9874
f 9887 9865 9903
f 9909 9872 9901
f 9875 9891 9890
f 9874 9882 9887
f 9901 9864 9898
f 9879 9889 9904
f 9893 9880 9894
f 9890 9891 9867
f 9867 9876 9899
f 9899 9881 9895
f 9900 9877 9896
f 9885 9878 9871
f 9903 9865 9892
f 9888 9879 9904
f 9902 9889 9893
f 9894 9880 9905
f 9884 9877 9900
f 9885 9871 9886
f 9870 9883 9909
f 9898 9910 9901
f 9880 9875 9906
f 9906 9875 9890
f 9912 9881 9884
f 9877 9885 9908
f 9885 9886 9897
f 9874 9887 9903
f 9909 9892 9870
f 9910 9888 9904
f 9902 9893 9922
f 9905 9880 9906
f 9907 9899 9895
f 9912 9884 9900
f 9897 9874 9911
f 9915 9922 9893
f 9890 9867 9907
f 9896 9877 9921
f 9908 9885 9897
f 9893 9894 9919
f 9907 9867 9899
f 9920 9895 9881
f 9912 9900 9896
f 9911 9903 9913
f 9920 9881 9912
f 9877 9908 9921
f 9908 9897 9925
f 9903 9892 9909
f 9909 9901 9917
f 9918 9910 9914
f 9914 9910 9904
f 9914 9904 9889
f 9889 9902 9914
f 9919 9894 9905
f 9906 9890 9907
f 9874 9903 9911
f 9916 9913 9903
f 9915 9893 9919
f 9920 9907 9895
f 9897 9911 9925
f 9916 9903 9909
f 9917 9901 9910
f 9914 9902 9922
f 9906 9907 9920
f 9912 9896 9921
f 9916 9909 9917
f 9917 9910 9918
f 9912 9921 9927
f 9925 9911 9913
f 9918 9914 9922
f 9924 9915 9919
f 9921 9908 9923
f 9908 9925 9923
f 9922 9915 9924
f 9905 9906 9920
f 9913 9916 9925
f 9925 9916 9928
f 9916 9917 9928
f 9917 9918 9928
f 9928 9918 9922
f 9927 9920 9912
f 9919 9905 9929
f 9927 9921 9923
f 9905 9920 9929
f 9929 9920 9927
f 9926 9929 9927
f 9927 9923 9925
f 9922 9924 9928
f 9924 9919 9929
f 9928 9924 9929
f 9927 9925 9928
f 9929 9926 9928
f 9926 9927 9928

